location_id,latitude,longitude,elevation,utc_offset_seconds,timezone,timezone_abbreviation
0,13.743409,100.495865,4.0,0,GMT,GMT
1,18.80492,99.02655,313.0,0,GMT,GMT
2,19.9297,99.8002,397.0,0,GMT,GMT
3,19.578207,97.96223,1141.0,0,GMT,GMT
4,7.908612,98.37031,6.0,0,GMT,GMT
5,8.04921,98.92308,36.0,0,GMT,GMT
6,9.525483,100.02611,443.0,0,GMT,GMT
7,10.087873,99.85977,148.0,0,GMT,GMT
8,12.899824,100.953674,13.0,0,GMT,GMT
9,12.54833,99.92767,11.0,0,GMT,GMT
10,14.376099,100.583336,6.0,0,GMT,GMT

location_id,time,temperature_2m_max (°F),temperature_2m_min (°F),precipitation_sum (inch),relative_humidity_2m_mean (%),temperature_2m_mean (°F),rain_sum (inch),wind_speed_10m_max (mp/h),wind_gusts_10m_max (mp/h)
0,2025-01-01,92.4,72.2,0.000,49,82.1,0.000,4.3,15.0
0,2025-01-02,92.6,71.5,0.000,46,82.7,0.000,6.8,18.6
0,2025-01-03,92.4,72.8,0.000,50,82.5,0.000,7.2,19.0
0,2025-01-04,92.9,72.3,0.000,44,82.6,0.000,4.9,14.8
0,2025-01-05,90.4,69.7,0.000,43,80.5,0.000,6.9,18.1
0,2025-01-06,90.4,68.9,0.000,42,80.2,0.000,4.8,13.9
0,2025-01-07,91.8,69.8,0.000,44,82.0,0.000,4.3,15.7
0,2025-01-08,93.4,73.1,0.000,43,84.3,0.000,5.4,17.4
0,2025-01-09,93.0,74.3,0.000,47,83.9,0.000,8.1,23.0
0,2025-01-10,87.9,71.9,0.000,50,80.9,0.000,9.6,26.4
0,2025-01-11,86.2,67.0,0.000,47,77.3,0.000,9.2,24.8
0,2025-01-12,84.2,65.7,0.000,46,74.2,0.000,7.1,16.8
0,2025-01-13,84.9,65.3,0.000,43,75.4,0.000,5.4,16.1
0,2025-01-14,88.6,65.3,0.000,42,77.9,0.000,7.0,16.6
0,2025-01-15,94.2,69.1,0.000,46,83.2,0.000,9.4,24.6
0,2025-01-16,91.2,73.8,0.000,48,82.5,0.000,7.9,19.9
0,2025-01-17,90.1,71.6,0.000,45,81.0,0.000,8.3,19.9
0,2025-01-18,92.8,70.2,0.000,40,81.5,0.000,6.1,18.8
0,2025-01-19,92.4,69.5,0.000,39,81.7,0.000,5.0,15.9
0,2025-01-20,93.5,70.7,0.000,42,82.0,0.000,3.2,12.8
0,2025-01-21,93.5,71.9,0.000,44,82.2,0.000,4.6,15.9
0,2025-01-22,94.4,71.8,0.000,43,82.9,0.000,4.5,15.2
0,2025-01-23,95.5,73.3,0.000,45,83.2,0.000,6.8,18.6
0,2025-01-24,96.8,73.2,0.000,50,83.8,0.000,5.7,17.7
0,2025-01-25,96.4,73.0,0.000,62,83.5,0.000,7.7,22.1
0,2025-01-26,97.4,74.6,0.008,64,84.7,0.008,8.8,21.5
0,2025-01-27,84.9,72.6,0.000,48,78.5,0.000,11.3,27.7
0,2025-01-28,87.3,71.9,0.000,44,79.4,0.000,7.9,22.8
0,2025-01-29,87.4,70.9,0.000,46,79.7,0.000,7.3,22.1
0,2025-01-30,91.8,71.2,0.000,47,81.4,0.000,5.5,17.9
0,2025-01-31,94.6,71.7,0.000,50,82.7,0.000,7.4,20.8
0,2025-02-01,96.2,73.5,0.000,53,83.8,0.000,9.1,24.6
0,2025-02-02,96.2,73.9,0.000,59,84.4,0.000,7.0,21.0
0,2025-02-03,95.5,75.0,0.000,64,85.0,0.000,6.8,19.9
0,2025-02-04,93.1,76.7,0.039,59,84.5,0.039,8.0,21.9
0,2025-02-05,94.9,76.1,0.000,61,83.8,0.000,6.4,19.7
0,2025-02-06,93.0,76.3,0.000,68,83.7,0.000,7.1,20.4
0,2025-02-07,91.2,76.5,0.004,64,84.5,0.004,5.6,18.6
0,2025-02-08,94.0,75.2,0.000,45,85.2,0.000,8.4,23.7
0,2025-02-09,90.6,72.6,0.000,44,81.9,0.000,8.7,24.6
0,2025-02-10,92.9,72.2,0.000,44,82.8,0.000,4.1,15.7
0,2025-02-11,96.8,73.0,0.000,42,85.1,0.000,4.1,13.6
0,2025-02-12,99.3,74.4,0.000,42,86.8,0.000,8.0,21.5
0,2025-02-13,98.2,76.9,0.000,54,86.8,0.000,9.3,25.1
0,2025-02-14,95.1,77.0,0.000,66,84.9,0.000,6.6,19.5
0,2025-02-15,98.6,77.0,0.000,53,86.9,0.000,7.1,20.4
0,2025-02-16,99.1,77.5,0.000,62,86.7,0.000,9.4,25.3
0,2025-02-17,89.8,77.4,0.181,74,83.5,0.181,8.2,20.8
0,2025-02-18,89.4,73.0,0.689,78,81.0,0.689,7.2,21.7
0,2025-02-19,90.2,73.0,0.406,82,80.1,0.406,5.2,20.6
0,2025-02-20,90.2,73.9,0.020,74,82.9,0.020,5.7,15.0
0,2025-02-21,90.3,73.7,0.209,80,81.1,0.209,8.1,23.3
0,2025-02-22,94.6,74.4,0.071,67,84.2,0.071,7.7,16.3
0,2025-02-23,96.6,76.3,0.197,63,85.5,0.197,8.3,23.5
0,2025-02-24,82.2,73.6,0.394,80,77.3,0.394,6.5,22.4
0,2025-02-25,83.9,71.4,0.059,74,76.9,0.059,8.4,18.6
0,2025-02-26,90.8,71.2,0.000,66,82.0,0.000,5.5,17.4
0,2025-02-27,95.0,75.3,0.004,62,85.6,0.004,5.6,17.7
0,2025-02-28,97.1,78.3,0.047,67,86.1,0.047,6.3,20.6
0,2025-03-01,94.1,79.6,0.004,73,85.8,0.004,6.6,19.2
0,2025-03-02,96.1,80.7,0.000,71,86.7,0.000,7.1,20.1
0,2025-03-03,94.2,81.3,0.000,72,86.4,0.000,7.9,23.0
0,2025-03-04,94.5,81.0,0.000,68,86.4,0.000,8.2,23.7
0,2025-03-05,96.1,80.1,0.000,72,86.4,0.000,7.1,20.4
0,2025-03-06,95.0,80.6,0.000,71,86.3,0.000,7.7,21.7
0,2025-03-07,92.7,75.5,0.283,79,81.0,0.283,9.7,26.8
0,2025-03-08,91.0,74.9,0.000,69,82.0,0.000,7.5,20.1
0,2025-03-09,93.7,74.8,0.000,58,85.4,0.000,6.0,18.3
0,2025-03-10,98.1,78.6,0.000,50,89.9,0.000,7.0,21.0
0,2025-03-11,98.7,81.1,0.091,64,88.0,0.091,6.8,19.2
0,2025-03-12,95.5,81.8,0.020,66,87.7,0.020,7.3,21.3
0,2025-03-13,94.5,80.7,0.287,72,85.5,0.287,7.7,21.9
0,2025-03-14,95.3,81.1,0.024,68,87.0,0.024,6.9,21.0
0,2025-03-15,95.7,81.6,0.004,68,87.9,0.004,6.0,17.7
0,2025-03-16,98.1,82.0,0.012,69,88.0,0.012,5.8,19.0
0,2025-03-17,94.6,79.3,0.169,74,85.1,0.169,7.0,21.0
0,2025-03-18,94.6,78.9,0.055,63,87.2,0.055,6.7,22.1
0,2025-03-19,94.5,74.4,0.000,48,84.7,0.000,9.3,25.9
0,2025-03-20,92.8,72.8,0.000,47,82.9,0.000,5.9,16.8
0,2025-03-21,92.5,73.1,0.000,46,83.9,0.000,5.9,18.3
0,2025-03-22,97.1,76.1,0.000,49,86.9,0.000,5.3,18.1
0,2025-03-23,100.1,78.1,0.000,50,88.7,0.000,8.9,23.5
0,2025-03-24,98.7,79.9,0.031,62,88.1,0.031,6.7,21.0
0,2025-03-25,98.1,81.4,0.000,68,88.1,0.000,7.9,21.3
0,2025-03-26,97.5,82.7,0.114,71,87.8,0.114,7.6,20.6
0,2025-03-27,96.8,81.4,0.028,68,87.8,0.028,7.5,20.1
0,2025-03-28,101.4,81.6,0.000,54,89.2,0.000,8.4,22.6
0,2025-03-29,98.2,82.9,0.012,62,89.3,0.012,8.0,23.3
0,2025-03-30,94.4,75.5,0.626,76,84.0,0.626,7.3,20.1
0,2025-03-31,88.6,74.7,0.665,85,80.8,0.665,7.0,20.4
0,2025-04-01,89.8,77.2,0.055,81,83.1,0.055,4.4,15.0
0,2025-04-02,91.5,78.5,0.091,77,83.8,0.091,6.8,18.6
0,2025-04-03,94.6,79.3,0.008,73,85.2,0.008,7.0,17.9
0,2025-04-04,92.4,79.9,0.024,70,86.1,0.024,7.6,20.6
0,2025-04-05,93.4,81.1,0.016,70,86.3,0.016,8.7,24.4
0,2025-04-06,95.7,82.0,0.000,66,87.5,0.000,7.8,23.3
0,2025-04-07,93.5,79.3,0.079,77,84.4,0.079,8.0,22.8
0,2025-04-08,93.1,80.0,0.079,77,85.2,0.079,7.9,22.1
0,2025-04-09,92.2,76.6,0.024,75,85.0,0.024,7.3,20.6
0,2025-04-10,88.3,77.3,0.122,82,83.0,0.122,6.4,16.3
0,2025-04-11,91.9,77.6,0.224,79,84.1,0.224,7.6,19.0
0,2025-04-12,94.3,78.6,0.031,66,87.2,0.031,8.1,23.0
0,2025-04-13,97.5,76.0,0.173,66,88.2,0.173,7.0,23.0
0,2025-04-14,90.0,77.8,0.335,80,82.6,0.335,6.6,19.2
0,2025-04-15,96.7,78.9,0.240,76,84.7,0.240,7.9,25.7
0,2025-04-16,87.0,79.2,0.547,86,82.6,0.547,5.2,15.4
0,2025-04-17,93.7,78.2,0.118,77,84.8,0.118,6.8,17.2
0,2025-04-18,94.5,79.3,0.224,74,85.6,0.224,6.7,20.8
0,2025-04-19,96.3,79.8,0.157,71,87.3,0.157,7.0,22.4
0,2025-04-20,96.6,83.7,0.008,63,89.2,0.008,8.9,25.1
0,2025-04-21,97.8,82.9,0.000,60,89.6,0.000,7.7,23.0
0,2025-04-22,97.3,82.7,0.000,62,89.5,0.000,9.2,25.1
0,2025-04-23,100.1,83.8,0.028,62,89.5,0.028,7.5,23.9
0,2025-04-24,96.6,83.3,0.000,64,89.5,0.000,9.2,22.8
0,2025-04-25,101.7,84.5,0.004,61,91.0,0.004,8.9,21.7
0,2025-04-26,95.9,84.5,0.094,68,88.3,0.094,10.1,28.4
0,2025-04-27,90.9,80.0,0.354,78,84.1,0.354,8.7,23.3
0,2025-04-28,95.3,78.8,0.031,69,86.6,0.031,7.4,22.4
0,2025-04-29,93.9,79.7,0.071,64,87.0,0.071,5.7,14.3
0,2025-04-30,100.3,75.8,1.287,68,87.3,1.287,8.4,24.2
0,2025-05-01,92.7,77.9,0.157,78,85.5,0.157,4.5,13.0
0,2025-05-02,93.2,77.9,0.161,80,84.5,0.161,5.3,14.3
0,2025-05-03,88.8,78.4,0.043,84,82.7,0.043,4.9,12.8
0,2025-05-04,91.6,80.9,0.063,78,85.1,0.063,4.6,13.2
0,2025-05-05,91.8,80.6,0.004,77,85.7,0.004,7.1,17.9
0,2025-05-06,89.4,79.8,0.264,83,84.0,0.264,6.9,19.0
0,2025-05-07,90.1,80.9,0.114,79,85.0,0.114,7.1,19.0
0,2025-05-08,95.5,81.3,0.134,77,86.7,0.134,7.6,18.3
0,2025-05-09,94.9,81.5,0.193,74,87.7,0.193,6.2,13.9
0,2025-05-10,96.4,77.0,1.220,81,83.5,1.220,5.6,17.4
0,2025-05-11,88.9,75.7,0.394,86,81.9,0.394,6.0,17.0
0,2025-05-12,89.3,75.7,0.406,86,80.6,0.406,6.3,19.5
0,2025-05-13,86.6,75.7,0.626,85,81.2,0.626,5.1,14.8
0,2025-05-14,87.1,77.1,0.571,87,81.1,0.571,9.0,22.4
0,2025-05-15,87.4,76.7,0.228,87,81.4,0.228,5.6,15.9
0,2025-05-16,89.4,78.4,0.496,88,82.6,0.496,4.6,18.1
0,2025-05-17,88.8,78.3,0.815,88,82.3,0.815,6.4,18.1
0,2025-05-18,90.8,79.2,0.004,82,84.5,0.004,4.9,12.8
0,2025-05-19,89.3,80.6,0.071,83,84.4,0.071,6.5,18.6
0,2025-05-20,90.2,81.3,0.024,78,85.3,0.024,4.7,12.8
0,2025-05-21,87.7,79.7,0.276,85,83.6,0.276,7.0,17.9
0,2025-05-22,90.9,80.2,0.134,79,85.0,0.134,6.2,15.9
0,2025-05-23,93.8,78.9,0.142,78,84.9,0.142,7.5,17.7
0,2025-05-24,91.0,76.3,0.390,82,83.0,0.390,7.3,19.9
0,2025-05-25,88.4,77.5,0.528,86,81.8,0.528,8.3,19.5
0,2025-05-26,86.5,78.4,0.417,87,81.1,0.417,8.9,20.4
0,2025-05-27,85.6,79.0,0.079,86,82.1,0.079,6.7,18.3
0,2025-05-28,90.1,80.2,0.102,82,84.4,0.102,5.7,15.4
0,2025-05-29,88.5,81.5,0.157,83,84.1,0.157,6.5,19.2
0,2025-05-30,87.8,80.8,0.646,85,83.0,0.646,9.6,21.5
0,2025-05-31,87.4,78.4,0.287,86,82.3,0.287,9.2,24.8
0,2025-06-01,89.3,80.1,0.646,80,83.5,0.646,7.8,23.0
0,2025-06-02,89.1,78.4,0.335,83,83.0,0.335,8.6,23.5
0,2025-06-03,88.3,78.4,0.000,81,82.9,0.000,7.9,20.1
0,2025-06-04,92.8,79.0,0.252,79,84.3,0.252,6.9,20.4
0,2025-06-05,93.7,79.6,0.142,76,84.7,0.142,7.0,18.3
0,2025-06-06,93.3,79.5,0.016,76,85.7,0.016,6.1,17.2
0,2025-06-07,93.7,78.3,0.319,78,84.6,0.319,9.2,21.5
0,2025-06-08,90.9,79.7,0.043,78,85.3,0.043,7.2,18.1
0,2025-06-09,90.7,78.8,0.079,79,83.8,0.079,8.0,22.8
0,2025-06-10,91.1,78.3,0.028,75,84.4,0.028,7.7,18.8
0,2025-06-11,91.5,78.1,0.083,77,83.9,0.083,5.3,19.9
0,2025-06-12,91.6,78.0,0.236,81,82.7,0.236,9.2,24.6
0,2025-06-13,86.1,79.4,0.193,85,81.8,0.193,7.6,23.9
0,2025-06-14,87.4,78.5,0.520,86,81.7,0.520,9.5,27.1
0,2025-06-15,88.0,77.6,0.059,82,82.4,0.059,7.6,18.1
0,2025-06-16,90.7,77.4,0.051,77,83.6,0.051,7.0,18.3
0,2025-06-17,91.7,77.5,0.189,77,84.1,0.189,6.0,18.6
0,2025-06-18,92.2,78.4,0.110,76,84.0,0.110,5.5,18.1
0,2025-06-19,90.4,77.5,0.539,81,82.7,0.539,6.9,17.7
0,2025-06-20,89.0,78.1,0.071,77,83.0,0.071,6.6,21.5
0,2025-06-21,91.3,77.8,0.827,80,83.2,0.827,6.3,19.2
0,2025-06-22,90.1,77.5,0.205,76,83.4,0.205,8.9,23.9
0,2025-06-23,90.5,77.9,0.217,79,82.8,0.217,8.9,24.6
0,2025-06-24,87.5,78.2,0.071,78,82.7,0.071,7.1,18.6
0,2025-06-25,89.7,78.0,0.217,81,83.1,0.217,6.5,19.2
0,2025-06-26,90.5,75.7,0.260,74,83.1,0.260,7.6,19.5
0,2025-06-27,88.7,76.1,0.528,81,81.3,0.528,6.6,21.5
0,2025-06-28,85.2,77.2,0.386,85,80.4,0.386,5.9,19.2
0,2025-06-29,86.7,76.2,0.528,85,80.5,0.528,5.8,22.1
0,2025-06-30,85.5,78.3,0.118,82,81.1,0.118,7.6,20.4
0,2025-07-01,88.0,76.6,0.791,85,80.9,0.791,6.2,20.4
0,2025-07-02,82.9,76.9,0.406,89,79.2,0.406,7.6,17.4
0,2025-07-03,87.2,76.4,0.657,85,80.3,0.657,6.4,17.0
0,2025-07-04,88.8,77.8,0.409,80,82.0,0.409,6.7,22.1
0,2025-07-05,90.3,76.8,0.189,80,81.7,0.189,8.7,23.3
0,2025-07-06,88.4,78.6,0.126,81,82.3,0.126,5.8,21.5
0,2025-07-07,87.2,78.0,0.185,83,82.5,0.185,7.1,23.0
0,2025-07-08,85.8,77.1,0.472,89,80.7,0.472,7.5,23.3
0,2025-07-09,87.1,77.2,0.138,82,82.4,0.138,6.6,20.1
0,2025-07-10,89.3,77.4,0.098,79,82.8,0.098,8.7,25.3
0,2025-07-11,87.6,77.5,0.067,77,82.5,0.067,8.9,25.1
0,2025-07-12,90.9,78.4,0.437,78,83.2,0.437,6.3,21.7
0,2025-07-13,91.2,78.4,0.657,83,83.6,0.657,4.9,18.8
0,2025-07-14,89.4,79.0,0.071,83,83.3,0.071,6.9,18.6
0,2025-07-15,89.2,79.0,0.295,83,83.7,0.295,6.9,16.3
0,2025-07-16,87.4,77.5,0.177,85,81.7,0.177,8.4,19.5
0,2025-07-17,88.1,78.6,0.283,86,81.6,0.283,6.1,16.1
0,2025-07-18,86.3,78.1,0.094,82,82.0,0.094,7.8,21.7
0,2025-07-19,88.6,78.3,0.508,84,81.7,0.508,7.8,23.0
0,2025-07-20,87.4,77.8,0.303,86,80.5,0.303,8.0,26.2
0,2025-07-21,85.3,77.5,0.118,85,80.7,0.118,8.3,28.9
0,2025-07-22,84.7,78.6,0.299,86,80.4,0.299,9.2,23.7
0,2025-07-23,86.2,79.9,0.083,82,82.1,0.083,7.9,29.1
0,2025-07-24,88.7,79.0,0.004,79,83.4,0.004,8.2,23.7
0,2025-07-25,90.3,78.7,0.051,75,84.3,0.051,9.4,23.9
0,2025-07-26,89.9,77.6,0.177,79,83.3,0.177,8.6,25.5
0,2025-07-27,86.5,79.2,0.055,84,82.4,0.055,6.2,19.0
0,2025-07-28,85.4,79.3,0.807,85,82.2,0.807,7.7,25.3
0,2025-07-29,87.4,79.2,0.244,83,82.7,0.244,8.5,25.3
0,2025-07-30,90.0,77.3,0.224,83,81.6,0.224,8.1,21.3
0,2025-07-31,90.8,77.7,0.114,77,83.9,0.114,7.0,21.9
0,2025-08-01,91.7,78.0,0.031,76,84.5,0.031,7.5,20.8
0,2025-08-02,92.1,78.8,0.000,75,85.4,0.000,6.7,17.2
0,2025-08-03,93.6,78.7,0.000,74,85.8,0.000,8.3,20.1
0,2025-08-04,95.4,80.1,0.000,70,87.2,0.000,7.4,18.3
0,2025-08-05,95.5,80.5,0.008,67,87.7,0.008,6.3,20.8
0,2025-08-06,95.9,79.0,0.374,76,84.4,0.374,7.9,21.5
0,2025-08-07,91.7,79.1,0.016,77,84.7,0.016,8.8,24.2
0,2025-08-08,90.1,78.9,0.110,76,83.8,0.110,10.2,20.6
0,2025-08-09,94.4,78.6,0.067,72,84.9,0.067,9.6,27.1
0,2025-08-10,93.2,79.6,0.024,67,85.7,0.024,9.1,27.1
0,2025-08-11,87.9,77.3,0.417,80,82.0,0.417,7.0,21.3
0,2025-08-12,89.3,77.2,0.043,78,83.1,0.043,7.7,20.6
0,2025-08-13,89.0,76.0,0.193,77,82.3,0.193,6.2,17.2
0,2025-08-14,91.7,76.9,0.122,76,83.1,0.122,7.4,20.1
0,2025-08-15,89.2,77.5,0.575,81,82.0,0.575,9.5,21.7
0,2025-08-16,84.7,75.5,0.307,86,79.5,0.307,6.8,18.8
0,2025-08-17,83.8,75.3,0.047,80,79.8,0.047,5.8,12.1
0,2025-08-18,89.9,76.9,0.205,82,80.9,0.205,6.8,18.1
0,2025-08-19,85.8,76.3,0.291,85,80.9,0.291,5.1,18.6
0,2025-08-20,91.7,77.5,0.039,78,83.1,0.039,8.1,20.1
0,2025-08-21,92.3,75.8,0.528,81,82.3,0.528,8.5,19.7
0,2025-08-22,85.9,76.6,0.744,88,79.6,0.744,8.0,21.0
0,2025-08-23,88.3,75.8,0.728,84,80.0,0.728,8.0,21.7
0,2025-08-24,87.7,76.5,0.524,84,80.4,0.524,6.0,20.1
0,2025-08-25,87.4,76.6,0.469,84,80.7,0.469,7.6,21.9
0,2025-08-26,86.2,76.8,0.657,84,80.2,0.657,8.4,24.4
0,2025-08-27,86.3,76.4,0.079,81,80.5,0.079,6.0,22.8
0,2025-08-28,88.8,77.0,0.059,76,82.3,0.059,9.0,25.1
0,2025-08-29,91.6,77.9,0.000,71,84.1,0.000,8.4,22.8
0,2025-08-30,92.0,77.5,0.059,76,83.6,0.059,8.4,21.9
0,2025-08-31,87.3,75.6,0.528,88,80.1,0.528,6.3,20.6
0,2025-09-01,88.0,77.2,0.311,83,82.1,0.311,7.4,15.7
0,2025-09-02,87.3,78.4,0.130,82,82.2,0.130,4.8,16.1
0,2025-09-03,87.5,76.9,0.102,83,81.0,0.102,6.0,16.1
0,2025-09-04,86.9,76.6,0.520,88,80.5,0.520,6.3,14.5
0,2025-09-05,90.1,77.7,0.098,83,81.9,0.098,5.7,15.9
0,2025-09-06,88.8,76.3,0.728,88,81.1,0.728,4.4,16.8
0,2025-09-07,87.8,76.3,0.969,88,80.7,0.969,5.9,16.8
0,2025-09-08,84.6,77.4,0.768,88,79.8,0.768,7.5,21.0
0,2025-09-09,85.5,75.9,0.677,87,80.2,0.677,9.8,24.2
0,2025-09-10,83.6,76.8,0.118,88,79.7,0.118,7.1,16.1
0,2025-09-11,88.5,78.2,0.043,83,82.9,0.043,4.5,14.5
0,2025-09-12,89.7,77.1,0.398,86,82.4,0.398,4.9,13.6
0,2025-09-13,91.7,75.6,0.142,83,82.4,0.142,4.9,15.0
0,2025-09-14,86.4,76.5,0.091,85,81.0,0.091,5.6,16.1
0,2025-09-15,87.9,76.3,0.161,84,81.2,0.161,7.6,19.5
0,2025-09-16,88.7,77.8,0.016,84,81.8,0.016,5.4,13.4
0,2025-09-17,89.3,76.8,0.543,86,81.4,0.543,6.0,18.3
0,2025-09-18,89.2,77.1,0.283,84,81.4,0.283,6.4,17.7
0,2025-09-19,85.4,78.3,0.307,85,80.9,0.307,9.0,19.9
0,2025-09-20,87.0,78.9,0.173,81,82.6,0.173,8.2,23.3
0,2025-09-21,87.6,77.2,0.677,80,82.2,0.677,6.8,22.1
0,2025-09-22,89.1,78.4,0.098,77,83.2,0.098,6.4,21.7
0,2025-09-23,87.2,78.8,0.106,82,82.1,0.106,6.9,22.1
0,2025-09-24,86.0,78.0,0.165,82,81.4,0.165,7.1,23.5
0,2025-09-25,87.6,78.3,0.236,82,81.9,0.236,6.4,21.7
0,2025-09-26,85.8,75.9,0.807,87,80.1,0.807,6.4,18.6
0,2025-09-27,85.7,75.6,0.610,90,78.8,0.610,5.9,19.0
0,2025-09-28,89.2,76.6,0.150,82,81.8,0.150,5.2,13.0
0,2025-09-29,89.2,77.5,0.244,81,82.2,0.244,8.3,22.6
0,2025-09-30,84.6,76.4,0.717,88,79.6,0.717,9.4,23.0
0,2025-10-01,88.0,77.4,0.035,84,82.1,0.035,6.0,16.1
0,2025-10-02,91.0,76.2,0.126,81,83.0,0.126,3.2,10.3
0,2025-10-03,89.8,75.7,0.839,82,82.3,0.839,4.7,13.2
0,2025-10-04,87.0,76.9,0.059,85,81.3,0.059,3.6,12.5
0,2025-10-05,87.6,76.4,0.094,84,81.6,0.094,8.4,19.7
0,2025-10-06,91.0,78.4,0.016,81,82.8,0.016,6.2,18.8
0,2025-10-07,89.9,76.9,0.476,85,81.5,0.476,9.2,22.1
0,2025-10-08,89.1,75.7,0.571,84,81.2,0.571,6.2,18.6
0,2025-10-09,88.3,76.9,0.035,85,81.7,0.035,6.1,16.8
0,2025-10-10,90.5,77.7,0.236,85,82.1,0.236,8.8,22.6
0,2025-10-11,88.4,76.7,0.453,86,81.3,0.453,4.5,14.3
0,2025-10-12,90.0,77.5,0.311,87,81.0,0.311,6.3,18.1
0,2025-10-13,89.3,75.8,1.657,87,80.4,1.657,5.1,13.2
0,2025-10-14,84.4,76.6,0.291,89,79.8,0.291,3.9,13.0
0,2025-10-15,87.5,76.9,0.130,86,81.3,0.130,4.0,14.3
0,2025-10-16,90.6,77.7,0.028,82,82.7,0.028,6.0,17.0
0,2025-10-17,91.0,75.8,0.154,81,83.1,0.154,9.7,21.7
0,2025-10-18,91.7,76.0,0.185,84,82.5,0.185,8.2,21.7
0,2025-10-19,90.2,74.5,0.343,81,82.3,0.343,7.1,23.7
0,2025-10-20,90.4,75.4,0.276,83,82.3,0.276,4.2,15.9
0,2025-10-21,90.8,77.1,0.000,74,83.9,0.000,4.3,15.9
0,2025-10-22,88.1,75.9,0.012,74,82.1,0.012,5.8,18.8
0,2025-10-23,87.2,74.6,0.000,73,80.9,0.000,8.2,21.7
0,2025-10-24,88.5,76.2,0.008,72,82.1,0.008,6.3,18.6
0,2025-10-25,89.5,77.8,0.035,74,82.6,0.035,5.6,19.7
0,2025-10-26,91.0,76.7,0.004,66,83.7,0.004,9.1,26.2
0,2025-10-27,88.6,77.5,0.012,70,82.5,0.012,4.8,19.5
0,2025-10-28,86.6,79.4,0.031,70,83.1,0.031,7.4,19.0
0,2025-10-29,89.4,78.4,0.087,72,83.4,0.087,7.9,21.5
0,2025-10-30,85.7,76.7,0.327,86,79.7,0.327,7.0,20.6
0,2025-10-31,89.3,75.7,0.685,84,81.0,0.685,5.9,16.1
0,2025-11-01,84.5,76.4,1.976,93,78.5,1.976,5.2,14.1
0,2025-11-02,86.6,75.4,1.291,92,78.7,1.291,6.2,15.9
0,2025-11-03,85.3,75.2,0.197,87,79.1,0.197,5.9,12.5
0,2025-11-04,85.0,75.7,0.024,85,79.9,0.024,3.1,11.4
0,2025-11-05,84.7,75.8,0.012,81,80.2,0.012,3.3,10.7
0,2025-11-06,87.6,77.5,0.051,80,81.7,0.051,5.6,12.5
0,2025-11-07,86.1,76.0,0.154,84,81.3,0.154,5.6,14.8
0,2025-11-08,85.9,76.9,0.138,88,80.7,0.138,3.3,12.1
0,2025-11-09,91.0,75.4,0.413,82,82.9,0.413,5.6,12.5
0,2025-11-10,88.1,77.0,0.028,87,80.8,0.028,5.2,15.0
0,2025-11-11,93.4,79.2,0.016,77,85.2,0.016,3.5,12.3
0,2025-11-12,92.9,76.2,0.760,78,83.2,0.760,5.8,19.2
0,2025-11-13,87.4,76.1,0.386,88,80.1,0.386,6.2,13.2
0,2025-11-14,88.5,72.9,0.004,70,80.7,0.004,7.3,15.2
0,2025-11-15,85.4,72.5,0.000,68,78.6,0.000,8.2,22.4
0,2025-11-16,86.9,73.8,0.008,71,80.5,0.008,6.5,17.9
0,2025-11-17,86.3,75.5,0.291,82,78.9,0.291,8.5,24.2
0,2025-11-18,86.0,74.1,0.567,81,78.4,0.567,6.9,22.6
0,2025-11-19,82.4,69.5,0.000,70,76.0,0.000,8.7,21.0
0,2025-11-20,78.1,69.7,0.000,69,73.6,0.000,7.8,19.0
0,2025-11-21,78.4,69.6,0.000,65,73.7,0.000,8.2,19.5
0,2025-11-22,84.9,70.3,0.000,64,76.7,0.000,6.7,17.2
0,2025-11-23,87.0,71.6,0.000,64,79.3,0.000,7.9,20.4
0,2025-11-24,88.3,73.3,0.000,64,80.6,0.000,8.2,19.0
0,2025-11-25,85.6,69.1,0.000,62,77.9,0.000,6.6,16.6
0,2025-11-26,86.4,68.9,0.000,56,77.6,0.000,8.8,21.9
0,2025-11-27,84.5,64.2,0.000,50,75.1,0.000,9.0,19.9
0,2025-11-28,82.7,63.5,0.000,43,72.8,0.000,7.8,21.7
0,2025-11-29,85.8,65.1,0.000,50,75.2,0.000,6.8,17.7
0,2025-11-30,88.6,67.1,0.000,52,78.2,0.000,6.0,18.3
0,2025-12-01,91.7,70.2,0.000,55,80.9,0.000,5.6,17.0
0,2025-12-02,94.5,73.1,0.000,57,83.3,0.000,4.9,15.2
0,2025-12-03,95.2,75.9,0.004,56,86.2,0.004,6.1,17.4
0,2025-12-04,91.2,77.7,0.028,59,84.7,0.028,6.9,20.4
0,2025-12-05,88.3,74.4,0.205,80,79.6,0.205,8.4,23.5
0,2025-12-06,86.5,74.3,0.000,75,80.7,0.000,5.2,15.0
0,2025-12-07,88.4,72.7,0.000,69,80.7,0.000,4.9,12.3
0,2025-12-08,85.6,72.0,0.000,62,78.1,0.000,8.9,22.8
0,2025-12-09,85.6,70.0,0.000,66,77.3,0.000,5.9,16.6
0,2025-12-10,88.9,70.3,0.000,64,79.2,0.000,9.4,22.8
0,2025-12-11,80.2,73.0,0.012,78,75.3,0.012,6.9,17.0
0,2025-12-12,83.9,73.3,0.004,78,78.3,0.004,6.8,15.7
0,2025-12-13,89.2,74.8,0.094,78,80.0,0.094,7.4,19.0
0,2025-12-14,88.6,74.4,0.004,70,81.3,0.004,5.7,16.1
0,2025-12-15,89.8,74.0,0.000,64,81.9,0.000,5.8,15.9
0,2025-12-16,92.6,74.4,0.000,61,83.1,0.000,4.9,14.3
0,2025-12-17,91.6,75.7,0.000,63,83.3,0.000,5.4,15.7
0,2025-12-18,89.0,73.0,0.008,65,81.8,0.008,6.1,18.6
0,2025-12-19,91.0,73.4,0.000,59,81.7,0.000,5.8,17.0
0,2025-12-20,93.3,73.7,0.000,46,83.3,0.000,5.7,16.3
0,2025-12-21,91.2,74.3,0.000,48,82.1,0.000,6.1,17.7
0,2025-12-22,92.6,74.8,0.004,57,84.4,0.004,5.1,18.3
0,2025-12-23,91.9,75.9,0.000,62,84.0,0.000,4.5,14.8
0,2025-12-24,92.9,76.0,0.000,56,84.5,0.000,4.8,15.0
0,2025-12-25,94.6,76.6,0.000,50,85.7,0.000,5.9,17.9
0,2025-12-26,89.5,74.9,0.000,58,82.5,0.000,7.8,21.9
0,2025-12-27,90.5,73.9,0.000,56,82.3,0.000,6.0,15.2
0,2025-12-28,91.4,74.2,0.000,54,82.8,0.000,6.4,17.4
0,2025-12-29,92.0,72.6,0.000,53,82.6,0.000,8.4,22.1
0,2025-12-30,93.1,73.2,0.000,50,82.8,0.000,3.8,14.3
0,2025-12-31,92.2,73.0,0.000,54,82.5,0.000,5.9,17.9
1,2025-01-01,80.3,62.7,0.000,74,71.4,0.000,3.8,12.3
1,2025-01-02,81.1,62.3,0.000,72,71.0,0.000,4.0,12.8
1,2025-01-03,80.6,62.2,0.000,71,71.2,0.000,3.2,9.4
1,2025-01-04,79.1,61.6,0.000,69,69.7,0.000,4.7,11.6
1,2025-01-05,78.8,58.7,0.000,70,68.5,0.000,3.8,11.9
1,2025-01-06,78.4,58.3,0.000,69,67.9,0.000,4.3,13.4
1,2025-01-07,78.0,59.4,0.000,67,67.7,0.000,3.9,12.5
1,2025-01-08,78.9,59.6,0.000,74,69.3,0.000,4.6,13.0
1,2025-01-09,79.1,62.7,0.000,72,71.3,0.000,4.3,13.0
1,2025-01-10,79.9,62.1,0.000,67,71.7,0.000,4.2,11.9
1,2025-01-11,79.0,59.5,0.012,70,69.5,0.012,8.1,18.8
1,2025-01-12,73.8,53.9,0.000,65,64.0,0.000,7.0,17.2
1,2025-01-13,73.9,53.2,0.000,69,63.6,0.000,3.8,11.9
1,2025-01-14,77.3,55.3,0.000,70,65.5,0.000,3.7,10.1
1,2025-01-15,78.9,55.6,0.000,68,67.3,0.000,5.6,11.0
1,2025-01-16,79.9,58.6,0.000,69,68.4,0.000,5.0,11.2
1,2025-01-17,79.9,58.4,0.000,68,68.6,0.000,4.6,12.1
1,2025-01-18,80.2,59.5,0.000,68,69.3,0.000,4.3,13.0
1,2025-01-19,80.4,59.2,0.000,64,69.8,0.000,4.9,14.5
1,2025-01-20,80.2,61.3,0.000,67,70.3,0.000,4.0,13.0
1,2025-01-21,80.7,61.5,0.000,70,70.5,0.000,4.6,13.9
1,2025-01-22,81.2,61.3,0.000,66,70.4,0.000,3.3,11.6
1,2025-01-23,82.5,61.3,0.000,70,70.9,0.000,3.6,12.3
1,2025-01-24,82.7,60.3,0.000,69,71.1,0.000,4.1,12.8
1,2025-01-25,83.3,58.8,0.000,71,71.0,0.000,3.6,11.4
1,2025-01-26,83.9,62.5,0.000,66,72.5,0.000,4.4,13.2
1,2025-01-27,72.1,59.5,0.055,81,66.7,0.055,8.9,20.6
1,2025-01-28,77.5,59.7,0.000,70,68.1,0.000,7.9,19.2
1,2025-01-29,78.9,60.2,0.000,70,69.2,0.000,6.0,16.3
1,2025-01-30,80.4,61.2,0.000,68,71.2,0.000,5.1,14.5
1,2025-01-31,81.9,61.4,0.000,73,72.2,0.000,5.0,15.4
1,2025-02-01,85.2,61.4,0.000,66,72.3,0.000,4.7,13.2
1,2025-02-02,84.7,62.5,0.000,65,72.2,0.000,4.0,11.6
1,2025-02-03,86.8,63.0,0.000,56,74.3,0.000,4.3,12.1
1,2025-02-04,85.0,64.7,0.000,63,75.0,0.000,6.8,17.9
1,2025-02-05,86.5,64.5,0.000,67,75.1,0.000,6.4,17.7
1,2025-02-06,84.2,64.0,0.000,63,73.4,0.000,4.1,12.8
1,2025-02-07,87.1,64.2,0.000,60,75.8,0.000,4.8,14.3
1,2025-02-08,85.3,68.7,0.035,65,76.8,0.035,7.5,19.5
1,2025-02-09,83.6,65.6,0.000,62,75.0,0.000,6.8,17.7
1,2025-02-10,83.5,65.0,0.000,65,73.9,0.000,4.2,14.3
1,2025-02-11,85.6,65.8,0.000,64,75.2,0.000,5.7,16.3
1,2025-02-12,86.3,65.3,0.000,61,75.5,0.000,4.7,13.6
1,2025-02-13,87.4,65.2,0.000,54,75.0,0.000,4.5,14.1
1,2025-02-14,87.7,62.3,0.000,51,73.4,0.000,3.8,12.5
1,2025-02-15,85.5,60.8,0.000,54,73.4,0.000,4.7,14.8
1,2025-02-16,87.4,63.2,0.000,54,74.2,0.000,4.7,13.9
1,2025-02-17,89.1,64.1,0.000,51,76.1,0.000,5.9,15.7
1,2025-02-18,88.6,66.4,0.000,52,77.4,0.000,5.0,15.2
1,2025-02-19,87.2,67.8,0.000,60,77.4,0.000,5.5,14.5
1,2025-02-20,87.1,68.6,0.000,63,77.5,0.000,6.3,16.6
1,2025-02-21,88.1,68.1,0.000,67,77.2,0.000,10.8,25.9
1,2025-02-22,88.5,67.5,0.000,57,77.8,0.000,5.2,13.4
1,2025-02-23,86.7,67.1,1.039,74,76.1,1.039,7.4,19.5
1,2025-02-24,78.9,67.6,0.709,85,72.3,0.709,6.9,16.1
1,2025-02-25,80.2,65.5,0.272,83,72.4,0.272,8.1,20.8
1,2025-02-26,84.4,65.0,0.000,76,74.5,0.000,3.7,13.2
1,2025-02-27,87.6,66.5,0.000,74,76.7,0.000,4.4,12.1
1,2025-02-28,89.3,67.3,0.000,65,78.5,0.000,6.4,15.2
1,2025-03-01,89.5,67.6,0.000,59,78.0,0.000,6.3,16.3
1,2025-03-02,89.9,65.6,0.000,56,77.2,0.000,3.7,12.1
1,2025-03-03,90.2,64.1,0.000,54,76.2,0.000,5.3,13.0
1,2025-03-04,89.0,64.0,0.000,56,75.7,0.000,4.1,13.0
1,2025-03-05,89.4,66.4,0.000,58,76.7,0.000,5.5,15.0
1,2025-03-06,88.9,65.8,0.000,59,76.2,0.000,4.7,13.6
1,2025-03-07,90.3,66.4,0.138,66,78.6,0.138,7.2,17.9
1,2025-03-08,85.7,67.7,0.000,72,77.1,0.000,8.6,21.3
1,2025-03-09,86.9,67.7,0.004,73,77.0,0.004,5.5,15.2
1,2025-03-10,90.1,69.2,0.055,66,80.2,0.055,4.3,13.4
1,2025-03-11,92.1,70.3,0.004,64,81.5,0.004,5.9,14.8
1,2025-03-12,92.0,69.5,0.000,64,80.1,0.000,7.2,17.2
1,2025-03-13,91.9,70.0,0.000,52,81.5,0.000,7.9,18.6
1,2025-03-14,92.8,69.0,0.000,50,81.3,0.000,3.7,11.9
1,2025-03-15,93.7,68.8,0.000,50,81.1,0.000,4.2,11.0
1,2025-03-16,94.4,68.2,0.000,52,81.3,0.000,3.9,11.2
1,2025-03-17,93.6,71.5,0.000,53,83.4,0.000,5.5,13.9
1,2025-03-18,93.6,69.6,0.189,63,82.3,0.189,11.2,30.0
1,2025-03-19,86.6,65.0,0.020,72,75.2,0.020,7.4,15.7
1,2025-03-20,85.5,64.5,0.000,67,74.5,0.000,5.6,12.5
1,2025-03-21,88.1,66.7,0.000,65,76.9,0.000,5.1,14.1
1,2025-03-22,89.0,69.5,0.000,62,78.9,0.000,3.6,12.1
1,2025-03-23,91.2,69.9,0.000,60,80.3,0.000,4.3,11.0
1,2025-03-24,92.8,70.6,0.000,58,80.4,0.000,5.8,14.1
1,2025-03-25,92.8,69.1,0.000,54,80.4,0.000,4.4,11.9
1,2025-03-26,91.9,68.8,0.000,53,79.6,0.000,5.8,14.8
1,2025-03-27,93.0,68.0,0.000,50,79.6,0.000,5.6,14.8
1,2025-03-28,92.2,68.8,0.000,49,79.6,0.000,7.0,17.0
1,2025-03-29,93.5,69.7,0.000,52,82.1,0.000,5.8,14.8
1,2025-03-30,94.3,72.4,0.000,55,84.9,0.000,5.3,14.5
1,2025-03-31,94.4,76.7,0.000,59,85.3,0.000,7.2,16.6
1,2025-04-01,94.0,74.2,0.000,60,83.9,0.000,9.8,25.3
1,2025-04-02,93.5,75.1,0.000,59,84.1,0.000,9.4,25.7
1,2025-04-03,94.2,75.7,0.000,60,84.8,0.000,7.0,15.0
1,2025-04-04,95.1,75.7,0.000,66,84.0,0.000,7.9,15.0
1,2025-04-05,92.7,75.7,0.000,65,83.3,0.000,6.5,17.9
1,2025-04-06,90.6,71.1,0.028,70,80.4,0.028,4.1,13.9
1,2025-04-07,90.7,72.5,0.008,66,81.2,0.008,5.3,14.3
1,2025-04-08,94.1,73.4,0.000,59,82.1,0.000,9.5,22.4
1,2025-04-09,94.9,74.2,0.000,50,84.9,0.000,5.1,13.2
1,2025-04-10,94.4,74.8,0.000,59,84.0,0.000,8.4,19.2
1,2025-04-11,93.1,75.2,0.055,63,83.9,0.055,5.9,15.7
1,2025-04-12,88.7,76.4,0.000,67,82.8,0.000,5.0,15.2
1,2025-04-13,87.6,71.5,1.815,85,77.4,1.815,8.8,19.9
1,2025-04-14,83.4,71.3,0.091,84,76.9,0.091,4.5,14.1
1,2025-04-15,88.3,72.7,0.020,78,80.6,0.020,4.8,10.7
1,2025-04-16,89.0,73.8,0.031,75,81.6,0.031,4.6,11.4
1,2025-04-17,89.2,72.3,0.016,77,81.2,0.016,9.2,18.1
1,2025-04-18,91.2,74.0,0.035,75,81.2,0.035,5.9,16.8
1,2025-04-19,92.5,74.3,0.000,64,83.3,0.000,5.6,13.9
1,2025-04-20,94.5,74.8,0.000,62,83.6,0.000,7.4,21.9
1,2025-04-21,95.5,76.1,0.000,58,85.7,0.000,10.6,25.5
1,2025-04-22,98.0,75.8,0.016,59,86.3,0.016,10.2,23.7
1,2025-04-23,99.5,77.2,0.000,53,88.2,0.000,7.1,17.9
1,2025-04-24,99.1,77.2,0.000,52,88.4,0.000,5.9,12.8
1,2025-04-25,99.7,78.0,0.000,46,89.1,0.000,5.0,12.5
1,2025-04-26,99.2,79.1,0.000,51,88.7,0.000,5.7,17.0
1,2025-04-27,99.1,76.8,0.000,51,87.2,0.000,9.8,24.2
1,2025-04-28,93.8,73.3,0.114,62,82.6,0.114,9.0,25.5
1,2025-04-29,88.9,72.6,0.035,71,80.4,0.035,8.0,21.3
1,2025-04-30,90.5,72.7,0.087,74,79.6,0.087,8.6,24.8
1,2025-05-01,89.2,71.2,0.331,75,79.8,0.331,13.3,24.8
1,2025-05-02,93.4,73.1,0.000,70,82.4,0.000,5.1,16.3
1,2025-05-03,92.8,71.9,0.272,76,80.7,0.272,9.5,19.7
1,2025-05-04,91.6,74.4,0.063,71,82.7,0.063,5.6,19.2
1,2025-05-05,96.0,76.0,0.000,57,86.0,0.000,4.9,12.3
1,2025-05-06,99.3,78.3,0.000,50,89.2,0.000,5.0,12.1
1,2025-05-07,100.9,79.2,0.008,54,89.1,0.008,9.6,26.4
1,2025-05-08,99.2,77.4,0.035,63,86.0,0.035,6.9,19.7
1,2025-05-09,99.7,78.4,0.000,60,86.8,0.000,7.7,20.4
1,2025-05-10,96.7,78.2,0.000,63,86.7,0.000,6.5,18.3
1,2025-05-11,97.6,73.9,0.307,74,82.4,0.307,8.6,19.9
1,2025-05-12,88.8,73.1,0.146,75,80.6,0.146,5.9,18.3
1,2025-05-13,90.9,74.8,0.142,77,80.8,0.142,8.5,21.0
1,2025-05-14,91.0,75.7,0.354,77,81.1,0.354,10.6,24.4
1,2025-05-15,83.0,73.7,0.268,86,78.3,0.268,5.6,19.5
1,2025-05-16,83.6,73.7,0.594,85,78.6,0.594,4.7,15.7
1,2025-05-17,88.4,74.2,0.634,84,79.9,0.634,5.4,18.3
1,2025-05-18,88.5,75.5,0.035,80,81.1,0.035,5.4,15.0
1,2025-05-19,90.2,77.1,0.236,77,82.7,0.236,5.2,17.2
1,2025-05-20,89.7,75.6,0.303,78,82.5,0.303,5.8,18.8
1,2025-05-21,89.4,77.3,0.209,77,83.3,0.209,5.0,16.1
1,2025-05-22,90.1,76.0,0.528,81,82.2,0.528,7.6,15.9
1,2025-05-23,89.7,76.7,0.350,85,80.8,0.350,5.2,14.3
1,2025-05-24,88.6,73.6,0.543,83,80.3,0.543,7.2,17.7
1,2025-05-25,86.9,73.0,1.709,87,77.8,1.709,6.3,17.7
1,2025-05-26,84.7,73.2,0.500,87,77.5,0.500,8.9,23.0
1,2025-05-27,84.4,73.9,0.752,89,77.2,0.752,9.7,25.1
1,2025-05-28,86.1,74.9,0.047,81,80.0,0.047,7.1,21.5
1,2025-05-29,84.9,75.7,0.657,85,79.3,0.657,8.3,25.7
1,2025-05-30,86.6,75.5,1.146,87,78.9,1.146,7.4,24.4
1,2025-05-31,83.5,75.2,0.512,87,79.4,0.512,5.4,17.0
1,2025-06-01,86.7,75.7,0.480,80,80.8,0.480,7.7,20.8
1,2025-06-02,89.6,74.4,0.500,80,81.2,0.500,8.4,22.6
1,2025-06-03,85.3,74.2,0.091,86,78.8,0.091,4.1,18.3
1,2025-06-04,89.2,74.7,0.350,81,81.2,0.350,5.2,17.2
1,2025-06-05,88.9,75.3,0.146,82,81.7,0.146,4.4,13.9
1,2025-06-06,90.4,75.9,0.122,80,82.7,0.122,4.9,16.1
1,2025-06-07,91.0,75.5,0.024,78,83.6,0.024,4.8,14.8
1,2025-06-08,91.3,74.9,0.161,78,83.1,0.161,6.1,15.4
1,2025-06-09,91.5,75.4,0.220,79,81.8,0.220,6.9,17.9
1,2025-06-10,85.6,73.9,0.307,83,79.2,0.307,8.0,18.8
1,2025-06-11,82.9,74.9,0.941,89,78.3,0.941,5.9,15.2
1,2025-06-12,88.0,75.0,0.091,83,80.7,0.091,4.5,13.6
1,2025-06-13,89.2,76.0,0.331,81,81.7,0.331,6.3,16.8
1,2025-06-14,87.4,76.0,0.618,85,79.6,0.618,5.8,14.1
1,2025-06-15,88.3,75.2,0.374,81,80.7,0.374,6.0,17.7
1,2025-06-16,86.1,74.2,0.465,83,79.9,0.465,6.7,17.7
1,2025-06-17,87.9,75.6,0.878,86,79.4,0.878,6.6,19.5
1,2025-06-18,88.3,75.7,0.079,77,81.4,0.079,5.6,17.9
1,2025-06-19,87.8,75.7,0.567,83,80.6,0.567,9.6,21.9
1,2025-06-20,87.1,75.1,0.110,85,80.4,0.110,5.1,17.2
1,2025-06-21,89.9,76.8,0.020,76,82.4,0.020,7.2,16.3
1,2025-06-22,88.3,76.1,1.366,83,80.3,1.366,7.2,20.6
1,2025-06-23,89.1,72.9,0.665,85,78.8,0.665,6.4,20.4
1,2025-06-24,85.2,73.5,0.484,85,79.0,0.484,6.9,22.4
1,2025-06-25,88.3,74.7,0.476,83,80.5,0.476,4.4,11.9
1,2025-06-26,87.1,75.4,1.075,85,80.2,1.075,6.0,15.9
1,2025-06-27,85.3,73.8,0.909,89,78.2,0.909,5.4,17.2
1,2025-06-28,85.8,73.3,0.657,86,78.3,0.657,5.6,18.3
1,2025-06-29,85.5,73.9,0.126,82,79.3,0.126,6.9,19.0
1,2025-06-30,86.9,73.6,0.650,81,79.8,0.650,6.3,15.7
1,2025-07-01,85.8,75.2,0.512,83,80.0,0.512,5.0,16.3
1,2025-07-02,84.8,75.0,1.094,84,79.6,1.094,6.5,19.5
1,2025-07-03,84.1,73.9,0.559,86,78.3,0.559,3.7,16.6
1,2025-07-04,86.9,74.7,0.583,83,79.5,0.583,3.0,16.1
1,2025-07-05,86.8,74.2,1.059,84,79.4,1.059,5.4,15.2
1,2025-07-06,83.8,73.7,0.433,85,78.6,0.433,7.4,17.9
1,2025-07-07,84.5,74.4,0.244,85,78.6,0.244,7.4,17.7
1,2025-07-08,86.8,73.9,0.339,83,79.9,0.339,6.3,19.2
1,2025-07-09,87.4,74.8,0.862,84,80.4,0.862,4.7,18.8
1,2025-07-10,87.4,74.3,0.106,87,79.1,0.106,6.1,20.1
1,2025-07-11,86.1,74.2,1.642,90,78.8,1.642,3.5,13.0
1,2025-07-12,81.4,74.5,0.630,90,77.6,0.630,5.1,14.5
1,2025-07-13,88.4,74.4,1.465,85,80.1,1.465,5.9,21.3
1,2025-07-14,88.0,75.0,0.551,84,81.0,0.551,5.7,15.0
1,2025-07-15,85.9,75.5,0.988,89,79.6,0.988,5.4,16.1
1,2025-07-16,82.9,75.1,0.299,89,78.9,0.299,6.4,19.0
1,2025-07-17,83.6,74.0,0.630,91,78.0,0.630,2.6,13.0
1,2025-07-18,85.0,73.3,0.504,87,79.1,0.504,5.0,16.1
1,2025-07-19,86.3,74.9,0.102,84,80.3,0.102,4.6,16.8
1,2025-07-20,83.7,74.2,0.287,87,78.9,0.287,3.9,15.0
1,2025-07-21,88.3,74.5,0.114,81,80.6,0.114,6.7,18.1
1,2025-07-22,83.4,74.1,0.547,90,78.1,0.547,4.8,17.4
1,2025-07-23,80.9,74.3,2.165,93,76.5,2.165,7.6,19.9
1,2025-07-24,84.3,73.9,1.063,90,77.5,1.063,7.8,21.7
1,2025-07-25,83.7,74.9,0.402,90,78.4,0.402,5.5,14.5
1,2025-07-26,83.0,74.8,0.291,89,78.8,0.291,4.5,19.5
1,2025-07-27,83.4,73.0,1.445,92,77.4,1.445,6.5,20.6
1,2025-07-28,80.4,73.6,0.783,93,77.2,0.783,4.4,17.4
1,2025-07-29,84.1,74.9,0.610,90,79.2,0.610,5.6,17.2
1,2025-07-30,85.7,74.6,0.150,85,80.0,0.150,5.6,17.9
1,2025-07-31,89.7,74.8,0.232,84,81.0,0.232,6.6,20.8
1,2025-08-01,89.2,75.7,0.315,84,81.2,0.315,6.0,19.7
1,2025-08-02,88.5,75.2,0.744,86,80.8,0.744,5.9,18.3
1,2025-08-03,89.8,72.9,0.126,80,81.2,0.126,5.8,19.5
1,2025-08-04,90.6,74.5,0.028,78,82.5,0.028,6.4,20.4
1,2025-08-05,87.1,75.4,0.461,84,80.9,0.461,5.9,18.8
1,2025-08-06,79.5,74.2,1.343,94,76.6,1.343,5.1,13.2
1,2025-08-07,87.2,74.7,0.799,87,78.8,0.799,6.9,17.9
1,2025-08-08,85.8,73.9,0.378,87,78.6,0.378,3.5,15.0
1,2025-08-09,87.5,73.4,0.299,85,79.9,0.299,4.7,17.7
1,2025-08-10,88.0,73.9,0.823,83,80.7,0.823,5.9,16.6
1,2025-08-11,88.0,74.8,0.299,83,80.6,0.299,4.6,12.3
1,2025-08-12,88.1,72.8,0.681,84,79.3,0.681,7.0,21.5
1,2025-08-13,88.2,74.6,0.209,85,80.3,0.209,5.0,14.5
1,2025-08-14,87.3,74.1,0.441,86,79.8,0.441,5.7,13.9
1,2025-08-15,86.2,73.0,1.378,86,78.3,1.378,6.8,16.6
1,2025-08-16,83.8,72.2,1.157,88,76.8,1.157,8.9,20.6
1,2025-08-17,84.6,72.2,0.732,87,77.1,0.732,6.2,15.7
1,2025-08-18,84.7,73.6,0.512,85,78.8,0.512,4.7,15.4
1,2025-08-19,88.3,73.7,0.063,80,80.7,0.063,7.5,18.8
1,2025-08-20,90.1,74.8,0.067,80,80.9,0.067,5.4,15.7
1,2025-08-21,88.0,74.8,0.307,83,80.9,0.307,5.0,14.8
1,2025-08-22,87.1,71.8,0.728,87,78.3,0.728,6.3,15.0
1,2025-08-23,83.8,73.9,0.433,86,78.0,0.433,6.1,15.4
1,2025-08-24,85.1,72.9,0.181,85,79.0,0.181,3.9,14.3
1,2025-08-25,86.4,73.9,0.665,86,80.0,0.665,6.6,16.6
1,2025-08-26,81.2,72.5,1.228,92,75.9,1.228,4.5,14.5
1,2025-08-27,79.3,72.7,1.122,94,75.4,1.122,2.6,12.8
1,2025-08-28,82.2,72.4,0.244,88,76.2,0.244,3.8,17.7
1,2025-08-29,87.5,73.5,0.177,83,79.7,0.177,5.5,15.7
1,2025-08-30,89.2,75.2,0.630,83,80.8,0.630,5.2,19.7
1,2025-08-31,86.4,73.8,0.996,88,77.9,0.996,8.7,23.5
1,2025-09-01,83.8,73.3,0.378,86,77.7,0.378,6.6,18.3
1,2025-09-02,84.9,73.1,0.193,86,78.5,0.193,7.3,18.3
1,2025-09-03,86.7,73.5,0.075,86,79.3,0.075,6.7,18.3
1,2025-09-04,90.1,74.6,0.012,80,81.7,0.012,5.3,14.1
1,2025-09-05,89.0,74.8,0.047,81,81.8,0.047,4.6,14.3
1,2025-09-06,88.5,74.8,0.067,84,80.7,0.067,7.7,20.1
1,2025-09-07,88.0,73.6,0.047,84,80.2,0.047,4.6,13.9
1,2025-09-08,88.0,73.7,0.063,82,80.3,0.063,5.2,15.7
1,2025-09-09,86.1,74.4,0.378,85,79.0,0.378,6.0,13.9
1,2025-09-10,84.1,73.8,0.906,88,77.5,0.906,6.9,17.0
1,2025-09-11,85.2,72.5,0.441,87,78.0,0.441,5.3,17.0
1,2025-09-12,85.9,74.0,0.220,83,79.8,0.220,6.5,16.8
1,2025-09-13,86.8,73.9,0.134,86,79.0,0.134,4.7,15.9
1,2025-09-14,87.3,73.0,0.039,86,78.8,0.039,5.6,14.1
1,2025-09-15,88.0,73.0,0.232,80,80.1,0.232,5.1,15.2
1,2025-09-16,85.5,72.6,0.047,79,79.5,0.047,5.5,14.8
1,2025-09-17,88.2,73.9,0.000,80,80.6,0.000,5.5,15.4
1,2025-09-18,87.8,74.9,0.035,82,81.0,0.035,6.3,16.8
1,2025-09-19,86.2,72.9,0.457,84,79.3,0.457,3.7,14.8
1,2025-09-20,84.9,73.9,0.417,85,78.7,0.417,5.4,15.7
1,2025-09-21,84.0,74.0,0.453,88,78.0,0.453,5.5,21.0
1,2025-09-22,83.5,74.0,0.791,90,77.3,0.791,6.1,17.4
1,2025-09-23,84.0,73.3,0.972,89,77.6,0.972,5.5,14.1
1,2025-09-24,83.7,73.6,0.390,88,77.5,0.390,5.7,15.2
1,2025-09-25,84.7,73.5,0.421,87,78.4,0.421,6.1,15.4
1,2025-09-26,84.3,73.3,1.189,89,77.9,1.189,3.8,13.4
1,2025-09-27,83.8,72.8,0.248,87,78.0,0.248,5.1,16.6
1,2025-09-28,90.5,73.9,0.031,76,81.1,0.031,7.7,18.6
1,2025-09-29,91.4,74.8,0.016,75,81.9,0.016,6.6,16.8
1,2025-09-30,80.4,71.9,0.728,92,75.2,0.728,8.7,19.2
1,2025-10-01,83.4,73.0,0.504,88,77.1,0.504,6.8,20.8
1,2025-10-02,87.0,73.9,0.106,85,79.5,0.106,4.0,12.1
1,2025-10-03,88.9,74.8,0.031,82,81.3,0.031,5.1,12.5
1,2025-10-04,86.1,72.2,0.146,88,78.4,0.146,4.1,12.5
1,2025-10-05,88.4,73.3,0.012,84,80.1,0.012,6.8,13.6
1,2025-10-06,86.9,73.0,0.043,86,79.4,0.043,4.6,14.8
1,2025-10-07,86.9,72.5,0.315,85,78.8,0.315,4.6,15.4
1,2025-10-08,85.3,72.8,0.106,83,78.9,0.106,5.5,15.2
1,2025-10-09,87.9,72.0,0.091,83,79.3,0.091,5.7,15.7
1,2025-10-10,87.8,72.3,0.000,73,80.8,0.000,4.4,12.8
1,2025-10-11,88.3,74.0,0.008,72,81.3,0.008,3.1,9.4
1,2025-10-12,88.7,73.3,0.256,76,81.5,0.256,3.6,10.7
1,2025-10-13,85.8,72.8,0.201,84,79.1,0.201,4.4,12.1
1,2025-10-14,84.9,72.3,0.827,86,77.8,0.827,5.0,13.9
1,2025-10-15,81.9,72.3,0.614,89,75.9,0.614,8.4,20.1
1,2025-10-16,85.3,71.3,0.220,86,78.0,0.220,4.4,14.1
1,2025-10-17,87.2,72.6,0.165,86,78.6,0.165,5.8,15.7
1,2025-10-18,88.9,71.3,0.224,82,79.0,0.224,4.7,11.6
1,2025-10-19,87.6,72.2,0.083,82,79.1,0.083,4.4,18.3
1,2025-10-20,87.3,72.4,0.004,76,79.2,0.004,5.9,14.5
1,2025-10-21,88.3,71.3,0.004,73,79.5,0.004,6.4,13.0
1,2025-10-22,87.5,69.4,0.000,67,77.8,0.000,9.1,20.8
1,2025-10-23,86.8,69.9,0.031,72,77.9,0.031,8.4,19.9
1,2025-10-24,84.5,69.5,0.008,76,76.9,0.008,6.4,15.9
1,2025-10-25,85.5,71.1,0.004,75,78.0,0.004,3.5,10.5
1,2025-10-26,86.6,71.1,0.004,77,78.5,0.004,4.1,10.5
1,2025-10-27,88.0,69.4,0.000,72,77.9,0.000,5.7,14.1
1,2025-10-28,88.6,69.4,0.000,67,78.3,0.000,6.2,13.6
1,2025-10-29,89.0,69.1,0.000,72,79.1,0.000,4.3,10.5
1,2025-10-30,91.1,70.4,0.000,67,81.0,0.000,5.2,13.0
1,2025-10-31,86.9,72.1,1.079,78,79.6,1.079,6.6,18.1
1,2025-11-01,83.4,72.3,0.866,88,76.4,0.866,6.6,15.4
1,2025-11-02,83.6,71.6,0.933,90,75.8,0.933,6.1,20.6
1,2025-11-03,82.1,71.8,1.346,88,75.5,1.346,7.7,19.7
1,2025-11-04,82.8,71.5,0.106,85,76.5,0.106,5.2,16.8
1,2025-11-05,83.4,72.3,0.067,82,77.2,0.067,4.4,13.4
1,2025-11-06,82.9,72.5,0.063,85,77.3,0.063,5.4,15.2
1,2025-11-07,87.9,72.5,0.217,78,79.5,0.217,4.9,13.0
1,2025-11-08,82.0,72.4,1.173,91,76.3,1.173,3.1,13.6
1,2025-11-09,80.0,71.2,1.098,91,75.2,1.098,4.7,14.8
1,2025-11-10,81.9,71.4,0.087,90,75.8,0.087,5.0,15.7
1,2025-11-11,86.5,72.1,0.008,84,77.9,0.008,5.9,13.4
1,2025-11-12,87.5,71.5,0.004,78,78.8,0.004,4.6,11.4
1,2025-11-13,86.9,71.1,0.016,79,78.7,0.016,4.9,10.1
1,2025-11-14,84.0,70.5,0.291,84,76.7,0.291,4.0,15.4
1,2025-11-15,83.7,68.7,0.012,81,76.2,0.012,4.6,12.1
1,2025-11-16,85.3,69.0,0.000,67,76.6,0.000,7.0,17.2
1,2025-11-17,82.7,70.3,0.327,77,75.4,0.327,7.6,19.5
1,2025-11-18,77.9,70.1,0.382,86,72.7,0.382,5.3,16.1
1,2025-11-19,73.2,65.0,0.059,84,70.0,0.059,9.3,19.2
1,2025-11-20,78.9,65.1,0.000,67,71.7,0.000,9.8,20.8
1,2025-11-21,80.9,61.8,0.000,66,71.0,0.000,9.8,21.7
1,2025-11-22,81.3,61.8,0.000,75,71.0,0.000,4.6,11.0
1,2025-11-23,82.0,62.2,0.000,78,71.5,0.000,4.8,12.8
1,2025-11-24,83.1,61.4,0.000,71,71.5,0.000,7.1,13.9
1,2025-11-25,80.7,59.8,0.000,67,69.7,0.000,10.6,23.5
1,2025-11-26,79.5,58.8,0.000,66,67.6,0.000,7.3,16.6
1,2025-11-27,79.3,57.2,0.000,60,67.3,0.000,11.9,26.4
1,2025-11-28,76.9,51.6,0.000,59,63.4,0.000,8.1,19.9
1,2025-11-29,76.8,51.1,0.000,71,63.4,0.000,3.5,8.3
1,2025-11-30,78.2,53.3,0.000,72,65.8,0.000,3.8,9.8
1,2025-12-01,79.5,56.4,0.000,72,67.3,0.000,3.9,11.0
1,2025-12-02,81.1,57.4,0.000,69,68.9,0.000,3.7,9.2
1,2025-12-03,82.9,58.9,0.000,76,71.3,0.000,3.6,9.4
1,2025-12-04,82.6,61.1,0.000,75,71.6,0.000,3.7,9.2
1,2025-12-05,82.6,62.9,0.004,76,73.6,0.004,3.7,10.1
1,2025-12-06,83.4,65.1,0.028,80,74.6,0.028,4.5,13.2
1,2025-12-07,84.8,66.7,0.024,78,75.6,0.024,3.3,9.2
1,2025-12-08,82.1,66.6,0.043,79,74.3,0.043,5.1,12.3
1,2025-12-09,80.4,63.8,0.000,74,72.1,0.000,3.7,11.9
1,2025-12-10,80.2,60.9,0.000,73,70.2,0.000,3.7,9.4
1,2025-12-11,80.5,59.4,0.043,72,72.5,0.043,4.5,9.8
1,2025-12-12,80.1,66.4,0.000,78,72.6,0.000,4.2,9.8
1,2025-12-13,80.2,65.7,0.000,82,72.5,0.000,5.8,22.6
1,2025-12-14,82.0,65.4,0.024,83,71.9,0.024,6.4,16.1
1,2025-12-15,81.6,64.7,0.000,80,73.0,0.000,3.4,10.3
1,2025-12-16,82.3,64.5,0.240,75,73.4,0.240,4.9,16.6
1,2025-12-17,81.7,63.8,0.110,78,72.8,0.110,6.5,17.0
1,2025-12-18,80.6,64.7,0.024,79,71.9,0.024,6.8,13.4
1,2025-12-19,80.9,63.5,0.004,75,71.6,0.004,4.3,10.1
1,2025-12-20,81.5,62.3,0.000,71,71.1,0.000,4.0,10.5
1,2025-12-21,81.8,60.6,0.000,72,70.8,0.000,4.5,11.0
1,2025-12-22,81.3,60.7,0.000,72,70.7,0.000,4.9,13.9
1,2025-12-23,81.9,62.8,0.000,71,72.6,0.000,4.5,13.9
1,2025-12-24,84.2,63.5,0.000,67,73.1,0.000,4.1,11.6
1,2025-12-25,84.1,62.2,0.000,66,72.7,0.000,5.3,10.5
1,2025-12-26,82.4,61.5,0.000,71,72.0,0.000,4.7,13.6
1,2025-12-27,81.4,62.2,0.008,69,71.3,0.008,4.6,13.4
1,2025-12-28,81.5,61.8,0.000,70,71.2,0.000,4.4,14.1
1,2025-12-29,83.0,60.4,0.000,70,70.9,0.000,4.9,12.5
1,2025-12-30,81.0,60.0,0.000,69,70.0,0.000,3.7,11.2
1,2025-12-31,81.4,60.5,0.000,73,70.3,0.000,3.9,11.4
2,2025-01-01,78.6,61.0,0.000,72,69.5,0.000,3.5,11.4
2,2025-01-02,79.1,60.9,0.000,74,69.3,0.000,3.0,10.1
2,2025-01-03,78.9,59.4,0.004,71,68.6,0.004,4.7,13.0
2,2025-01-04,78.1,58.7,0.000,71,66.9,0.000,3.0,10.7
2,2025-01-05,76.8,57.6,0.000,68,65.8,0.000,5.2,13.2
2,2025-01-06,75.8,55.7,0.000,71,65.4,0.000,4.1,10.3
2,2025-01-07,75.3,55.0,0.000,70,66.3,0.000,3.8,11.6
2,2025-01-08,77.1,56.7,0.000,70,67.8,0.000,4.5,12.5
2,2025-01-09,78.2,60.0,0.004,73,69.0,0.004,3.6,11.2
2,2025-01-10,78.9,61.7,0.012,70,69.9,0.012,4.9,13.4
2,2025-01-11,74.6,53.8,0.039,67,65.2,0.039,8.2,16.6
2,2025-01-12,70.2,53.1,0.000,66,60.3,0.000,7.0,17.0
2,2025-01-13,71.8,52.7,0.000,69,60.8,0.000,3.7,11.6
2,2025-01-14,73.6,53.2,0.000,70,62.8,0.000,3.0,10.5
2,2025-01-15,75.9,53.9,0.000,67,64.7,0.000,7.7,17.7
2,2025-01-16,74.8,55.2,0.000,71,64.2,0.000,7.3,17.2
2,2025-01-17,76.2,54.2,0.000,74,64.8,0.000,2.9,10.7
2,2025-01-18,77.8,53.3,0.000,73,67.0,0.000,4.2,10.5
2,2025-01-19,78.6,56.4,0.000,71,67.7,0.000,4.0,12.1
2,2025-01-20,79.0,55.4,0.000,73,68.6,0.000,4.2,10.7
2,2025-01-21,79.5,57.4,0.000,75,68.3,0.000,5.9,13.4
2,2025-01-22,79.9,56.8,0.000,75,68.8,0.000,3.6,10.3
2,2025-01-23,81.1,56.8,0.000,75,69.1,0.000,5.4,12.1
2,2025-01-24,82.1,57.0,0.000,74,69.5,0.000,5.2,11.2
2,2025-01-25,82.9,56.3,0.000,70,70.1,0.000,5.1,10.3
2,2025-01-26,83.3,57.6,0.039,63,70.7,0.039,12.2,23.5
2,2025-01-27,60.1,57.2,0.067,74,58.8,0.067,10.3,20.1
2,2025-01-28,71.3,57.7,0.000,73,64.2,0.000,5.1,13.6
2,2025-01-29,73.7,59.5,0.000,73,66.3,0.000,5.8,14.5
2,2025-01-30,79.3,59.0,0.000,73,68.3,0.000,7.7,16.1
2,2025-01-31,82.8,57.5,0.000,72,70.2,0.000,3.7,11.6
2,2025-02-01,83.8,56.1,0.000,68,69.0,0.000,4.2,10.3
2,2025-02-02,83.7,55.6,0.000,70,69.1,0.000,5.5,11.2
2,2025-02-03,83.9,55.8,0.000,60,71.3,0.000,5.3,13.6
2,2025-02-04,81.5,62.2,0.000,72,71.7,0.000,7.9,17.7
2,2025-02-05,83.7,61.1,0.000,71,71.7,0.000,9.0,19.0
2,2025-02-06,84.3,59.1,0.000,72,71.0,0.000,6.1,13.9
2,2025-02-07,84.9,58.8,0.000,66,73.6,0.000,5.5,12.8
2,2025-02-08,82.8,65.5,0.075,74,73.8,0.075,6.0,15.2
2,2025-02-09,79.8,62.5,0.000,68,71.8,0.000,7.2,17.2
2,2025-02-10,82.8,62.2,0.000,66,71.9,0.000,7.3,15.2
2,2025-02-11,83.9,60.6,0.000,66,72.3,0.000,6.9,14.1
2,2025-02-12,85.1,59.7,0.000,66,72.9,0.000,7.1,13.9
2,2025-02-13,86.5,57.8,0.000,61,71.0,0.000,6.7,15.4
2,2025-02-14,87.8,57.2,0.000,56,70.9,0.000,7.2,14.5
2,2025-02-15,85.6,56.7,0.000,59,71.4,0.000,5.3,10.5
2,2025-02-16,86.3,56.3,0.000,61,71.0,0.000,5.7,14.5
2,2025-02-17,86.4,57.7,0.000,61,72.4,0.000,7.2,14.8
2,2025-02-18,85.5,61.0,0.000,63,73.9,0.000,5.9,13.9
2,2025-02-19,83.4,62.5,0.000,70,73.1,0.000,5.6,12.3
2,2025-02-20,83.2,63.6,0.016,71,73.9,0.016,7.4,17.4
2,2025-02-21,84.5,64.2,0.000,74,74.0,0.000,7.6,17.7
2,2025-02-22,83.4,64.2,0.000,73,73.9,0.000,2.7,12.3
2,2025-02-23,83.9,65.0,0.126,78,73.8,0.126,5.0,16.1
2,2025-02-24,80.1,64.0,0.083,84,71.1,0.083,5.2,19.2
2,2025-02-25,80.2,64.6,0.350,83,70.7,0.350,5.6,12.8
2,2025-02-26,81.2,62.2,0.024,82,71.0,0.024,3.6,13.2
2,2025-02-27,85.9,62.4,0.000,67,74.4,0.000,4.1,9.6
2,2025-02-28,90.1,60.9,0.000,61,75.7,0.000,3.8,10.3
2,2025-03-01,92.1,60.7,0.000,61,74.8,0.000,4.4,10.5
2,2025-03-02,90.7,60.4,0.000,57,75.1,0.000,4.5,9.4
2,2025-03-03,91.0,59.5,0.000,57,74.5,0.000,6.0,13.2
2,2025-03-04,91.5,59.0,0.000,55,74.4,0.000,4.2,8.9
2,2025-03-05,90.5,60.5,0.000,58,73.9,0.000,4.6,11.2
2,2025-03-06,89.1,59.9,0.000,57,73.1,0.000,6.8,14.5
2,2025-03-07,87.9,62.9,0.016,66,76.1,0.016,10.4,20.1
2,2025-03-08,84.0,67.4,0.118,78,74.2,0.118,7.8,18.3
2,2025-03-09,84.5,64.9,0.008,79,73.9,0.008,4.5,13.6
2,2025-03-10,87.4,65.7,0.000,68,78.0,0.000,4.7,12.3
2,2025-03-11,91.1,64.5,0.000,64,78.5,0.000,4.3,11.9
2,2025-03-12,92.6,63.0,0.000,61,76.8,0.000,7.4,15.0
2,2025-03-13,92.2,63.2,0.000,57,78.1,0.000,9.0,17.4
2,2025-03-14,93.2,62.4,0.000,59,76.7,0.000,3.0,8.9
2,2025-03-15,93.6,62.4,0.000,59,76.5,0.000,4.0,8.5
2,2025-03-16,94.5,63.2,0.000,54,78.4,0.000,5.3,9.6
2,2025-03-17,93.3,69.9,0.000,60,79.8,0.000,7.5,14.8
2,2025-03-18,88.0,67.0,0.126,73,75.5,0.126,11.1,21.3
2,2025-03-19,72.1,63.1,0.008,69,66.2,0.008,7.7,16.3
2,2025-03-20,78.0,62.1,0.000,71,68.3,0.000,6.4,15.4
2,2025-03-21,82.7,62.5,0.004,75,72.0,0.004,3.8,9.6
2,2025-03-22,86.2,65.6,0.016,69,76.2,0.016,6.2,13.0
2,2025-03-23,89.0,66.5,0.000,71,76.9,0.000,5.1,11.6
2,2025-03-24,90.6,64.7,0.000,66,77.2,0.000,3.4,9.8
2,2025-03-25,91.0,64.0,0.000,64,76.2,0.000,5.5,14.1
2,2025-03-26,91.4,63.6,0.000,62,76.1,0.000,7.4,14.8
2,2025-03-27,92.9,63.8,0.000,57,77.0,0.000,5.5,10.7
2,2025-03-28,91.7,64.9,0.000,60,76.5,0.000,9.0,17.7
2,2025-03-29,91.9,66.7,0.000,60,77.6,0.000,8.2,15.2
2,2025-03-30,92.0,68.3,0.000,65,80.3,0.000,8.2,18.3
2,2025-03-31,92.1,71.6,0.000,69,80.6,0.000,7.7,15.7
2,2025-04-01,89.2,70.7,0.020,74,79.5,0.020,8.4,22.8
2,2025-04-02,89.7,71.5,0.008,74,79.4,0.008,3.4,10.7
2,2025-04-03,90.7,71.3,0.000,68,80.7,0.000,4.5,12.1
2,2025-04-04,94.2,70.0,0.000,67,81.1,0.000,6.2,14.5
2,2025-04-05,94.0,70.4,0.000,72,80.5,0.000,9.4,19.7
2,2025-04-06,89.3,69.7,0.020,80,76.6,0.020,12.1,25.7
2,2025-04-07,87.1,68.5,0.035,80,76.0,0.035,4.0,8.9
2,2025-04-08,91.2,67.7,0.000,66,78.9,0.000,3.4,11.9
2,2025-04-09,92.8,68.5,0.000,56,79.8,0.000,8.2,16.1
2,2025-04-10,93.3,68.4,0.008,63,80.3,0.008,5.3,12.3
2,2025-04-11,92.8,70.1,0.012,71,80.5,0.012,9.7,19.7
2,2025-04-12,90.7,71.2,0.559,70,81.3,0.559,6.7,14.5
2,2025-04-13,82.5,70.6,1.122,87,74.4,1.122,9.0,19.9
2,2025-04-14,82.1,67.8,0.004,78,74.2,0.004,4.5,12.5
2,2025-04-15,84.7,69.7,0.000,77,77.3,0.000,5.8,13.9
2,2025-04-16,90.7,70.4,0.000,76,79.6,0.000,5.4,12.8
2,2025-04-17,92.1,69.6,0.055,73,80.1,0.055,4.9,14.3
2,2025-04-18,90.0,69.5,0.413,78,78.3,0.413,7.2,18.1
2,2025-04-19,89.8,69.5,0.000,72,80.0,0.000,5.2,13.6
2,2025-04-20,91.6,70.2,0.000,67,80.9,0.000,10.4,21.0
2,2025-04-21,94.1,71.5,0.000,62,82.4,0.000,8.3,19.0
2,2025-04-22,94.9,71.2,0.012,67,82.3,0.012,5.5,14.1
2,2025-04-23,95.9,73.0,0.000,62,84.4,0.000,7.6,14.3
2,2025-04-24,97.7,71.1,0.000,56,85.0,0.000,8.5,18.6
2,2025-04-25,97.8,73.0,0.000,53,84.7,0.000,4.7,9.8
2,2025-04-26,95.8,74.0,0.000,61,84.5,0.000,6.9,17.2
2,2025-04-27,95.1,71.4,0.004,67,82.4,0.004,9.8,19.5
2,2025-04-28,89.7,71.7,0.004,71,80.3,0.004,7.3,14.5
2,2025-04-29,80.2,71.5,0.390,89,75.0,0.390,5.7,16.3
2,2025-04-30,85.1,70.9,0.055,82,77.3,0.055,8.0,17.0
2,2025-05-01,85.8,70.0,0.051,77,77.3,0.051,5.4,12.5
2,2025-05-02,87.3,71.5,0.016,75,79.2,0.016,5.0,14.3
2,2025-05-03,89.2,70.7,0.004,77,79.3,0.004,7.3,17.2
2,2025-05-04,90.1,70.7,0.004,75,80.0,0.004,8.3,18.6
2,2025-05-05,94.0,70.8,0.000,64,82.2,0.000,4.6,11.2
2,2025-05-06,94.4,73.8,0.004,60,84.2,0.004,6.2,13.0
2,2025-05-07,96.1,74.3,0.004,60,85.4,0.004,7.4,16.1
2,2025-05-08,95.7,74.2,0.028,69,84.0,0.028,7.9,19.7
2,2025-05-09,95.3,74.8,0.031,66,84.3,0.031,7.4,16.6
2,2025-05-10,92.7,75.7,0.004,68,84.3,0.004,7.2,15.7
2,2025-05-11,87.4,70.7,0.480,79,79.0,0.480,10.4,23.0
2,2025-05-12,86.3,71.6,0.035,79,78.1,0.035,3.8,10.5
2,2025-05-13,87.5,72.5,0.035,79,79.2,0.035,5.8,14.8
2,2025-05-14,87.2,73.0,0.374,80,79.2,0.374,6.3,15.4
2,2025-05-15,86.0,73.1,0.642,89,76.9,0.642,9.4,19.5
2,2025-05-16,84.0,74.1,0.063,87,78.0,0.063,8.6,20.4
2,2025-05-17,81.1,72.2,0.606,90,76.4,0.606,5.4,15.7
2,2025-05-18,86.8,73.0,0.039,84,78.4,0.039,5.5,14.5
2,2025-05-19,88.7,74.7,0.240,79,80.8,0.240,6.1,14.8
2,2025-05-20,89.0,73.8,0.445,80,81.2,0.445,6.1,15.2
2,2025-05-21,86.0,74.2,0.059,83,80.4,0.059,6.4,14.8
2,2025-05-22,89.0,74.6,0.173,81,81.3,0.173,6.7,15.2
2,2025-05-23,89.2,74.1,1.264,84,80.2,1.264,6.4,16.3
2,2025-05-24,82.9,72.4,1.161,90,76.3,1.161,5.7,13.9
2,2025-05-25,83.8,71.7,1.539,90,76.1,1.539,9.8,21.9
2,2025-05-26,84.2,71.7,0.173,89,76.0,0.173,4.3,17.7
2,2025-05-27,83.2,72.5,1.622,90,76.0,1.622,9.2,19.5
2,2025-05-28,85.9,72.7,0.122,84,78.8,0.122,5.9,16.1
2,2025-05-29,83.9,73.2,0.193,86,78.5,0.193,9.0,22.8
2,2025-05-30,83.4,73.8,0.303,89,77.8,0.303,9.7,20.6
2,2025-05-31,84.8,73.6,0.091,87,78.7,0.091,9.8,23.5
2,2025-06-01,87.8,73.0,0.071,81,79.9,0.071,10.4,25.1
2,2025-06-02,88.2,74.0,0.319,82,80.5,0.319,9.5,24.6
2,2025-06-03,84.2,73.2,0.213,87,78.1,0.213,7.4,18.1
2,2025-06-04,88.1,73.8,0.228,82,80.2,0.228,5.4,15.4
2,2025-06-05,89.1,74.4,0.012,82,80.9,0.012,8.0,19.2
2,2025-06-06,88.2,75.1,0.043,83,81.2,0.043,6.2,17.9
2,2025-06-07,89.5,75.1,0.126,79,82.3,0.126,7.9,16.8
2,2025-06-08,89.4,75.0,0.165,82,81.5,0.165,7.1,17.2
2,2025-06-09,86.7,75.2,0.496,85,80.3,0.496,5.9,15.0
2,2025-06-10,83.9,72.6,0.799,89,77.6,0.799,3.7,10.1
2,2025-06-11,84.0,72.9,0.220,88,77.4,0.220,6.8,16.3
2,2025-06-12,88.1,74.8,0.047,84,79.9,0.047,3.5,10.7
2,2025-06-13,88.7,73.5,0.130,83,80.8,0.130,5.3,12.5
2,2025-06-14,85.8,74.3,1.000,86,79.2,1.000,7.1,15.4
2,2025-06-15,85.6,74.8,0.461,85,79.1,0.461,6.6,16.8
2,2025-06-16,84.7,74.7,0.638,89,78.4,0.638,7.3,17.9
2,2025-06-17,85.8,74.7,0.350,87,78.8,0.350,6.5,17.4
2,2025-06-18,88.2,74.9,0.520,87,79.2,0.520,5.7,17.7
2,2025-06-19,89.2,74.7,0.315,85,79.8,0.315,6.2,18.6
2,2025-06-20,89.3,75.1,0.043,81,81.0,0.043,4.8,14.8
2,2025-06-21,86.3,74.5,0.689,88,79.1,0.689,5.0,15.0
2,2025-06-22,83.8,72.1,0.866,90,76.7,0.866,6.1,16.3
2,2025-06-23,82.5,72.4,0.752,91,76.5,0.752,8.5,20.1
2,2025-06-24,86.1,72.4,0.209,86,78.1,0.209,6.1,16.1
2,2025-06-25,86.0,73.1,0.102,86,78.9,0.102,4.7,13.6
2,2025-06-26,86.9,73.5,0.488,86,79.5,0.488,5.7,13.4
2,2025-06-27,82.1,73.1,0.921,92,76.8,0.921,5.8,14.8
2,2025-06-28,81.3,72.7,0.555,95,75.6,0.555,5.2,15.2
2,2025-06-29,83.4,73.9,0.752,91,77.3,0.752,5.9,16.3
2,2025-06-30,84.6,73.2,0.248,89,77.9,0.248,7.0,18.1
2,2025-07-01,83.7,73.5,0.638,87,78.1,0.638,5.0,13.9
2,2025-07-02,82.0,72.8,0.969,90,77.0,0.969,6.5,14.8
2,2025-07-03,81.2,72.9,0.862,95,76.0,0.862,3.9,9.2
2,2025-07-04,85.6,74.1,0.181,86,78.6,0.181,3.5,13.4
2,2025-07-05,82.0,73.1,1.024,92,76.9,1.024,3.2,10.3
2,2025-07-06,81.1,72.1,1.315,92,75.9,1.315,6.5,14.5
2,2025-07-07,82.4,72.4,0.437,90,77.0,0.437,7.2,17.2
2,2025-07-08,86.3,72.4,0.256,86,78.8,0.256,5.4,15.9
2,2025-07-09,86.4,74.6,0.220,83,79.8,0.220,6.4,16.8
2,2025-07-10,86.3,73.9,0.067,84,78.8,0.067,5.5,18.6
2,2025-07-11,84.7,73.1,1.201,90,77.6,1.201,5.0,13.4
2,2025-07-12,84.0,73.1,1.004,90,77.4,1.004,4.7,13.9
2,2025-07-13,85.3,73.3,0.472,88,78.3,0.472,5.3,12.5
2,2025-07-14,85.0,73.9,0.350,88,78.9,0.350,9.0,18.3
2,2025-07-15,84.2,75.0,0.783,91,78.6,0.783,5.7,13.9
2,2025-07-16,82.0,74.5,0.803,91,77.6,0.803,6.5,17.4
2,2025-07-17,82.2,72.2,0.909,94,75.9,0.909,6.5,16.8
2,2025-07-18,84.9,72.6,0.134,88,77.8,0.134,4.9,15.9
2,2025-07-19,88.4,73.8,0.039,85,80.2,0.039,5.5,14.3
2,2025-07-20,86.8,73.8,0.291,86,78.8,0.291,4.8,13.9
2,2025-07-21,87.4,74.4,0.024,85,79.8,0.024,7.1,18.6
2,2025-07-22,77.5,74.6,1.358,96,76.2,1.358,4.0,12.1
2,2025-07-23,80.8,73.4,1.252,95,75.7,1.252,10.8,22.4
2,2025-07-24,80.1,73.5,0.701,93,75.8,0.701,6.4,17.9
2,2025-07-25,84.0,73.9,0.807,91,77.6,0.807,7.0,19.0
2,2025-07-26,81.3,73.9,1.201,94,77.3,1.201,4.9,17.0
2,2025-07-27,79.5,72.2,1.780,95,75.4,1.780,6.0,13.4
2,2025-07-28,81.5,72.3,1.193,94,75.9,1.193,5.2,13.6
2,2025-07-29,87.4,74.1,0.083,88,79.4,0.083,7.8,17.4
2,2025-07-30,89.6,73.8,0.067,83,80.5,0.067,8.0,15.9
2,2025-07-31,90.5,74.7,0.126,79,81.1,0.126,9.8,19.7
2,2025-08-01,90.5,74.7,0.260,83,80.3,0.260,7.4,17.2
2,2025-08-02,88.8,73.6,0.228,83,80.7,0.228,4.8,15.0
2,2025-08-03,91.0,74.3,0.012,78,81.8,0.012,6.8,18.1
2,2025-08-04,90.4,73.7,0.000,76,81.3,0.000,5.6,15.4
2,2025-08-05,89.2,75.1,0.634,85,80.2,0.634,7.0,16.6
2,2025-08-06,79.0,72.9,1.079,95,76.1,1.079,5.6,14.5
2,2025-08-07,84.1,73.9,0.303,88,77.4,0.303,6.7,17.2
2,2025-08-08,85.0,74.5,0.787,89,77.4,0.787,7.0,18.1
2,2025-08-09,90.1,73.2,0.028,82,80.1,0.028,7.5,16.3
2,2025-08-10,88.7,73.3,0.236,85,80.0,0.236,6.0,15.4
2,2025-08-11,87.0,72.8,0.350,89,79.1,0.350,4.7,13.0
2,2025-08-12,84.6,72.4,0.169,87,78.4,0.169,6.1,15.4
2,2025-08-13,84.8,72.7,0.051,88,77.7,0.051,3.9,12.5
2,2025-08-14,85.3,73.0,0.138,84,79.2,0.138,5.0,14.8
2,2025-08-15,83.8,71.8,0.827,88,77.7,0.827,4.2,14.3
2,2025-08-16,82.8,69.8,0.744,91,74.9,0.744,7.5,19.2
2,2025-08-17,84.0,71.2,0.402,88,76.5,0.402,6.6,16.8
2,2025-08-18,87.3,72.4,0.004,83,79.4,0.004,4.6,10.7
2,2025-08-19,87.6,73.4,0.051,84,79.9,0.051,6.5,16.8
2,2025-08-20,87.6,74.1,0.311,87,79.1,0.311,6.4,14.1
2,2025-08-21,85.0,74.3,0.260,89,78.6,0.260,6.5,16.3
2,2025-08-22,84.8,71.8,0.354,88,77.5,0.354,5.3,13.6
2,2025-08-23,82.9,71.6,0.516,91,76.0,0.516,4.5,15.2
2,2025-08-24,85.6,71.7,0.213,88,77.4,0.213,4.4,12.3
2,2025-08-25,88.0,71.3,0.303,83,78.6,0.303,11.1,20.6
2,2025-08-26,84.9,71.2,0.598,89,76.1,0.598,11.4,23.3
2,2025-08-27,79.3,71.6,1.693,94,74.5,1.693,6.4,17.4
2,2025-08-28,81.4,71.9,0.209,91,75.7,0.209,4.4,13.6
2,2025-08-29,84.8,72.0,0.083,87,77.5,0.083,4.2,11.6
2,2025-08-30,87.3,72.1,0.480,87,78.3,0.480,7.9,19.5
2,2025-08-31,84.2,70.3,0.945,89,76.3,0.945,13.3,27.3
2,2025-09-01,83.9,71.9,0.165,87,77.0,0.165,7.0,15.9
2,2025-09-02,82.9,72.0,0.169,89,77.1,0.169,6.3,14.1
2,2025-09-03,85.9,73.0,0.043,87,78.9,0.043,6.1,13.6
2,2025-09-04,88.8,73.4,0.028,83,81.0,0.028,5.4,11.2
2,2025-09-05,88.1,73.3,0.020,83,80.7,0.020,5.9,12.5
2,2025-09-06,87.7,72.8,0.244,86,79.6,0.244,5.2,13.2
2,2025-09-07,85.8,71.4,0.213,88,77.6,0.213,4.1,11.4
2,2025-09-08,86.6,72.9,0.012,84,79.3,0.012,3.3,10.5
2,2025-09-09,84.5,72.8,0.130,86,78.2,0.130,7.2,15.4
2,2025-09-10,81.4,71.3,0.992,91,75.9,0.992,7.4,16.3
2,2025-09-11,82.9,71.3,0.705,91,76.0,0.705,5.4,15.2
2,2025-09-12,84.5,70.9,0.102,88,77.5,0.102,4.5,11.9
2,2025-09-13,81.3,71.6,0.370,93,75.8,0.370,4.6,13.2
2,2025-09-14,83.0,71.9,0.114,88,77.0,0.114,6.7,17.2
2,2025-09-15,86.1,71.5,0.339,86,77.8,0.339,6.0,14.5
2,2025-09-16,82.8,70.8,0.146,88,76.7,0.146,5.2,13.4
2,2025-09-17,86.2,72.1,0.165,84,78.9,0.165,2.8,17.2
2,2025-09-18,86.0,72.4,0.957,85,78.8,0.957,6.9,13.0
2,2025-09-19,85.4,72.3,0.126,86,78.1,0.126,3.7,10.7
2,2025-09-20,85.0,71.8,0.197,88,77.1,0.197,6.2,18.3
2,2025-09-21,80.5,72.1,0.398,91,76.6,0.398,4.0,13.0
2,2025-09-22,82.4,71.5,0.516,92,76.4,0.516,6.2,12.8
2,2025-09-23,83.8,71.4,0.567,87,77.5,0.567,4.0,9.8
2,2025-09-24,83.4,71.9,1.157,91,76.1,1.157,4.7,14.8
2,2025-09-25,85.3,72.2,0.244,87,78.0,0.244,4.6,11.2
2,2025-09-26,84.6,72.1,1.346,89,76.2,1.346,9.3,18.8
2,2025-09-27,83.8,71.2,0.953,91,75.5,0.953,8.8,21.3
2,2025-09-28,86.9,72.2,0.000,78,79.2,0.000,8.1,17.7
2,2025-09-29,90.4,72.9,0.346,78,80.6,0.346,8.6,18.3
2,2025-09-30,78.4,71.0,1.453,95,73.6,1.453,8.8,18.3
2,2025-10-01,79.3,72.0,0.394,94,74.4,0.394,5.8,16.3
2,2025-10-02,84.5,71.7,0.047,87,77.5,0.047,3.4,9.8
2,2025-10-03,88.3,72.7,0.004,84,79.7,0.004,6.1,14.1
2,2025-10-04,82.4,72.4,0.185,91,77.2,0.185,4.3,11.0
2,2025-10-05,86.6,73.3,0.024,84,79.0,0.024,4.9,13.4
2,2025-10-06,88.3,73.9,0.087,86,79.2,0.087,7.2,16.3
2,2025-10-07,81.0,71.3,0.358,92,75.8,0.358,6.2,16.3
2,2025-10-08,83.3,71.4,0.154,88,76.0,0.154,5.7,13.6
2,2025-10-09,85.3,71.2,0.028,86,77.5,0.028,5.2,12.3
2,2025-10-10,86.3,70.8,0.020,82,78.0,0.020,5.2,11.2
2,2025-10-11,86.9,72.0,0.000,78,79.0,0.000,2.7,9.8
2,2025-10-12,87.1,72.6,0.000,78,79.3,0.000,3.0,8.9
2,2025-10-13,85.6,71.9,0.181,85,78.0,0.181,4.0,12.5
2,2025-10-14,83.3,71.4,0.878,87,76.6,0.878,5.1,13.0
2,2025-10-15,82.8,72.0,1.169,91,74.8,1.169,5.7,19.2
2,2025-10-16,82.0,70.9,0.150,91,75.2,0.150,6.4,15.0
2,2025-10-17,85.3,71.4,0.079,87,76.5,0.079,6.1,12.8
2,2025-10-18,86.3,69.7,0.028,82,77.7,0.028,4.8,12.5
2,2025-10-19,86.1,70.3,0.000,78,78.2,0.000,6.8,15.9
2,2025-10-20,85.4,70.0,0.000,75,77.5,0.000,5.6,13.9
2,2025-10-21,84.7,69.0,0.008,76,76.8,0.008,7.5,16.8
2,2025-10-22,82.5,66.9,0.000,72,74.7,0.000,10.0,21.5
2,2025-10-23,83.4,68.7,0.000,72,75.2,0.000,8.8,18.8
2,2025-10-24,81.8,66.5,0.000,75,74.6,0.000,8.3,17.9
2,2025-10-25,82.0,67.6,0.008,78,74.6,0.008,5.2,13.4
2,2025-10-26,82.5,65.5,0.000,77,74.5,0.000,7.1,16.8
2,2025-10-27,82.5,65.8,0.000,77,73.3,0.000,7.9,17.7
2,2025-10-28,84.0,66.2,0.000,75,74.9,0.000,8.1,17.9
2,2025-10-29,83.5,67.4,0.000,77,75.7,0.000,5.9,14.3
2,2025-10-30,85.3,69.2,0.000,75,77.1,0.000,7.2,16.3
2,2025-10-31,84.7,70.2,1.732,82,77.3,1.732,7.6,17.9
2,2025-11-01,80.2,70.5,0.953,90,75.0,0.953,5.5,15.7
2,2025-11-02,81.2,70.8,0.173,88,75.7,0.173,6.6,20.1
2,2025-11-03,80.3,69.1,1.437,92,73.2,1.437,6.4,17.4
2,2025-11-04,80.2,71.3,0.075,83,74.9,0.075,5.7,13.9
2,2025-11-05,80.3,70.8,0.055,81,74.8,0.055,4.3,11.9
2,2025-11-06,83.3,68.5,0.016,82,76.3,0.016,3.5,10.7
2,2025-11-07,85.1,68.9,0.016,79,78.0,0.016,6.2,13.2
2,2025-11-08,83.0,71.6,1.528,88,75.7,1.528,7.5,17.7
2,2025-11-09,79.2,69.7,0.921,91,73.5,0.921,4.2,12.3
2,2025-11-10,82.2,70.7,0.161,90,75.0,0.161,6.3,14.3
2,2025-11-11,83.2,68.1,0.020,87,75.4,0.020,2.2,9.4
2,2025-11-12,85.2,68.6,0.000,78,76.1,0.000,3.0,9.8
2,2025-11-13,84.4,68.8,0.126,83,75.6,0.126,5.9,11.4
2,2025-11-14,82.9,68.7,0.091,86,74.5,0.091,3.3,9.8
2,2025-11-15,81.5,64.0,0.016,83,73.4,0.016,6.1,13.9
2,2025-11-16,80.8,65.4,0.000,70,73.3,0.000,8.1,18.1
2,2025-11-17,80.2,69.5,0.961,82,73.2,0.961,8.6,18.3
2,2025-11-18,70.8,64.0,0.626,91,68.8,0.626,9.6,17.4
2,2025-11-19,70.0,59.3,0.016,77,64.7,0.016,10.8,21.9
2,2025-11-20,73.8,60.4,0.000,73,67.6,0.000,8.9,19.5
2,2025-11-21,75.4,58.3,0.000,73,66.6,0.000,8.9,19.2
2,2025-11-22,75.8,59.2,0.000,77,66.7,0.000,6.2,15.2
2,2025-11-23,77.3,58.2,0.000,78,67.3,0.000,4.3,12.3
2,2025-11-24,78.4,59.4,0.000,74,68.3,0.000,6.8,15.9
2,2025-11-25,76.2,55.2,0.000,70,66.1,0.000,10.2,21.7
2,2025-11-26,75.0,55.9,0.000,72,64.5,0.000,6.7,16.1
2,2025-11-27,75.5,52.4,0.000,63,63.9,0.000,10.6,22.1
2,2025-11-28,72.8,50.4,0.000,66,60.6,0.000,7.5,17.0
2,2025-11-29,73.1,49.8,0.000,69,60.7,0.000,3.7,11.2
2,2025-11-30,74.2,49.6,0.000,77,62.2,0.000,2.9,10.3
2,2025-12-01,76.1,53.5,0.000,80,64.3,0.000,2.6,10.1
2,2025-12-02,78.2,54.3,0.000,82,66.7,0.000,3.1,9.8
2,2025-12-03,79.4,58.6,0.000,76,67.8,0.000,4.4,11.6
2,2025-12-04,79.4,59.5,0.000,79,68.4,0.000,3.2,9.6
2,2025-12-05,80.4,60.4,0.000,78,71.0,0.000,2.6,9.6
2,2025-12-06,81.5,62.9,0.000,81,71.9,0.000,2.8,9.4
2,2025-12-07,81.8,63.3,0.016,82,72.1,0.016,3.4,10.5
2,2025-12-08,79.5,62.1,0.028,80,70.5,0.028,4.9,12.5
2,2025-12-09,78.3,60.2,0.000,73,68.6,0.000,5.3,12.5
2,2025-12-10,76.6,58.0,0.000,76,66.6,0.000,4.0,9.4
2,2025-12-11,76.8,57.7,0.035,73,69.9,0.035,5.5,14.1
2,2025-12-12,74.2,60.7,0.000,82,67.8,0.000,3.3,10.1
2,2025-12-13,78.4,61.7,0.000,81,70.1,0.000,6.6,15.7
2,2025-12-14,79.3,62.9,0.000,79,70.6,0.000,7.0,16.3
2,2025-12-15,79.3,61.7,0.004,81,69.9,0.004,3.4,11.0
2,2025-12-16,79.4,62.1,0.024,80,70.3,0.024,3.5,9.8
2,2025-12-17,77.8,62.5,0.106,83,68.7,0.106,6.0,15.7
2,2025-12-18,76.3,59.9,0.004,84,67.2,0.004,4.4,12.8
2,2025-12-19,78.1,59.2,0.004,80,68.2,0.004,2.9,10.3
2,2025-12-20,79.0,58.2,0.000,76,67.8,0.000,2.8,10.1
2,2025-12-21,78.2,58.6,0.000,71,67.6,0.000,6.0,15.0
2,2025-12-22,78.3,57.1,0.000,72,67.5,0.000,2.8,10.3
2,2025-12-23,78.4,56.8,0.000,77,69.5,0.000,4.5,12.8
2,2025-12-24,79.7,61.5,0.004,78,70.6,0.004,4.9,10.3
2,2025-12-25,80.5,60.8,0.000,72,69.5,0.000,3.3,10.7
2,2025-12-26,79.8,59.5,0.000,73,69.7,0.000,3.2,10.3
2,2025-12-27,78.4,59.4,0.000,74,69.0,0.000,2.7,10.3
2,2025-12-28,78.7,57.9,0.000,73,68.5,0.000,3.5,10.5
2,2025-12-29,80.4,56.7,0.000,75,68.1,0.000,3.6,8.7
2,2025-12-30,78.5,56.4,0.000,74,67.5,0.000,5.1,11.6
2,2025-12-31,79.6,56.5,0.000,79,68.1,0.000,4.0,8.9
3,2025-01-01,71.2,58.9,0.028,77,64.5,0.028,5.6,15.2
3,2025-01-02,72.6,58.8,0.000,71,64.8,0.000,5.0,12.8
3,2025-01-03,73.0,59.4,0.000,65,65.7,0.000,6.1,15.2
3,2025-01-04,72.2,58.3,0.000,69,63.9,0.000,5.6,14.5
3,2025-01-05,71.1,57.4,0.000,64,63.6,0.000,5.2,13.6
3,2025-01-06,70.6,57.1,0.000,68,62.7,0.000,5.1,12.3
3,2025-01-07,68.6,57.1,0.000,69,62.2,0.000,5.9,15.9
3,2025-01-08,69.7,56.6,0.000,68,61.6,0.000,6.3,17.0
3,2025-01-09,70.5,57.1,0.000,64,63.0,0.000,6.3,15.7
3,2025-01-10,71.2,58.7,0.000,66,64.6,0.000,5.5,13.9
3,2025-01-11,70.8,53.6,0.000,70,61.6,0.000,6.7,15.4
3,2025-01-12,67.3,51.3,0.000,58,58.7,0.000,6.5,14.5
3,2025-01-13,69.2,50.9,0.000,58,59.8,0.000,4.4,11.9
3,2025-01-14,72.0,54.4,0.000,64,62.0,0.000,4.0,10.7
3,2025-01-15,72.5,55.0,0.000,57,63.2,0.000,5.3,13.4
3,2025-01-16,72.4,55.9,0.000,61,62.9,0.000,4.4,11.9
3,2025-01-17,73.9,56.5,0.000,65,63.7,0.000,4.4,11.9
3,2025-01-18,74.2,57.3,0.000,65,64.7,0.000,3.9,12.1
3,2025-01-19,74.3,58.1,0.000,67,64.8,0.000,4.9,14.1
3,2025-01-20,74.8,57.7,0.000,70,64.8,0.000,4.8,13.6
3,2025-01-21,74.3,57.3,0.000,66,64.5,0.000,5.2,14.8
3,2025-01-22,76.0,56.9,0.000,65,65.4,0.000,4.1,12.5
3,2025-01-23,76.9,57.6,0.000,65,66.2,0.000,4.0,12.3
3,2025-01-24,76.4,56.7,0.000,65,65.4,0.000,5.2,13.2
3,2025-01-25,76.6,56.0,0.000,65,65.9,0.000,4.0,10.3
3,2025-01-26,76.4,58.5,0.000,59,66.9,0.000,5.0,12.8
3,2025-01-27,72.3,55.4,0.008,78,63.0,0.008,8.9,22.8
3,2025-01-28,68.4,55.0,0.114,82,61.7,0.114,7.5,19.7
3,2025-01-29,69.1,58.1,0.031,78,62.8,0.031,7.8,20.4
3,2025-01-30,73.2,57.3,0.004,75,63.4,0.004,8.4,21.5
3,2025-01-31,75.4,56.0,0.000,68,64.6,0.000,5.2,15.9
3,2025-02-01,76.4,55.5,0.000,60,65.1,0.000,4.9,14.1
3,2025-02-02,78.0,55.3,0.000,58,66.4,0.000,4.3,12.3
3,2025-02-03,79.3,60.1,0.000,53,69.1,0.000,5.2,13.9
3,2025-02-04,78.5,60.2,0.000,58,68.1,0.000,9.7,23.5
3,2025-02-05,75.9,57.2,0.000,72,65.6,0.000,8.9,22.4
3,2025-02-06,77.3,56.8,0.000,67,66.8,0.000,4.8,13.6
3,2025-02-07,78.0,59.6,0.000,64,67.9,0.000,7.3,18.6
3,2025-02-08,77.2,61.7,0.024,66,69.6,0.024,6.9,18.3
3,2025-02-09,75.1,61.8,0.020,76,67.4,0.020,6.5,17.9
3,2025-02-10,76.8,59.9,0.028,71,66.9,0.028,6.5,17.2
3,2025-02-11,77.6,58.6,0.000,62,66.7,0.000,7.3,18.8
3,2025-02-12,78.5,57.8,0.000,54,66.9,0.000,6.2,16.1
3,2025-02-13,77.3,57.7,0.000,52,66.8,0.000,7.2,17.4
3,2025-02-14,77.4,57.4,0.000,56,66.0,0.000,7.8,20.4
3,2025-02-15,77.1,56.1,0.000,57,65.7,0.000,6.7,17.4
3,2025-02-16,77.1,56.7,0.000,59,66.0,0.000,7.1,18.6
3,2025-02-17,79.3,56.8,0.000,50,67.8,0.000,7.1,19.0
3,2025-02-18,79.0,57.9,0.000,52,67.3,0.000,8.0,20.8
3,2025-02-19,78.9,57.7,0.000,55,67.8,0.000,7.2,18.3
3,2025-02-20,80.5,58.6,0.000,47,68.9,0.000,5.0,15.2
3,2025-02-21,81.9,58.9,0.000,43,69.3,0.000,6.6,19.7
3,2025-02-22,81.2,61.1,0.000,43,71.4,0.000,4.9,15.7
3,2025-02-23,80.7,64.4,0.012,53,71.7,0.012,6.9,18.1
3,2025-02-24,75.5,60.2,1.295,85,65.5,1.295,7.2,17.9
3,2025-02-25,73.5,59.4,0.705,88,64.6,0.705,4.0,13.4
3,2025-02-26,79.1,59.5,0.047,67,69.2,0.047,4.0,12.5
3,2025-02-27,81.1,60.7,0.000,58,69.4,0.000,5.9,15.9
3,2025-02-28,82.4,60.6,0.000,57,70.3,0.000,6.3,17.2
3,2025-03-01,84.0,60.5,0.000,52,69.9,0.000,6.6,19.0
3,2025-03-02,83.7,60.7,0.000,47,70.6,0.000,6.6,17.4
3,2025-03-03,84.3,60.4,0.000,45,70.0,0.000,7.1,19.2
3,2025-03-04,82.8,59.5,0.000,49,70.0,0.000,6.3,17.2
3,2025-03-05,81.3,59.2,0.000,47,69.5,0.000,7.3,18.3
3,2025-03-06,79.9,60.4,0.000,49,69.6,0.000,6.7,17.0
3,2025-03-07,84.1,62.4,0.000,52,71.1,0.000,9.7,24.2
3,2025-03-08,80.9,61.1,0.039,67,70.1,0.039,10.1,24.4
3,2025-03-09,79.6,61.3,0.016,68,69.9,0.016,7.1,18.6
3,2025-03-10,82.7,64.0,0.016,59,72.4,0.016,4.3,12.3
3,2025-03-11,84.8,64.0,0.000,51,72.6,0.000,7.4,20.1
3,2025-03-12,84.2,63.6,0.000,54,72.5,0.000,9.2,23.7
3,2025-03-13,84.7,62.6,0.000,48,71.4,0.000,8.1,21.7
3,2025-03-14,86.5,62.2,0.000,41,73.1,0.000,6.1,17.0
3,2025-03-15,88.3,62.0,0.000,42,74.0,0.000,5.4,13.4
3,2025-03-16,87.4,63.9,0.000,44,75.3,0.000,6.6,18.1
3,2025-03-17,87.9,65.3,0.000,46,75.9,0.000,7.9,21.0
3,2025-03-18,87.4,66.3,0.000,49,75.6,0.000,6.9,19.2
3,2025-03-19,83.5,60.4,0.055,74,71.0,0.055,6.0,17.9
3,2025-03-20,82.3,60.6,0.004,67,70.9,0.004,4.8,14.1
3,2025-03-21,80.7,63.4,0.008,66,71.4,0.008,4.7,14.1
3,2025-03-22,82.1,65.8,0.043,68,72.5,0.043,5.5,15.0
3,2025-03-23,83.5,64.0,0.004,59,72.6,0.004,6.4,17.2
3,2025-03-24,84.5,62.7,0.000,53,72.7,0.000,6.0,16.3
3,2025-03-25,82.2,63.0,0.004,54,71.9,0.004,7.2,18.6
3,2025-03-26,82.2,61.4,0.000,52,71.2,0.000,8.9,21.3
3,2025-03-27,82.6,62.0,0.000,49,72.0,0.000,7.2,18.6
3,2025-03-28,82.6,62.7,0.000,55,72.2,0.000,6.6,16.6
3,2025-03-29,84.3,64.6,0.000,49,73.9,0.000,6.6,17.7
3,2025-03-30,85.8,66.5,0.000,58,74.4,0.000,7.7,19.2
3,2025-03-31,86.7,65.9,0.000,63,74.6,0.000,7.4,19.7
3,2025-04-01,86.7,64.9,0.000,60,74.9,0.000,7.2,18.8
3,2025-04-02,86.6,65.9,0.004,59,75.4,0.004,5.2,13.4
3,2025-04-03,86.1,65.9,0.000,67,75.1,0.000,7.2,15.7
3,2025-04-04,87.3,65.6,0.008,66,75.3,0.008,7.7,19.5
3,2025-04-05,84.4,66.7,0.075,73,73.9,0.075,7.6,22.1
3,2025-04-06,80.5,67.5,0.055,79,71.2,0.055,7.4,18.6
3,2025-04-07,81.5,66.7,0.071,67,72.0,0.071,6.0,17.4
3,2025-04-08,81.1,65.6,0.000,60,72.7,0.000,4.0,10.7
3,2025-04-09,83.8,65.4,0.000,53,74.0,0.000,6.0,13.2
3,2025-04-10,84.0,64.9,0.248,78,72.0,0.248,6.9,19.0
3,2025-04-11,84.7,65.9,0.039,78,72.9,0.039,8.7,21.5
3,2025-04-12,79.7,65.9,0.185,85,71.0,0.185,5.7,16.8
3,2025-04-13,80.0,64.0,1.114,85,70.6,1.114,7.3,19.2
3,2025-04-14,77.5,64.9,1.098,86,69.7,1.098,4.3,13.6
3,2025-04-15,80.1,66.2,0.201,82,71.6,0.201,4.9,13.9
3,2025-04-16,82.9,64.3,0.130,83,71.7,0.130,6.7,18.3
3,2025-04-17,82.2,64.5,0.134,80,72.1,0.134,6.7,20.1
3,2025-04-18,82.0,64.2,0.051,77,71.9,0.051,8.3,21.7
3,2025-04-19,81.6,65.3,0.031,74,72.2,0.031,7.2,18.8
3,2025-04-20,82.9,65.8,0.020,70,73.5,0.020,8.0,20.1
3,2025-04-21,83.8,67.6,0.024,73,74.2,0.024,8.1,20.4
3,2025-04-22,86.0,67.6,0.063,77,74.7,0.063,7.4,20.8
3,2025-04-23,87.5,66.6,0.004,68,75.8,0.004,6.6,18.8
3,2025-04-24,88.2,66.5,0.000,67,76.1,0.000,6.3,17.7
3,2025-04-25,88.3,68.3,0.004,62,77.3,0.004,7.1,17.4
3,2025-04-26,86.9,67.4,0.004,72,76.2,0.004,5.8,16.6
3,2025-04-27,86.6,68.8,0.043,69,76.7,0.043,6.6,16.8
3,2025-04-28,85.7,64.2,0.209,76,74.2,0.209,9.1,23.0
3,2025-04-29,77.1,64.9,0.150,87,69.0,0.150,6.8,20.4
3,2025-04-30,78.0,65.0,0.303,84,69.5,0.303,6.1,17.7
3,2025-05-01,79.7,64.5,0.559,83,70.4,0.559,8.4,19.9
3,2025-05-02,80.3,65.8,0.122,81,71.7,0.122,7.1,19.2
3,2025-05-03,79.5,64.9,0.614,87,70.2,0.614,7.4,21.5
3,2025-05-04,83.0,65.1,0.020,74,72.8,0.020,7.7,20.1
3,2025-05-05,81.6,66.3,0.079,72,73.3,0.079,4.9,15.0
3,2025-05-06,86.3,67.1,0.024,64,76.0,0.024,5.9,15.2
3,2025-05-07,85.7,67.2,0.039,72,75.6,0.039,6.5,18.1
3,2025-05-08,84.6,67.5,0.083,81,74.4,0.083,6.1,17.0
3,2025-05-09,86.9,69.2,0.055,72,76.8,0.055,6.9,14.8
3,2025-05-10,84.1,68.8,0.283,81,75.1,0.283,5.2,15.0
3,2025-05-11,86.1,65.5,0.760,86,72.7,0.760,6.7,16.8
3,2025-05-12,80.8,65.8,0.346,85,71.7,0.346,5.3,16.8
3,2025-05-13,81.0,65.9,0.394,87,71.3,0.394,5.6,15.0
3,2025-05-14,81.3,67.4,0.394,84,72.4,0.394,4.9,13.2
3,2025-05-15,76.0,66.4,0.346,91,69.7,0.346,7.9,19.7
3,2025-05-16,75.9,66.4,0.496,90,69.9,0.496,7.8,22.6
3,2025-05-17,78.4,67.2,0.358,92,70.4,0.358,6.0,19.5
3,2025-05-18,81.2,66.6,0.252,88,71.4,0.252,5.2,14.3
3,2025-05-19,81.4,66.4,0.496,87,71.9,0.496,6.2,17.2
3,2025-05-20,82.2,67.4,0.291,84,74.0,0.291,5.5,16.6
3,2025-05-21,80.3,67.6,0.354,87,72.7,0.354,7.4,19.2
3,2025-05-22,82.3,68.2,0.555,88,73.0,0.555,4.0,13.4
3,2025-05-23,82.4,68.5,0.709,91,72.4,0.709,4.1,13.6
3,2025-05-24,81.1,68.2,0.563,90,71.8,0.563,8.9,21.3
3,2025-05-25,81.2,66.3,0.323,88,71.8,0.323,7.6,19.2
3,2025-05-26,76.9,67.7,0.461,89,70.9,0.461,8.2,20.6
3,2025-05-27,75.0,66.8,1.390,97,69.0,1.390,7.3,20.4
3,2025-05-28,77.6,67.2,1.291,95,69.8,1.291,10.5,25.1
3,2025-05-29,70.6,67.5,1.098,99,68.8,1.098,8.8,25.9
3,2025-05-30,72.3,67.6,0.972,99,69.1,0.972,11.4,31.8
3,2025-05-31,72.0,67.8,0.803,99,69.3,0.803,7.9,22.4
3,2025-06-01,77.5,67.9,0.528,97,69.9,0.528,10.5,28.6
3,2025-06-02,74.9,67.2,0.921,97,69.3,0.921,9.4,28.2
3,2025-06-03,71.8,66.7,0.339,97,68.5,0.339,6.1,18.8
3,2025-06-04,81.4,66.9,0.039,85,72.6,0.039,5.2,14.8
3,2025-06-05,82.2,66.8,0.307,86,72.8,0.307,5.7,15.7
3,2025-06-06,83.2,68.0,0.102,85,73.4,0.102,6.2,17.7
3,2025-06-07,82.3,68.5,0.248,88,73.5,0.248,4.9,14.5
3,2025-06-08,82.5,68.8,0.295,88,73.1,0.295,5.3,17.4
3,2025-06-09,80.7,67.7,0.177,88,72.4,0.177,7.0,18.8
3,2025-06-10,81.1,67.5,0.539,90,71.4,0.539,5.4,17.2
3,2025-06-11,75.3,66.8,0.677,96,69.5,0.677,5.2,14.5
3,2025-06-12,79.1,67.6,0.417,92,71.1,0.417,5.0,13.9
3,2025-06-13,80.2,67.8,0.650,92,71.4,0.650,6.8,17.9
3,2025-06-14,76.2,67.7,0.728,96,69.6,0.728,6.6,17.4
3,2025-06-15,75.0,67.1,0.433,96,69.6,0.433,8.1,20.6
3,2025-06-16,71.9,67.3,0.701,98,68.8,0.701,7.7,24.6
3,2025-06-17,75.0,67.3,0.634,97,69.1,0.634,7.9,21.9
3,2025-06-18,73.9,67.0,0.492,94,69.6,0.492,8.1,22.4
3,2025-06-19,74.1,67.2,0.362,96,69.2,0.362,6.9,20.8
3,2025-06-20,77.7,66.5,0.268,91,71.0,0.268,6.6,21.0
3,2025-06-21,79.9,67.5,0.236,90,71.4,0.236,7.2,18.8
3,2025-06-22,75.5,67.0,0.819,95,70.1,0.819,6.4,16.1
3,2025-06-23,76.0,66.6,0.528,96,69.3,0.528,8.0,21.3
3,2025-06-24,75.1,66.3,0.539,95,69.1,0.539,9.4,23.3
3,2025-06-25,78.6,66.7,0.268,93,70.4,0.268,7.3,20.1
3,2025-06-26,79.0,66.8,0.819,93,70.4,0.819,5.9,15.9
3,2025-06-27,74.9,65.9,0.252,94,69.4,0.252,6.2,17.0
3,2025-06-28,77.9,66.1,0.823,94,69.4,0.823,7.7,20.6
3,2025-06-29,72.5,66.6,0.575,97,68.6,0.575,7.0,21.7
3,2025-06-30,76.5,66.7,0.358,91,70.2,0.358,7.3,21.7
3,2025-07-01,74.6,66.3,0.858,97,68.7,0.858,6.5,19.2
3,2025-07-02,75.6,65.9,0.484,94,69.3,0.484,6.6,20.4
3,2025-07-03,74.8,65.7,0.429,95,68.5,0.429,6.2,18.8
3,2025-07-04,75.7,66.2,0.138,92,69.5,0.138,5.8,18.6
3,2025-07-05,75.7,66.6,0.693,94,69.6,0.693,6.5,19.2
3,2025-07-06,72.0,66.4,0.752,98,68.0,0.752,7.5,20.8
3,2025-07-07,71.5,66.7,0.516,97,68.2,0.516,7.3,21.9
3,2025-07-08,77.3,66.7,0.154,91,70.5,0.154,7.2,23.7
3,2025-07-09,77.3,66.9,0.547,93,70.1,0.547,7.5,23.9
3,2025-07-10,79.8,66.6,0.350,90,70.8,0.350,7.1,24.4
3,2025-07-11,76.2,67.9,0.591,93,70.5,0.591,4.0,13.2
3,2025-07-12,74.5,67.1,0.563,97,69.3,0.563,5.4,13.4
3,2025-07-13,75.3,67.2,0.197,95,70.1,0.197,7.9,20.6
3,2025-07-14,77.9,67.8,0.382,96,70.6,0.382,6.6,16.8
3,2025-07-15,80.4,68.3,0.606,93,71.3,0.606,5.5,18.1
3,2025-07-16,74.6,67.3,0.398,96,69.8,0.398,6.8,18.6
3,2025-07-17,72.9,67.0,0.508,97,68.9,0.508,6.0,16.8
3,2025-07-18,75.5,66.8,0.323,95,69.4,0.323,5.8,15.9
3,2025-07-19,77.1,67.1,0.264,93,70.6,0.264,6.2,16.8
3,2025-07-20,77.5,67.4,0.524,94,70.2,0.524,5.5,13.0
3,2025-07-21,77.9,67.1,0.146,93,70.7,0.146,7.0,17.0
3,2025-07-22,77.3,67.9,0.287,95,70.3,0.287,7.6,18.3
3,2025-07-23,69.5,67.5,2.862,99,68.5,2.862,7.7,22.8
3,2025-07-24,70.1,66.4,1.453,100,67.8,1.453,8.5,22.4
3,2025-07-25,75.0,66.7,0.535,97,69.0,0.535,7.4,23.5
3,2025-07-26,74.4,67.4,0.382,95,69.9,0.382,8.4,24.2
3,2025-07-27,73.8,67.4,1.614,98,69.5,1.614,7.1,23.3
3,2025-07-28,74.2,67.4,0.921,97,69.0,0.921,6.4,21.0
3,2025-07-29,73.2,67.5,0.563,98,69.5,0.563,6.0,19.5
3,2025-07-30,77.7,66.7,0.217,93,70.8,0.217,6.5,21.7
3,2025-07-31,77.5,67.1,0.323,92,70.8,0.323,8.2,26.6
3,2025-08-01,80.2,67.8,0.252,90,71.7,0.252,8.1,23.5
3,2025-08-02,76.2,67.6,0.232,89,71.5,0.232,7.7,21.9
3,2025-08-03,82.0,66.1,0.004,77,73.2,0.004,9.2,25.9
3,2025-08-04,81.2,68.3,0.012,81,73.7,0.012,7.1,19.2
3,2025-08-05,76.2,67.6,0.689,95,70.5,0.689,6.7,20.1
3,2025-08-06,70.9,66.8,0.610,97,68.5,0.610,7.7,19.0
3,2025-08-07,71.2,66.6,0.252,97,68.0,0.252,7.3,22.1
3,2025-08-08,77.8,66.0,0.039,88,70.9,0.039,6.6,20.8
3,2025-08-09,79.3,66.4,0.256,87,71.5,0.256,6.7,19.7
3,2025-08-10,79.5,67.1,0.232,88,71.5,0.232,6.6,17.4
3,2025-08-11,78.0,67.4,0.772,93,70.9,0.772,4.8,12.5
3,2025-08-12,79.4,66.9,0.311,92,71.0,0.311,7.3,18.6
3,2025-08-13,77.1,67.1,0.358,93,70.5,0.358,5.2,15.9
3,2025-08-14,77.6,66.4,0.630,93,70.1,0.630,4.3,12.3
3,2025-08-15,78.7,65.8,0.528,92,70.6,0.528,4.3,11.0
3,2025-08-16,78.2,65.4,0.307,89,70.6,0.307,7.8,19.7
3,2025-08-17,77.2,64.1,0.209,93,68.8,0.209,7.8,19.9
3,2025-08-18,78.3,65.4,0.193,89,70.7,0.193,6.5,17.0
3,2025-08-19,79.9,65.4,0.146,89,71.1,0.146,6.5,16.6
3,2025-08-20,80.3,66.7,0.181,89,71.3,0.181,6.5,16.8
3,2025-08-21,78.9,67.2,0.236,90,71.0,0.236,6.5,17.4
3,2025-08-22,78.8,65.8,0.732,93,69.9,0.732,5.8,15.4
3,2025-08-23,75.3,66.4,0.335,94,69.3,0.335,4.6,13.4
3,2025-08-24,77.5,65.5,0.217,90,70.2,0.217,4.5,12.3
3,2025-08-25,82.0,67.5,0.276,88,72.0,0.276,6.0,16.6
3,2025-08-26,75.7,66.0,1.118,93,69.9,1.118,5.4,15.0
3,2025-08-27,70.0,65.7,1.197,98,67.3,1.197,6.0,18.3
3,2025-08-28,72.0,64.9,0.299,95,67.5,0.299,5.5,14.1
3,2025-08-29,77.0,65.8,0.232,92,69.7,0.232,5.1,13.9
3,2025-08-30,79.3,67.0,0.126,85,72.0,0.126,4.3,12.3
3,2025-08-31,79.2,67.1,1.197,90,71.8,1.197,7.5,21.9
3,2025-09-01,78.3,65.7,0.382,93,69.5,0.382,8.2,20.1
3,2025-09-02,78.4,66.4,0.142,89,71.2,0.142,6.3,17.2
3,2025-09-03,79.5,67.4,0.067,88,71.7,0.067,6.8,17.9
3,2025-09-04,82.3,67.3,0.201,86,73.0,0.201,3.4,10.3
3,2025-09-05,82.9,67.9,0.106,87,73.2,0.106,5.4,15.0
3,2025-09-06,80.8,67.5,0.126,87,72.8,0.126,5.2,14.1
3,2025-09-07,80.5,66.0,0.177,87,72.3,0.177,6.1,13.9
3,2025-09-08,80.8,67.6,0.165,88,72.6,0.165,6.1,14.5
3,2025-09-09,80.3,67.1,0.209,89,71.8,0.209,6.7,14.8
3,2025-09-10,77.6,67.1,0.425,92,70.6,0.425,6.5,16.1
3,2025-09-11,74.8,66.8,0.181,94,69.6,0.181,7.1,18.3
3,2025-09-12,75.9,66.7,0.220,91,70.6,0.220,7.0,18.6
3,2025-09-13,76.8,67.3,0.240,93,70.6,0.240,5.0,14.5
3,2025-09-14,76.0,66.4,0.252,94,69.5,0.252,4.7,15.7
3,2025-09-15,80.1,66.0,0.189,87,71.3,0.189,6.4,16.8
3,2025-09-16,79.8,65.6,0.016,84,71.9,0.016,5.9,15.7
3,2025-09-17,80.0,66.4,0.079,85,71.9,0.079,4.8,13.2
3,2025-09-18,82.4,66.7,0.087,84,73.1,0.087,5.6,15.2
3,2025-09-19,79.6,67.7,0.236,87,72.1,0.236,5.7,17.0
3,2025-09-20,79.3,66.5,0.307,88,71.6,0.307,7.6,18.8
3,2025-09-21,75.2,66.8,0.126,92,70.2,0.126,6.8,17.4
3,2025-09-22,73.9,66.5,1.024,97,68.9,1.024,7.2,19.0
3,2025-09-23,75.9,67.3,0.689,96,69.4,0.689,5.5,15.2
3,2025-09-24,77.6,66.7,0.512,94,70.0,0.512,5.6,16.3
3,2025-09-25,77.1,66.7,0.248,94,69.8,0.248,6.4,19.5
3,2025-09-26,77.5,65.7,0.354,92,69.9,0.354,5.2,15.4
3,2025-09-27,79.2,66.7,0.083,85,71.6,0.083,6.5,19.0
3,2025-09-28,82.3,68.4,0.067,75,74.8,0.067,5.8,14.8
3,2025-09-29,83.0,65.9,0.087,83,73.5,0.087,5.8,13.9
3,2025-09-30,72.5,65.8,0.480,97,67.8,0.480,8.2,20.4
3,2025-10-01,74.8,65.4,0.343,95,68.3,0.343,11.7,28.0
3,2025-10-02,78.4,66.1,0.339,90,70.5,0.339,5.3,15.2
3,2025-10-03,80.2,67.8,0.559,89,71.8,0.559,4.0,12.5
3,2025-10-04,76.3,65.8,0.429,94,70.2,0.429,2.6,9.8
3,2025-10-05,80.3,66.5,0.209,91,70.9,0.209,4.8,12.5
3,2025-10-06,79.5,66.2,0.256,91,70.2,0.256,4.9,14.8
3,2025-10-07,77.2,65.9,0.236,93,69.2,0.236,5.5,15.0
3,2025-10-08,77.4,64.9,0.110,89,69.9,0.110,5.6,17.7
3,2025-10-09,79.1,65.0,0.122,86,70.7,0.122,5.0,14.8
3,2025-10-10,79.8,67.6,0.020,73,73.1,0.020,5.1,13.4
3,2025-10-11,81.4,65.9,0.004,74,73.4,0.004,4.9,13.0
3,2025-10-12,81.9,67.8,0.043,76,73.8,0.043,4.5,13.0
3,2025-10-13,80.9,66.5,0.087,82,72.0,0.087,5.2,15.4
3,2025-10-14,79.2,65.3,0.087,83,71.9,0.087,6.3,15.0
3,2025-10-15,75.3,65.2,0.929,92,69.2,0.929,6.0,14.5
3,2025-10-16,77.5,64.9,0.445,89,69.4,0.445,4.8,14.8
3,2025-10-17,80.9,64.1,0.051,84,71.1,0.051,5.6,15.0
3,2025-10-18,80.4,66.1,0.083,79,71.9,0.083,4.6,12.8
3,2025-10-19,79.9,66.6,0.055,77,72.7,0.055,5.5,14.3
3,2025-10-20,78.0,66.3,0.035,75,71.5,0.035,5.9,15.4
3,2025-10-21,80.1,64.8,0.039,75,71.8,0.039,5.9,17.0
3,2025-10-22,78.7,62.0,0.000,70,70.0,0.000,8.6,19.5
3,2025-10-23,77.6,63.6,0.000,67,70.5,0.000,6.2,15.2
3,2025-10-24,78.2,63.9,0.028,71,70.8,0.028,6.0,15.7
3,2025-10-25,77.5,64.2,0.000,72,70.9,0.000,6.6,16.3
3,2025-10-26,79.5,65.0,0.000,71,72.1,0.000,6.4,16.6
3,2025-10-27,81.1,65.9,0.000,65,72.5,0.000,5.8,15.0
3,2025-10-28,82.6,65.9,0.000,63,73.3,0.000,6.6,16.6
3,2025-10-29,82.4,66.8,0.004,69,73.5,0.004,5.4,15.4
3,2025-10-30,83.8,67.7,0.000,64,75.1,0.000,7.3,17.9
3,2025-10-31,81.0,66.9,0.016,73,74.0,0.016,7.0,18.1
3,2025-11-01,79.2,65.8,0.760,87,70.6,0.760,7.8,18.8
3,2025-11-02,74.7,66.0,0.598,93,68.5,0.598,7.0,19.7
3,2025-11-03,72.1,64.9,1.307,95,67.8,1.307,7.1,18.8
3,2025-11-04,73.4,64.9,0.906,91,68.5,0.906,8.3,20.6
3,2025-11-05,74.2,64.9,0.189,90,68.6,0.189,6.7,14.8
3,2025-11-06,76.3,64.9,0.051,86,70.1,0.051,4.8,13.6
3,2025-11-07,79.6,65.6,0.016,80,72.1,0.016,4.5,12.8
3,2025-11-08,79.1,65.4,0.516,88,70.5,0.516,5.1,16.6
3,2025-11-09,75.7,65.2,0.374,93,68.8,0.374,4.1,11.9
3,2025-11-10,73.3,64.0,0.783,94,67.6,0.783,3.8,11.4
3,2025-11-11,79.3,62.3,0.000,75,69.5,0.000,4.1,10.7
3,2025-11-12,80.5,62.2,0.000,72,70.3,0.000,5.3,14.1
3,2025-11-13,79.2,64.9,0.004,72,70.8,0.004,5.9,12.8
3,2025-11-14,77.7,64.6,0.059,78,70.6,0.059,4.1,11.0
3,2025-11-15,78.8,61.5,0.004,79,69.8,0.004,6.5,16.3
3,2025-11-16,76.4,62.5,0.000,62,68.6,0.000,6.2,14.3
3,2025-11-17,74.6,62.5,0.000,75,68.0,0.000,7.3,17.2
3,2025-11-18,69.8,62.5,0.177,88,65.9,0.177,4.6,13.0
3,2025-11-19,70.7,55.9,0.728,93,62.8,0.728,5.8,14.1
3,2025-11-20,71.8,56.8,0.000,80,63.2,0.000,6.4,15.0
3,2025-11-21,72.7,57.1,0.000,70,64.2,0.000,5.8,14.1
3,2025-11-22,73.7,56.8,0.000,70,64.6,0.000,4.9,12.1
3,2025-11-23,74.6,57.1,0.000,70,64.9,0.000,4.7,11.9
3,2025-11-24,75.8,56.8,0.000,63,65.6,0.000,4.7,13.0
3,2025-11-25,72.2,54.5,0.000,62,62.7,0.000,6.5,15.7
3,2025-11-26,72.0,54.0,0.000,63,62.2,0.000,6.1,15.2
3,2025-11-27,69.5,51.5,0.000,57,59.8,0.000,9.1,23.0
3,2025-11-28,69.9,51.2,0.000,51,60.2,0.000,5.0,13.4
3,2025-11-29,71.8,50.9,0.000,62,61.4,0.000,3.1,10.5
3,2025-11-30,73.4,53.6,0.000,71,62.9,0.000,3.3,11.6
3,2025-12-01,74.8,55.5,0.000,66,63.7,0.000,4.4,12.5
3,2025-12-02,75.0,56.8,0.000,65,65.2,0.000,4.5,12.8
3,2025-12-03,76.3,58.6,0.000,63,67.0,0.000,5.1,13.0
3,2025-12-04,75.4,58.6,0.000,65,67.1,0.000,4.3,11.9
3,2025-12-05,76.1,60.0,0.000,70,67.9,0.000,4.4,11.9
3,2025-12-06,76.5,60.9,0.020,82,68.0,0.020,3.9,12.1
3,2025-12-07,77.2,61.7,0.008,72,68.1,0.008,3.2,8.3
3,2025-12-08,76.6,61.0,0.000,75,67.9,0.000,6.7,13.9
3,2025-12-09,73.9,59.0,0.000,74,66.4,0.000,5.1,12.5
3,2025-12-10,73.4,57.7,0.000,67,64.6,0.000,5.4,14.3
3,2025-12-11,73.2,55.1,0.000,67,64.6,0.000,4.9,13.0
3,2025-12-12,70.7,58.4,0.012,78,65.1,0.012,4.5,12.1
3,2025-12-13,74.0,58.7,0.004,75,66.5,0.004,4.6,12.5
3,2025-12-14,72.7,59.7,0.083,78,66.0,0.083,4.8,12.8
3,2025-12-15,74.3,58.8,0.004,75,65.9,0.004,4.1,11.6
3,2025-12-16,74.3,59.5,0.004,72,65.7,0.004,4.6,13.6
3,2025-12-17,72.7,58.0,0.008,72,64.9,0.008,6.3,16.1
3,2025-12-18,72.0,57.7,0.000,74,64.3,0.000,5.1,14.3
3,2025-12-19,72.2,56.8,0.000,72,63.8,0.000,5.7,14.8
3,2025-12-20,73.4,56.8,0.000,67,64.4,0.000,5.3,14.1
3,2025-12-21,72.4,57.3,0.000,65,64.4,0.000,6.3,15.9
3,2025-12-22,71.7,56.3,0.000,65,63.0,0.000,5.2,14.1
3,2025-12-23,71.5,56.6,0.000,71,63.2,0.000,6.6,16.6
3,2025-12-24,72.3,57.5,0.000,69,63.7,0.000,5.8,15.7
3,2025-12-25,73.9,57.9,0.000,68,64.4,0.000,5.5,14.3
3,2025-12-26,73.1,57.6,0.000,67,64.2,0.000,5.4,14.5
3,2025-12-27,72.3,57.0,0.000,66,63.4,0.000,4.9,14.1
3,2025-12-28,72.2,54.2,0.000,67,62.6,0.000,4.5,13.4
3,2025-12-29,73.0,55.1,0.000,67,62.6,0.000,3.4,10.3
3,2025-12-30,72.6,55.6,0.000,70,62.8,0.000,4.0,12.5
3,2025-12-31,73.1,55.9,0.000,68,63.1,0.000,4.4,13.0
4,2025-01-01,87.3,75.7,0.000,71,81.2,0.000,10.1,23.7
4,2025-01-02,88.3,76.3,0.020,71,81.6,0.020,9.8,23.0
4,2025-01-03,89.0,76.7,0.047,71,82.2,0.047,11.0,25.3
4,2025-01-04,87.8,76.9,0.110,76,81.6,0.110,10.9,22.6
4,2025-01-05,88.6,76.6,0.075,75,81.2,0.075,13.5,28.6
4,2025-01-06,88.6,76.3,0.161,73,81.5,0.161,10.4,26.2
4,2025-01-07,88.3,75.1,0.287,77,81.1,0.287,11.0,26.4
4,2025-01-08,87.4,76.7,0.000,71,82.0,0.000,9.8,22.8
4,2025-01-09,87.4,76.4,0.008,74,81.6,0.008,10.4,24.4
4,2025-01-10,87.9,76.6,0.028,70,81.8,0.028,12.5,25.5
4,2025-01-11,88.1,76.8,0.118,71,80.9,0.118,14.8,29.8
4,2025-01-12,86.0,75.0,0.024,72,79.6,0.024,15.8,33.6
4,2025-01-13,86.3,74.8,0.024,70,79.9,0.024,13.6,31.1
4,2025-01-14,88.2,74.1,0.000,71,80.5,0.000,11.8,26.4
4,2025-01-15,87.2,74.2,0.043,70,80.9,0.043,13.4,30.4
4,2025-01-16,84.7,75.9,0.098,80,79.9,0.098,16.6,36.0
4,2025-01-17,88.1,75.7,0.020,73,81.5,0.020,14.5,31.3
4,2025-01-18,88.2,76.2,0.000,73,81.1,0.000,12.4,28.9
4,2025-01-19,89.7,75.7,0.000,70,81.9,0.000,9.6,23.7
4,2025-01-20,89.9,75.7,0.004,71,82.2,0.004,8.6,19.2
4,2025-01-21,90.4,76.1,0.016,69,82.7,0.016,10.0,21.3
4,2025-01-22,89.6,77.3,0.000,69,82.5,0.000,11.1,26.4
4,2025-01-23,90.4,77.2,0.008,69,82.8,0.008,10.3,24.4
4,2025-01-24,89.4,77.0,0.039,76,82.2,0.039,9.0,20.8
4,2025-01-25,89.7,77.0,0.083,78,82.1,0.083,8.7,22.8
4,2025-01-26,88.0,77.9,0.394,77,81.8,0.394,9.8,21.7
4,2025-01-27,87.3,78.2,0.012,70,82.6,0.012,14.0,30.9
4,2025-01-28,90.4,76.9,0.004,68,82.8,0.004,14.8,32.9
4,2025-01-29,90.8,76.1,0.039,69,81.9,0.039,14.6,32.7
4,2025-01-30,89.4,75.3,0.000,62,81.9,0.000,13.3,30.0
4,2025-01-31,89.6,74.2,0.000,63,81.1,0.000,7.8,19.9
4,2025-02-01,89.8,73.7,0.000,65,81.1,0.000,8.3,21.7
4,2025-02-02,90.1,74.4,0.000,70,81.6,0.000,9.8,21.7
4,2025-02-03,90.6,74.6,0.000,67,81.8,0.000,7.7,21.0
4,2025-02-04,90.0,75.8,0.008,65,82.8,0.008,11.0,25.1
4,2025-02-05,89.6,76.3,0.000,71,82.0,0.000,11.5,27.7
4,2025-02-06,90.6,76.6,0.031,69,82.3,0.031,9.4,22.6
4,2025-02-07,91.9,76.5,0.012,68,82.7,0.012,9.8,23.9
4,2025-02-08,90.6,76.7,0.035,68,82.4,0.035,11.0,24.8
4,2025-02-09,92.2,76.8,0.000,65,83.3,0.000,12.4,29.8
4,2025-02-10,92.6,76.6,0.000,63,83.1,0.000,10.6,23.0
4,2025-02-11,91.0,76.5,0.000,63,82.8,0.000,8.2,20.4
4,2025-02-12,91.1,76.6,0.000,67,82.9,0.000,7.5,20.6
4,2025-02-13,91.5,77.5,0.000,70,83.5,0.000,8.1,21.0
4,2025-02-14,91.9,78.1,0.024,71,83.8,0.024,8.9,20.8
4,2025-02-15,91.6,77.4,0.035,73,83.5,0.035,8.2,19.5
4,2025-02-16,91.2,77.8,0.016,72,83.6,0.016,7.9,19.2
4,2025-02-17,90.9,76.1,0.059,72,82.3,0.059,8.7,22.4
4,2025-02-18,91.0,78.1,0.035,68,83.2,0.035,10.1,25.3
4,2025-02-19,92.0,78.4,0.020,67,83.6,0.020,10.7,25.3
4,2025-02-20,90.4,76.6,0.122,74,82.0,0.122,12.5,28.9
4,2025-02-21,92.0,78.6,0.020,70,83.3,0.020,11.4,26.8
4,2025-02-22,90.5,76.3,0.295,78,81.0,0.295,11.8,27.1
4,2025-02-23,87.4,75.2,0.551,83,80.0,0.551,12.4,29.8
4,2025-02-24,84.0,76.2,0.417,84,79.1,0.417,15.3,30.9
4,2025-02-25,83.9,76.9,0.083,78,80.7,0.083,17.1,37.8
4,2025-02-26,87.4,78.4,0.012,72,82.2,0.012,18.2,38.7
4,2025-02-27,88.3,78.3,0.008,72,82.6,0.008,13.5,31.1
4,2025-02-28,88.5,78.2,0.000,75,82.7,0.000,11.6,25.9
4,2025-03-01,88.6,76.7,0.016,77,82.2,0.016,9.9,23.3
4,2025-03-02,91.5,76.9,0.016,74,82.9,0.016,6.2,16.8
4,2025-03-03,90.3,77.7,0.000,75,82.9,0.000,7.6,18.1
4,2025-03-04,89.2,77.6,0.024,76,83.1,0.024,7.9,18.1
4,2025-03-05,89.0,77.9,0.067,79,83.3,0.067,10.1,22.8
4,2025-03-06,90.6,76.4,0.465,79,82.3,0.465,6.4,16.3
4,2025-03-07,90.4,78.0,0.114,76,83.1,0.114,9.8,21.5
4,2025-03-08,92.1,77.3,0.488,75,83.1,0.488,12.5,26.2
4,2025-03-09,93.0,79.5,0.067,67,84.9,0.067,16.0,34.7
4,2025-03-10,93.4,79.6,0.063,67,85.4,0.063,14.5,32.7
4,2025-03-11,90.7,79.8,0.063,74,83.7,0.063,10.8,26.2
4,2025-03-12,92.8,78.1,0.295,78,83.1,0.295,8.7,21.7
4,2025-03-13,91.3,77.5,0.413,79,82.0,0.413,10.0,23.3
4,2025-03-14,89.2,78.1,0.020,74,83.3,0.020,7.8,19.9
4,2025-03-15,91.5,76.9,0.146,77,82.9,0.146,9.4,21.7
4,2025-03-16,93.1,77.6,0.000,71,84.3,0.000,7.4,18.1
4,2025-03-17,91.8,79.0,0.047,72,84.1,0.047,7.6,22.6
4,2025-03-18,91.8,78.6,0.315,77,82.6,0.315,10.2,24.4
4,2025-03-19,87.7,77.5,0.469,80,80.8,0.469,11.0,25.7
4,2025-03-20,89.4,75.2,0.669,82,80.4,0.669,9.4,22.1
4,2025-03-21,88.2,77.1,0.008,73,82.7,0.008,10.0,23.3
4,2025-03-22,90.7,77.9,0.232,77,82.0,0.232,9.4,25.1
4,2025-03-23,90.6,78.4,0.031,74,83.1,0.031,9.0,23.5
4,2025-03-24,90.5,78.1,0.008,69,83.4,0.008,7.6,19.7
4,2025-03-25,90.9,77.5,0.079,74,83.3,0.079,6.2,16.6
4,2025-03-26,91.5,78.4,0.016,72,84.1,0.016,9.6,22.1
4,2025-03-27,92.5,80.0,0.051,67,85.2,0.051,10.8,25.7
4,2025-03-28,90.1,77.0,0.079,68,83.8,0.079,10.8,25.3
4,2025-03-29,92.5,78.1,0.059,70,84.3,0.059,9.8,23.7
4,2025-03-30,92.1,77.5,0.130,75,83.8,0.130,7.8,18.3
4,2025-03-31,92.5,76.8,0.146,75,83.5,0.146,8.3,19.5
4,2025-04-01,92.6,76.4,0.626,76,83.0,0.626,9.1,23.3
4,2025-04-02,91.0,78.2,0.142,81,81.7,0.142,9.2,19.7
4,2025-04-03,87.8,75.4,0.870,84,80.6,0.870,13.2,29.3
4,2025-04-04,86.1,75.7,0.717,85,80.2,0.717,11.2,27.1
4,2025-04-05,87.0,76.9,0.193,83,81.2,0.193,7.3,16.8
4,2025-04-06,87.5,76.9,0.075,85,81.1,0.075,8.1,21.0
4,2025-04-07,89.5,78.7,0.000,75,83.5,0.000,10.9,24.8
4,2025-04-08,89.2,76.7,0.071,79,82.5,0.071,13.4,29.3
4,2025-04-09,90.4,77.0,0.339,80,82.2,0.339,6.0,15.7
4,2025-04-10,87.3,77.3,0.138,82,81.5,0.138,7.7,19.9
4,2025-04-11,85.5,75.9,0.807,88,79.3,0.807,8.6,19.9
4,2025-04-12,88.7,75.9,0.028,78,82.5,0.028,8.3,20.1
4,2025-04-13,90.3,77.8,0.071,80,83.2,0.071,7.1,16.3
4,2025-04-14,91.0,79.7,0.094,76,84.2,0.094,7.6,18.3
4,2025-04-15,88.2,76.6,0.780,86,80.8,0.780,11.1,22.1
4,2025-04-16,82.5,75.6,0.366,89,78.9,0.366,5.0,9.8
4,2025-04-17,87.8,78.2,0.035,81,82.1,0.035,8.1,19.9
4,2025-04-18,86.5,77.0,0.177,83,81.6,0.177,9.1,21.9
4,2025-04-19,85.6,75.5,0.469,87,79.7,0.469,9.8,22.6
4,2025-04-20,86.1,75.2,0.126,87,79.1,0.126,8.1,23.7
4,2025-04-21,88.7,76.5,0.236,81,82.2,0.236,7.9,18.6
4,2025-04-22,88.3,77.0,0.134,80,82.0,0.134,7.4,19.2
4,2025-04-23,88.4,76.4,0.634,85,81.0,0.634,7.1,15.9
4,2025-04-24,84.0,75.2,0.839,89,78.9,0.839,7.6,19.2
4,2025-04-25,87.1,75.4,0.591,86,81.3,0.591,6.1,16.3
4,2025-04-26,85.8,76.5,0.138,87,81.0,0.138,5.8,16.1
4,2025-04-27,87.8,75.7,0.496,85,81.0,0.496,8.5,15.7
4,2025-04-28,87.6,75.8,0.386,86,80.8,0.386,6.1,15.7
4,2025-04-29,89.2,77.6,0.020,76,82.8,0.020,9.3,17.2
4,2025-04-30,91.9,75.7,0.035,71,83.9,0.035,8.9,20.1
4,2025-05-01,92.5,77.4,0.343,77,83.3,0.343,6.9,18.1
4,2025-05-02,90.8,77.3,0.098,77,82.7,0.098,7.3,18.8
4,2025-05-03,88.9,75.2,0.319,84,80.2,0.319,7.0,18.3
4,2025-05-04,87.0,76.6,0.516,88,79.6,0.516,8.7,20.6
4,2025-05-05,84.3,75.3,0.303,87,79.9,0.303,7.0,14.5
4,2025-05-06,86.5,76.0,1.039,87,79.8,1.039,9.7,21.7
4,2025-05-07,86.7,76.2,0.130,80,81.9,0.130,10.0,23.5
4,2025-05-08,86.6,78.5,0.252,82,81.7,0.252,9.9,23.3
4,2025-05-09,89.9,75.6,0.563,80,83.1,0.563,9.3,22.1
4,2025-05-10,85.6,77.5,0.169,84,81.2,0.169,11.0,27.3
4,2025-05-11,87.4,76.2,0.980,86,80.8,0.980,11.1,22.6
4,2025-05-12,85.5,76.3,0.626,86,80.1,0.626,11.2,25.5
4,2025-05-13,86.5,76.1,0.283,83,81.2,0.283,12.3,26.8
4,2025-05-14,85.6,76.7,0.110,88,80.1,0.110,7.4,18.6
4,2025-05-15,86.7,77.7,0.484,86,81.9,0.484,8.2,19.0
4,2025-05-16,84.6,75.9,0.169,88,80.8,0.169,8.2,21.7
4,2025-05-17,86.1,78.3,0.343,86,81.0,0.343,6.2,15.7
4,2025-05-18,88.5,78.8,0.272,85,82.3,0.272,5.2,12.5
4,2025-05-19,88.6,77.6,0.382,81,83.1,0.382,5.6,14.1
4,2025-05-20,87.4,77.8,0.205,85,81.9,0.205,5.5,13.4
4,2025-05-21,84.4,76.5,0.311,84,80.8,0.311,8.4,20.8
4,2025-05-22,83.6,76.2,0.240,84,80.6,0.240,9.8,22.1
4,2025-05-23,84.2,76.6,0.961,88,79.8,0.961,13.7,29.5
4,2025-05-24,81.6,76.5,1.870,93,78.4,1.870,11.1,25.7
4,2025-05-25,81.9,76.7,0.622,87,79.5,0.622,14.1,29.5
4,2025-05-26,84.3,78.0,0.264,90,80.0,0.264,10.8,25.5
4,2025-05-27,85.6,76.4,0.343,89,80.5,0.343,7.7,23.5
4,2025-05-28,88.3,80.7,0.024,80,83.9,0.024,8.0,17.9
4,2025-05-29,89.2,81.3,0.004,79,84.4,0.004,9.4,24.4
4,2025-05-30,85.8,81.7,0.055,86,83.2,0.055,5.5,17.2
4,2025-05-31,88.3,79.5,0.067,84,83.9,0.067,9.5,21.3
4,2025-06-01,88.2,79.5,0.059,82,83.6,0.059,7.9,18.8
4,2025-06-02,88.6,81.3,0.012,78,84.3,0.012,11.3,26.4
4,2025-06-03,87.3,77.5,0.272,82,82.4,0.272,11.7,25.9
4,2025-06-04,84.2,75.4,0.902,88,79.4,0.902,13.7,29.3
4,2025-06-05,82.9,75.9,1.114,91,78.4,1.114,11.7,26.4
4,2025-06-06,86.3,77.0,0.142,85,80.6,0.142,12.6,27.7
4,2025-06-07,80.7,76.2,1.413,88,78.4,1.413,13.1,26.6
4,2025-06-08,84.9,76.6,1.004,86,79.6,1.004,14.5,34.2
4,2025-06-09,84.2,78.6,0.134,82,81.3,0.134,14.2,33.8
4,2025-06-10,82.7,77.8,0.610,84,81.0,0.610,12.1,25.9
4,2025-06-11,87.0,80.2,0.091,78,83.1,0.091,10.0,26.8
4,2025-06-12,85.7,79.5,0.008,82,82.2,0.008,12.7,29.5
4,2025-06-13,87.4,79.3,0.008,83,83.0,0.008,6.7,23.3
4,2025-06-14,88.4,80.1,0.000,81,83.6,0.000,4.9,16.6
4,2025-06-15,88.5,79.0,0.028,82,83.2,0.028,5.4,11.2
4,2025-06-16,88.0,78.1,0.043,79,82.7,0.043,7.8,17.9
4,2025-06-17,87.5,79.3,0.150,80,82.9,0.150,8.2,20.6
4,2025-06-18,86.9,79.3,0.020,78,83.0,0.020,10.4,23.0
4,2025-06-19,88.3,80.7,0.035,76,83.9,0.035,10.8,23.7
4,2025-06-20,85.9,75.4,0.827,88,79.2,0.827,11.2,26.4
4,2025-06-21,83.9,74.9,0.673,84,79.1,0.673,12.7,26.8
4,2025-06-22,83.0,74.8,0.327,87,79.3,0.327,9.2,28.9
4,2025-06-23,84.7,75.0,0.390,86,80.3,0.390,12.0,31.1
4,2025-06-24,84.8,76.0,0.146,84,80.4,0.146,13.7,33.6
4,2025-06-25,87.4,78.4,0.008,83,82.1,0.008,6.8,16.6
4,2025-06-26,87.2,77.9,0.039,83,82.1,0.039,4.5,13.6
4,2025-06-27,86.5,75.7,0.185,88,79.6,0.185,8.3,20.6
4,2025-06-28,87.7,77.0,0.000,80,82.2,0.000,8.1,18.3
4,2025-06-29,87.4,80.7,0.059,78,83.3,0.059,9.3,21.5
4,2025-06-30,88.3,80.6,0.000,74,83.7,0.000,9.6,23.5
4,2025-07-01,86.8,74.9,0.256,80,81.8,0.256,12.2,29.1
4,2025-07-02,86.2,73.9,0.701,84,80.5,0.701,12.9,29.3
4,2025-07-03,87.5,76.3,0.004,80,82.4,0.004,10.7,24.2
4,2025-07-04,88.0,79.3,0.039,77,83.0,0.039,11.1,25.5
4,2025-07-05,87.8,79.8,0.114,79,82.8,0.114,14.1,31.8
4,2025-07-06,87.5,75.7,0.366,78,82.4,0.366,13.8,33.6
4,2025-07-07,88.1,75.4,0.382,83,80.6,0.382,12.2,26.4
4,2025-07-08,82.2,76.1,0.150,84,79.7,0.150,9.8,22.8
4,2025-07-09,86.4,78.9,0.028,83,82.2,0.028,7.4,19.5
4,2025-07-10,87.6,80.4,0.043,75,82.8,0.043,14.1,30.0
4,2025-07-11,85.9,80.7,0.067,79,82.7,0.067,13.8,32.2
4,2025-07-12,85.5,78.4,0.437,82,81.8,0.437,12.8,29.8
4,2025-07-13,87.1,78.5,0.051,79,82.6,0.051,14.0,29.8
4,2025-07-14,85.2,75.7,0.717,85,80.5,0.717,10.2,23.5
4,2025-07-15,83.6,75.7,0.398,88,79.1,0.398,10.3,23.0
4,2025-07-16,84.9,76.9,0.169,83,81.3,0.169,13.2,29.1
4,2025-07-17,87.8,77.8,0.000,79,82.6,0.000,7.8,19.9
4,2025-07-18,86.7,79.0,0.000,81,82.4,0.000,8.9,22.6
4,2025-07-19,88.2,79.4,0.043,80,83.1,0.043,7.9,23.9
4,2025-07-20,83.9,80.3,0.165,79,82.5,0.165,13.0,35.1
4,2025-07-21,87.4,81.8,0.000,75,83.9,0.000,13.1,28.6
4,2025-07-22,87.3,81.1,0.004,78,83.6,0.004,14.6,32.9
4,2025-07-23,87.1,80.3,0.000,79,83.3,0.000,14.1,30.4
4,2025-07-24,88.2,78.9,0.000,77,82.9,0.000,11.2,26.2
4,2025-07-25,88.6,80.2,0.004,78,83.5,0.004,13.2,33.8
4,2025-07-26,87.7,79.8,0.028,79,83.4,0.028,12.8,29.1
4,2025-07-27,87.7,80.8,0.016,77,83.4,0.016,12.4,28.0
4,2025-07-28,89.2,81.5,0.004,72,84.4,0.004,10.7,26.4
4,2025-07-29,89.5,81.0,0.000,74,84.4,0.000,10.7,25.5
4,2025-07-30,89.6,79.6,0.008,78,84.0,0.008,14.1,31.5
4,2025-07-31,91.5,79.4,0.004,77,84.6,0.004,5.8,14.8
4,2025-08-01,90.6,75.7,0.461,77,84.3,0.461,8.0,21.3
4,2025-08-02,88.0,76.0,0.303,83,82.0,0.303,8.0,22.8
4,2025-08-03,88.8,78.2,0.303,80,82.7,0.303,8.0,19.5
4,2025-08-04,89.8,80.3,0.008,76,84.3,0.008,10.4,25.5
4,2025-08-05,90.8,78.9,0.059,73,84.3,0.059,8.9,21.9
4,2025-08-06,85.7,74.1,0.925,83,80.2,0.925,9.7,25.5
4,2025-08-07,85.7,75.2,0.240,82,80.6,0.240,7.0,19.2
4,2025-08-08,89.3,75.8,0.028,75,82.7,0.028,8.4,19.9
4,2025-08-09,89.8,77.7,0.008,69,83.8,0.008,9.3,22.4
4,2025-08-10,88.4,75.4,0.094,72,83.3,0.094,11.4,26.8
4,2025-08-11,86.3,75.4,0.283,82,79.5,0.283,12.0,27.1
4,2025-08-12,87.0,76.7,0.189,80,80.6,0.189,15.0,36.9
4,2025-08-13,86.5,78.7,0.039,75,82.7,0.039,10.4,25.5
4,2025-08-14,88.3,79.2,0.031,75,82.8,0.031,11.9,30.9
4,2025-08-15,83.4,75.3,1.035,87,78.6,1.035,12.5,28.4
4,2025-08-16,85.2,76.7,0.035,80,80.5,0.035,12.1,29.8
4,2025-08-17,88.5,78.3,0.000,74,82.8,0.000,6.5,20.1
4,2025-08-18,90.5,78.1,0.031,73,83.6,0.031,6.2,16.6
4,2025-08-19,88.5,77.2,0.000,77,82.0,0.000,8.2,20.4
4,2025-08-20,90.0,79.0,0.047,71,83.3,0.047,7.7,19.2
4,2025-08-21,86.7,75.7,0.287,84,79.4,0.287,10.3,24.6
4,2025-08-22,80.5,74.7,0.776,89,77.6,0.776,9.6,20.8
4,2025-08-23,86.8,77.9,0.035,77,82.0,0.035,14.3,30.6
4,2025-08-24,85.1,75.3,0.118,76,81.5,0.118,12.7,28.2
4,2025-08-25,83.1,76.3,0.311,84,79.6,0.311,13.1,29.3
4,2025-08-26,87.8,77.9,0.024,78,82.1,0.024,9.0,23.7
4,2025-08-27,86.4,75.8,0.240,83,81.0,0.240,7.4,19.7
4,2025-08-28,81.0,78.0,0.366,85,79.6,0.366,12.0,24.6
4,2025-08-29,86.5,74.4,0.193,78,81.9,0.193,13.2,29.5
4,2025-08-30,84.8,75.3,0.429,85,79.8,0.429,15.4,34.9
4,2025-08-31,83.8,75.7,0.417,82,80.6,0.417,15.4,34.4
4,2025-09-01,83.8,76.7,0.362,85,79.9,0.362,15.5,35.3
4,2025-09-02,86.6,75.3,0.295,83,81.3,0.295,11.6,27.1
4,2025-09-03,82.6,75.3,0.354,88,78.8,0.354,9.2,22.6
4,2025-09-04,80.8,74.8,0.760,92,77.2,0.760,10.6,28.0
4,2025-09-05,83.3,77.4,0.311,83,80.3,0.311,13.0,28.4
4,2025-09-06,85.6,75.7,0.484,85,80.0,0.484,12.1,27.7
4,2025-09-07,82.9,75.7,0.220,87,79.1,0.220,9.2,22.6
4,2025-09-08,83.3,76.1,0.398,88,79.3,0.398,10.0,21.0
4,2025-09-09,80.1,75.0,0.327,90,77.8,0.327,4.7,11.4
4,2025-09-10,85.6,76.8,0.031,82,80.6,0.031,7.2,18.6
4,2025-09-11,84.2,76.3,0.185,84,80.2,0.185,11.0,26.2
4,2025-09-12,83.5,75.6,0.622,89,78.8,0.622,10.8,25.9
4,2025-09-13,84.4,75.7,0.161,87,78.8,0.161,8.5,19.5
4,2025-09-14,82.0,74.8,0.429,88,78.2,0.429,9.6,21.9
4,2025-09-15,82.9,75.7,0.165,83,79.8,0.165,8.3,20.8
4,2025-09-16,86.2,78.7,0.055,78,81.9,0.055,10.8,24.2
4,2025-09-17,87.0,76.6,0.209,82,81.3,0.209,11.9,27.5
4,2025-09-18,83.0,77.0,0.409,85,79.7,0.409,15.6,32.0
4,2025-09-19,86.3,79.4,0.028,76,82.4,0.028,11.8,26.4
4,2025-09-20,86.6,78.1,0.016,78,81.9,0.016,10.6,23.9
4,2025-09-21,86.7,77.2,0.000,80,81.4,0.000,9.0,21.3
4,2025-09-22,86.9,77.8,0.020,80,81.7,0.020,8.4,20.1
4,2025-09-23,86.9,79.5,0.020,77,82.7,0.020,10.5,23.0
4,2025-09-24,86.8,81.1,0.000,73,83.2,0.000,13.9,32.9
4,2025-09-25,86.9,80.3,0.016,77,82.8,0.016,15.1,34.4
4,2025-09-26,87.1,78.3,0.047,82,81.9,0.047,8.5,21.0
4,2025-09-27,86.2,78.1,0.252,86,80.4,0.252,9.8,25.3
4,2025-09-28,82.9,74.9,1.433,90,78.2,1.433,12.4,28.0
4,2025-09-29,79.9,74.9,0.976,91,77.4,0.976,13.1,28.0
4,2025-09-30,84.0,74.8,0.827,87,79.7,0.827,7.9,24.4
4,2025-10-01,86.0,76.9,0.413,83,80.6,0.413,5.5,15.7
4,2025-10-02,87.3,77.1,0.051,84,81.4,0.051,4.3,13.6
4,2025-10-03,86.2,74.9,0.197,83,80.6,0.197,6.4,17.2
4,2025-10-04,84.1,75.1,0.138,85,79.2,0.138,6.5,15.4
4,2025-10-05,88.1,76.7,0.008,79,81.4,0.008,8.3,20.1
4,2025-10-06,86.5,78.8,0.039,76,81.8,0.039,10.4,23.9
4,2025-10-07,88.3,78.1,0.024,77,81.9,0.024,9.2,21.0
4,2025-10-08,85.6,76.9,0.102,81,80.4,0.102,13.5,28.9
4,2025-10-09,82.5,75.7,0.106,82,79.0,0.106,12.3,26.6
4,2025-10-10,84.2,75.4,0.098,82,79.6,0.098,10.6,23.3
4,2025-10-11,84.7,75.4,0.122,85,79.7,0.122,11.0,25.1
4,2025-10-12,83.8,76.7,0.331,86,79.5,0.331,7.1,17.0
4,2025-10-13,86.5,76.2,0.276,82,81.4,0.276,6.4,15.2
4,2025-10-14,88.5,75.7,0.500,84,81.3,0.500,5.9,15.4
4,2025-10-15,89.5,77.3,0.094,81,82.5,0.094,5.7,15.7
4,2025-10-16,89.0,77.5,0.539,85,81.2,0.539,6.3,18.6
4,2025-10-17,87.2,74.4,0.933,86,80.0,0.933,9.0,19.9
4,2025-10-18,85.0,77.2,0.189,87,80.4,0.189,6.6,18.3
4,2025-10-19,88.5,75.6,0.547,87,80.0,0.547,8.1,17.2
4,2025-10-20,86.0,76.4,0.646,85,79.3,0.646,12.1,25.1
4,2025-10-21,85.2,75.3,1.142,86,79.1,1.142,11.6,26.8
4,2025-10-22,80.2,75.1,1.819,93,76.8,1.819,10.7,23.5
4,2025-10-23,84.7,76.4,0.602,92,78.1,0.602,7.0,18.3
4,2025-10-24,79.3,76.5,0.461,93,77.5,0.461,5.9,12.3
4,2025-10-25,83.0,77.0,0.256,87,78.9,0.256,4.7,11.6
4,2025-10-26,85.4,77.7,0.283,88,79.8,0.283,7.1,17.9
4,2025-10-27,87.6,77.3,0.016,82,80.6,0.016,8.8,20.4
4,2025-10-28,86.5,74.4,0.126,84,80.3,0.126,10.2,23.7
4,2025-10-29,83.6,73.0,0.972,93,76.7,0.972,11.5,25.5
4,2025-10-30,82.2,74.9,1.528,91,77.3,1.528,10.8,23.5
4,2025-10-31,83.6,75.9,0.350,88,78.9,0.350,9.7,22.8
4,2025-11-01,84.7,77.4,0.232,86,80.3,0.232,9.9,22.8
4,2025-11-02,85.4,75.2,0.228,82,80.5,0.228,11.8,24.4
4,2025-11-03,85.6,74.8,0.087,82,80.4,0.087,10.5,24.2
4,2025-11-04,87.1,74.6,0.106,80,80.7,0.106,8.8,20.8
4,2025-11-05,83.3,75.6,0.346,87,79.0,0.346,11.0,25.1
4,2025-11-06,82.1,75.1,0.866,90,77.4,0.866,11.1,27.1
4,2025-11-07,83.7,76.6,0.280,82,80.4,0.280,12.7,28.6
4,2025-11-08,85.1,76.2,0.051,82,80.3,0.051,10.1,24.4
4,2025-11-09,87.8,77.6,0.004,79,81.7,0.004,7.3,17.9
4,2025-11-10,86.0,77.9,0.209,83,80.5,0.209,10.3,23.0
4,2025-11-11,84.7,77.4,0.098,85,80.1,0.098,8.7,20.1
4,2025-11-12,85.5,75.8,0.051,85,79.8,0.051,8.5,19.7
4,2025-11-13,87.3,74.9,0.531,84,80.2,0.531,8.0,18.1
4,2025-11-14,85.1,76.4,0.031,86,79.8,0.031,6.6,12.8
4,2025-11-15,85.0,74.0,0.047,80,79.4,0.047,10.6,21.0
4,2025-11-16,86.0,75.5,0.000,77,80.1,0.000,7.0,17.2
4,2025-11-17,87.1,77.1,0.031,81,80.6,0.031,7.5,15.4
4,2025-11-18,82.9,76.6,0.024,86,79.2,0.024,10.5,23.9
4,2025-11-19,84.2,74.4,2.571,90,77.5,2.571,9.1,22.4
4,2025-11-20,76.8,75.4,2.020,94,75.9,2.020,14.4,28.0
4,2025-11-21,80.5,76.2,0.283,86,77.6,0.283,15.8,32.0
4,2025-11-22,80.2,74.9,0.563,93,76.6,0.563,11.9,29.5
4,2025-11-23,82.6,75.6,0.232,86,77.8,0.232,12.6,28.2
4,2025-11-24,79.5,75.7,0.476,93,77.3,0.476,11.9,23.3
4,2025-11-25,78.0,75.4,0.846,92,77.1,0.846,13.6,28.0
4,2025-11-26,83.2,75.3,0.094,83,78.6,0.094,13.0,28.2
4,2025-11-27,84.9,75.3,0.016,76,78.9,0.016,14.2,30.6
4,2025-11-28,84.2,72.6,0.000,77,77.9,0.000,10.9,24.4
4,2025-11-29,84.0,72.8,0.000,79,77.5,0.000,7.9,18.6
4,2025-11-30,83.9,73.6,0.000,80,77.7,0.000,6.3,14.8
4,2025-12-01,84.4,73.3,0.004,79,78.1,0.004,5.2,13.6
4,2025-12-02,85.7,72.6,0.000,79,78.3,0.000,5.0,13.2
4,2025-12-03,86.2,74.2,0.000,78,79.3,0.000,5.6,14.8
4,2025-12-04,88.0,74.7,0.665,77,80.9,0.665,5.9,15.2
4,2025-12-05,85.2,77.2,0.142,85,79.5,0.142,9.7,19.2
4,2025-12-06,86.8,76.4,0.024,79,81.0,0.024,11.4,28.0
4,2025-12-07,86.1,75.5,0.091,79,80.0,0.091,8.7,20.1
4,2025-12-08,87.6,74.0,0.039,75,80.6,0.039,9.3,21.0
4,2025-12-09,87.4,74.5,0.008,68,80.7,0.008,10.2,23.7
4,2025-12-10,86.3,75.6,0.000,73,80.2,0.000,9.1,21.3
4,2025-12-11,87.7,75.4,0.016,76,80.7,0.016,9.8,22.8
4,2025-12-12,82.8,76.7,0.024,82,79.5,0.024,8.6,17.4
4,2025-12-13,86.4,76.5,0.012,78,81.0,0.012,12.3,28.4
4,2025-12-14,87.3,74.8,0.201,80,80.5,0.201,9.0,26.4
4,2025-12-15,87.7,76.6,0.102,78,81.2,0.102,9.3,26.8
4,2025-12-16,87.7,76.9,0.283,80,80.5,0.283,10.0,24.6
4,2025-12-17,88.1,74.8,0.484,81,79.9,0.484,9.1,23.5
4,2025-12-18,88.3,75.5,0.402,81,80.2,0.402,8.8,23.0
4,2025-12-19,87.6,76.2,0.028,77,80.9,0.028,7.5,21.7
4,2025-12-20,87.9,75.9,0.008,75,81.5,0.008,8.2,19.9
4,2025-12-21,90.1,75.5,0.004,69,82.2,0.004,10.7,25.1
4,2025-12-22,91.5,75.3,0.000,67,81.8,0.000,9.3,22.8
4,2025-12-23,89.9,75.5,0.004,72,81.9,0.004,6.5,17.9
4,2025-12-24,92.2,76.4,0.000,69,82.9,0.000,7.2,17.0
4,2025-12-25,92.1,76.6,0.043,72,82.4,0.043,9.2,23.0
4,2025-12-26,87.6,76.7,0.228,81,80.5,0.228,15.4,36.2
4,2025-12-27,85.2,76.1,0.402,84,79.4,0.402,13.4,30.2
4,2025-12-28,87.0,76.6,0.106,81,80.2,0.106,11.1,26.8
4,2025-12-29,87.6,76.8,0.031,80,81.1,0.031,7.8,20.4
4,2025-12-30,89.7,76.8,0.039,77,81.4,0.039,6.9,18.3
4,2025-12-31,89.8,76.4,0.000,73,82.0,0.000,8.1,19.5
5,2025-01-01,87.7,72.8,0.000,76,79.6,0.000,7.7,18.6
5,2025-01-02,89.2,73.8,0.000,75,80.7,0.000,8.5,17.2
5,2025-01-03,88.7,74.1,0.024,77,80.5,0.024,8.3,20.1
5,2025-01-04,88.2,73.9,0.067,83,79.6,0.067,8.2,20.6
5,2025-01-05,89.1,73.5,0.098,83,79.0,0.098,9.8,24.6
5,2025-01-06,88.6,73.2,0.142,79,79.5,0.142,9.3,25.1
5,2025-01-07,89.4,73.5,0.102,81,80.0,0.102,10.2,23.9
5,2025-01-08,89.7,73.4,0.000,74,80.7,0.000,8.3,20.6
5,2025-01-09,90.0,72.8,0.000,75,80.6,0.000,9.4,21.3
5,2025-01-10,88.6,72.5,0.020,70,80.8,0.020,9.8,23.3
5,2025-01-11,88.9,74.2,0.008,72,79.9,0.008,12.9,29.8
5,2025-01-12,87.1,72.0,0.024,73,78.5,0.024,14.0,31.5
5,2025-01-13,87.2,72.1,0.004,71,79.1,0.004,12.7,29.1
5,2025-01-14,88.9,72.8,0.000,71,79.5,0.000,10.0,24.2
5,2025-01-15,88.0,73.0,0.024,74,79.9,0.024,11.9,26.6
5,2025-01-16,87.4,72.3,0.098,84,78.6,0.098,12.9,34.0
5,2025-01-17,88.5,73.0,0.008,75,80.1,0.008,14.6,33.3
5,2025-01-18,88.1,72.8,0.012,78,79.4,0.012,10.4,25.3
5,2025-01-19,88.0,71.8,0.028,75,79.8,0.028,9.0,22.1
5,2025-01-20,88.9,71.8,0.035,78,79.8,0.035,6.8,17.2
5,2025-01-21,90.1,72.1,0.008,73,81.4,0.008,9.5,23.0
5,2025-01-22,91.6,74.3,0.000,67,81.9,0.000,11.0,25.5
5,2025-01-23,91.9,74.3,0.024,70,82.2,0.024,9.1,23.0
5,2025-01-24,92.1,74.2,0.047,78,81.4,0.047,8.7,23.3
5,2025-01-25,90.0,75.0,0.035,81,81.0,0.035,7.2,20.6
5,2025-01-26,90.3,75.1,0.130,80,80.7,0.130,7.5,17.7
5,2025-01-27,91.9,75.9,0.012,67,82.6,0.012,14.3,32.9
5,2025-01-28,92.8,75.6,0.000,66,82.7,0.000,14.3,32.9
5,2025-01-29,91.0,73.7,0.043,68,81.2,0.043,14.9,33.8
5,2025-01-30,92.8,70.3,0.000,62,81.0,0.000,12.0,27.5
5,2025-01-31,91.2,70.1,0.000,63,80.8,0.000,9.3,19.7
5,2025-02-01,91.0,70.3,0.000,63,80.6,0.000,7.3,13.4
5,2025-02-02,88.9,69.7,0.000,70,79.6,0.000,9.1,21.0
5,2025-02-03,93.3,69.5,0.000,68,80.9,0.000,7.9,20.1
5,2025-02-04,93.2,74.2,0.008,64,82.5,0.008,11.7,26.8
5,2025-02-05,94.0,73.8,0.000,65,82.5,0.000,11.4,26.6
5,2025-02-06,91.0,73.5,0.083,71,81.6,0.083,9.8,19.2
5,2025-02-07,93.7,73.9,0.000,66,82.7,0.000,8.8,21.9
5,2025-02-08,93.0,74.3,0.008,66,82.6,0.008,10.6,25.3
5,2025-02-09,94.2,73.6,0.000,64,82.6,0.000,12.4,28.9
5,2025-02-10,93.4,72.1,0.000,60,82.8,0.000,8.8,21.9
5,2025-02-11,94.1,71.9,0.004,65,82.2,0.004,11.5,26.6
5,2025-02-12,92.8,72.2,0.004,72,81.9,0.004,10.4,25.1
5,2025-02-13,92.6,74.6,0.008,71,83.3,0.008,10.3,25.1
5,2025-02-14,95.5,75.1,0.028,74,82.7,0.028,9.2,25.5
5,2025-02-15,92.8,73.9,0.012,75,82.1,0.012,9.4,23.3
5,2025-02-16,91.8,74.0,0.110,79,81.1,0.110,9.9,23.5
5,2025-02-17,90.4,74.6,0.126,82,80.1,0.126,7.5,18.8
5,2025-02-18,92.1,74.2,0.035,71,82.5,0.035,7.8,21.9
5,2025-02-19,94.0,75.6,0.071,70,82.8,0.071,8.9,21.7
5,2025-02-20,91.9,75.3,0.150,72,82.2,0.150,10.8,29.3
5,2025-02-21,94.3,74.8,0.028,72,83.0,0.028,11.5,27.3
5,2025-02-22,91.8,74.5,0.846,81,79.9,0.846,10.2,27.3
5,2025-02-23,88.4,73.7,0.409,84,79.8,0.409,12.9,29.3
5,2025-02-24,85.2,73.7,0.642,87,77.8,0.642,12.3,30.9
5,2025-02-25,86.8,74.8,0.031,78,80.2,0.031,16.7,37.8
5,2025-02-26,88.4,75.7,0.000,72,81.5,0.000,18.4,40.5
5,2025-02-27,90.1,75.6,0.000,71,82.3,0.000,14.3,33.8
5,2025-02-28,91.8,74.8,0.000,71,82.8,0.000,12.6,29.5
5,2025-03-01,93.8,73.9,0.000,71,82.7,0.000,9.8,24.4
5,2025-03-02,95.5,73.8,0.004,72,83.4,0.004,8.5,22.6
5,2025-03-03,95.3,74.3,0.083,73,83.4,0.083,8.0,22.6
5,2025-03-04,92.9,74.1,0.000,73,83.6,0.000,10.6,25.3
5,2025-03-05,92.4,75.5,0.000,73,84.3,0.000,9.1,23.3
5,2025-03-06,92.4,76.1,0.697,86,81.0,0.697,8.4,23.3
5,2025-03-07,94.0,76.2,0.098,79,82.3,0.098,12.1,28.9
5,2025-03-08,94.9,76.8,0.437,75,83.4,0.437,12.1,30.4
5,2025-03-09,95.2,78.2,0.000,67,85.2,0.000,15.7,35.1
5,2025-03-10,93.9,77.2,0.028,67,85.2,0.028,15.2,35.3
5,2025-03-11,93.5,77.3,0.217,75,83.0,0.217,10.1,27.3
5,2025-03-12,93.2,76.2,0.102,82,82.1,0.102,7.2,19.5
5,2025-03-13,93.2,75.1,0.406,84,80.7,0.406,7.9,23.3
5,2025-03-14,92.3,75.3,0.039,76,82.6,0.039,7.0,19.7
5,2025-03-15,92.8,74.2,0.055,82,81.6,0.055,7.3,18.6
5,2025-03-16,91.9,74.1,0.039,76,82.6,0.039,7.9,22.4
5,2025-03-17,93.7,76.0,0.177,79,82.3,0.177,8.3,22.1
5,2025-03-18,93.3,76.5,0.303,80,81.7,0.303,8.6,28.2
5,2025-03-19,89.9,73.4,0.689,86,78.8,0.689,10.5,24.2
5,2025-03-20,90.6,73.9,0.228,85,79.3,0.228,8.1,21.9
5,2025-03-21,91.0,74.4,0.008,73,81.9,0.008,10.1,22.6
5,2025-03-22,92.1,74.3,0.110,80,81.0,0.110,11.2,25.1
5,2025-03-23,91.0,74.8,0.031,76,82.2,0.031,8.7,20.8
5,2025-03-24,90.2,74.8,0.047,82,81.2,0.047,7.2,17.0
5,2025-03-25,90.1,75.6,0.012,78,82.5,0.012,6.3,16.8
5,2025-03-26,89.1,75.7,0.043,81,82.1,0.043,7.7,19.9
5,2025-03-27,90.8,76.5,0.079,78,82.6,0.079,8.4,19.9
5,2025-03-28,92.2,75.4,0.004,68,84.2,0.004,9.5,22.8
5,2025-03-29,92.5,75.1,0.165,78,82.6,0.165,7.9,19.0
5,2025-03-30,94.8,75.8,0.039,75,83.9,0.039,10.2,23.9
5,2025-03-31,95.7,76.9,0.016,68,84.7,0.016,11.1,25.5
5,2025-04-01,93.7,77.5,0.051,76,83.7,0.051,6.8,19.7
5,2025-04-02,91.4,76.3,0.390,86,80.5,0.390,6.9,15.4
5,2025-04-03,87.9,76.6,0.854,85,80.3,0.854,12.1,29.8
5,2025-04-04,88.2,75.6,0.386,83,81.0,0.386,11.4,25.9
5,2025-04-05,87.8,75.3,0.346,87,79.7,0.346,6.3,17.2
5,2025-04-06,87.7,75.0,0.358,88,79.5,0.358,12.2,25.3
5,2025-04-07,93.8,75.9,0.008,70,83.7,0.008,11.1,26.2
5,2025-04-08,93.7,75.7,0.087,78,82.8,0.087,9.3,24.8
5,2025-04-09,90.9,75.9,0.409,86,80.7,0.409,8.2,20.4
5,2025-04-10,87.3,76.1,0.138,87,80.6,0.138,9.0,22.6
5,2025-04-11,86.3,75.7,0.768,90,79.2,0.768,9.5,23.0
5,2025-04-12,89.7,76.8,0.008,77,83.3,0.008,8.0,19.9
5,2025-04-13,90.9,74.7,0.606,83,81.5,0.606,6.6,16.8
5,2025-04-14,91.6,76.1,0.205,85,82.1,0.205,7.1,21.0
5,2025-04-15,89.4,75.0,0.909,90,79.2,0.909,6.6,17.7
5,2025-04-16,82.6,75.4,0.295,91,79.2,0.295,5.0,11.6
5,2025-04-17,88.2,76.3,0.118,90,80.9,0.118,5.8,15.0
5,2025-04-18,88.0,75.8,0.319,89,80.7,0.319,7.8,19.5
5,2025-04-19,85.9,74.4,0.776,91,79.3,0.776,8.5,21.3
5,2025-04-20,85.3,74.4,0.142,88,79.6,0.142,8.2,20.6
5,2025-04-21,90.1,75.2,0.102,83,81.8,0.102,9.5,21.7
5,2025-04-22,90.3,74.8,0.260,86,80.6,0.260,8.5,20.6
5,2025-04-23,87.4,75.1,0.760,90,79.5,0.760,7.5,19.7
5,2025-04-24,84.7,73.0,0.587,91,78.2,0.587,9.6,23.5
5,2025-04-25,88.9,75.7,0.209,87,80.6,0.209,6.0,12.3
5,2025-04-26,87.2,75.7,0.157,86,81.4,0.157,7.8,20.4
5,2025-04-27,89.1,75.6,0.374,89,80.3,0.374,6.9,18.1
5,2025-04-28,87.3,74.8,0.083,90,79.6,0.083,5.1,15.0
5,2025-04-29,90.9,74.8,0.047,78,82.0,0.047,6.5,17.0
5,2025-04-30,92.5,76.3,0.031,76,83.6,0.031,6.7,17.4
5,2025-05-01,92.5,74.8,0.205,83,81.9,0.205,5.5,17.4
5,2025-05-02,90.0,75.1,0.272,88,80.5,0.272,7.3,22.4
5,2025-05-03,89.9,74.6,0.622,89,79.4,0.622,5.5,13.9
5,2025-05-04,87.1,75.0,1.024,93,78.6,1.024,7.6,19.5
5,2025-05-05,85.6,75.3,0.079,89,79.9,0.079,6.2,14.5
5,2025-05-06,86.5,76.2,0.787,88,80.0,0.787,8.2,20.6
5,2025-05-07,86.7,78.2,0.087,82,82.1,0.087,9.8,24.6
5,2025-05-08,86.6,78.4,0.382,86,81.6,0.382,8.7,21.9
5,2025-05-09,89.2,76.4,0.697,82,83.1,0.697,9.9,22.8
5,2025-05-10,86.3,77.6,0.461,86,81.6,0.461,10.4,24.6
5,2025-05-11,85.6,76.6,0.244,89,80.2,0.244,9.2,20.6
5,2025-05-12,86.5,77.7,0.406,89,80.0,0.406,10.0,24.6
5,2025-05-13,88.0,75.8,0.772,86,81.2,0.772,10.6,24.8
5,2025-05-14,85.8,76.4,0.071,89,80.8,0.071,5.8,19.0
5,2025-05-15,90.3,76.6,0.299,87,81.4,0.299,7.9,19.2
5,2025-05-16,86.3,76.1,0.339,89,80.9,0.339,7.5,20.1
5,2025-05-17,88.2,76.0,0.102,90,80.4,0.102,6.0,15.7
5,2025-05-18,89.3,75.1,0.232,89,80.4,0.232,5.4,13.4
5,2025-05-19,91.2,75.8,0.154,84,82.4,0.154,6.2,14.8
5,2025-05-20,88.3,77.3,0.370,88,81.3,0.370,5.5,15.7
5,2025-05-21,84.4,77.6,0.102,88,80.8,0.102,8.7,20.1
5,2025-05-22,85.0,77.0,0.346,86,80.9,0.346,9.4,21.0
5,2025-05-23,82.9,77.7,1.142,91,79.7,1.142,10.8,26.6
5,2025-05-24,82.9,76.1,1.567,92,78.7,1.567,10.0,23.5
5,2025-05-25,82.6,76.6,0.795,91,79.3,0.795,11.5,24.2
5,2025-05-26,82.8,76.7,0.283,91,79.7,0.283,9.9,24.2
5,2025-05-27,85.5,76.4,0.209,89,80.6,0.209,11.6,28.4
5,2025-05-28,88.1,77.7,0.004,80,84.6,0.004,7.5,18.3
5,2025-05-29,89.8,79.3,0.028,78,84.7,0.028,9.4,24.6
5,2025-05-30,87.0,78.0,0.043,86,82.0,0.043,5.1,17.9
5,2025-05-31,90.2,76.9,0.091,85,83.6,0.091,8.9,20.8
5,2025-06-01,88.8,77.7,0.161,84,83.2,0.161,9.2,21.5
5,2025-06-02,89.2,79.0,0.043,80,83.9,0.043,11.2,24.4
5,2025-06-03,86.3,79.0,0.413,85,82.0,0.413,10.1,24.6
5,2025-06-04,84.7,77.6,0.472,85,81.1,0.472,12.8,28.6
5,2025-06-05,84.7,77.0,0.437,91,79.1,0.437,10.9,25.7
5,2025-06-06,86.1,75.6,0.602,88,80.1,0.602,10.3,25.5
5,2025-06-07,81.6,76.4,0.945,87,79.3,0.945,11.6,28.2
5,2025-06-08,85.6,76.7,0.854,89,79.5,0.854,13.1,29.1
5,2025-06-09,85.7,75.9,0.461,84,81.2,0.461,13.3,32.9
5,2025-06-10,81.3,77.3,0.906,90,79.9,0.906,14.6,31.8
5,2025-06-11,87.9,81.2,0.000,76,83.8,0.000,10.2,26.2
5,2025-06-12,86.4,81.1,0.024,81,83.0,0.024,12.1,31.5
5,2025-06-13,88.6,79.8,0.000,81,83.6,0.000,7.9,18.8
5,2025-06-14,88.9,78.7,0.004,82,83.6,0.004,7.0,17.7
5,2025-06-15,89.7,77.9,0.028,86,82.6,0.028,6.4,17.0
5,2025-06-16,88.8,77.5,0.059,80,82.9,0.059,7.9,18.8
5,2025-06-17,88.6,78.8,0.059,81,82.9,0.059,9.8,23.7
5,2025-06-18,88.1,78.5,0.067,81,82.3,0.067,10.9,24.6
5,2025-06-19,89.8,77.6,0.004,78,83.2,0.004,10.7,24.4
5,2025-06-20,86.2,75.4,0.622,90,78.9,0.622,9.3,24.2
5,2025-06-21,84.5,74.6,0.484,86,79.0,0.484,12.6,27.3
5,2025-06-22,81.7,75.4,0.547,91,78.5,0.547,8.6,27.1
5,2025-06-23,86.2,74.0,0.417,88,79.2,0.417,10.7,27.1
5,2025-06-24,86.2,74.0,0.268,86,79.1,0.268,10.7,28.0
5,2025-06-25,87.4,75.2,0.000,83,81.8,0.000,7.3,18.3
5,2025-06-26,87.9,76.5,0.016,85,81.5,0.016,7.3,19.7
5,2025-06-27,86.5,75.1,0.378,89,79.7,0.378,7.9,22.1
5,2025-06-28,87.0,76.2,0.035,81,81.8,0.035,8.7,20.8
5,2025-06-29,87.4,77.0,0.083,79,83.1,0.083,9.2,22.4
5,2025-06-30,89.2,80.5,0.008,73,84.3,0.008,10.2,24.6
5,2025-07-01,85.2,77.3,0.205,83,80.8,0.205,9.2,25.9
5,2025-07-02,87.3,74.8,0.441,85,80.4,0.441,13.0,29.8
5,2025-07-03,87.7,74.8,0.024,81,82.7,0.024,11.6,25.7
5,2025-07-04,88.3,79.9,0.012,77,83.5,0.012,11.7,26.2
5,2025-07-05,87.3,77.4,0.181,85,81.4,0.181,11.6,29.1
5,2025-07-06,88.3,75.6,0.425,79,82.6,0.425,15.6,36.0
5,2025-07-07,87.8,75.7,1.004,84,80.8,1.004,12.2,27.3
5,2025-07-08,85.1,75.8,0.264,87,80.0,0.264,9.2,21.7
5,2025-07-09,87.3,78.0,0.031,84,82.3,0.031,9.2,21.0
5,2025-07-10,88.8,78.3,0.083,77,83.0,0.083,12.6,28.6
5,2025-07-11,87.6,79.4,0.043,79,82.5,0.043,13.3,34.4
5,2025-07-12,86.4,77.0,0.709,86,81.1,0.709,12.5,28.9
5,2025-07-13,88.2,79.0,0.079,79,83.1,0.079,13.4,29.8
5,2025-07-14,85.4,76.0,0.370,83,81.5,0.370,10.6,25.9
5,2025-07-15,82.9,75.9,1.067,91,79.0,1.067,11.0,25.7
5,2025-07-16,86.0,76.6,0.272,85,81.0,0.272,13.2,28.9
5,2025-07-17,88.1,78.4,0.035,82,82.6,0.035,7.6,18.6
5,2025-07-18,87.5,79.0,0.000,80,83.1,0.000,9.9,23.5
5,2025-07-19,88.0,79.3,0.008,80,83.3,0.008,8.1,23.3
5,2025-07-20,85.5,79.5,0.197,81,82.6,0.197,11.1,29.8
5,2025-07-21,88.2,82.0,0.004,74,84.2,0.004,13.6,29.5
5,2025-07-22,88.1,81.6,0.000,76,84.3,0.000,14.2,34.7
5,2025-07-23,88.0,80.3,0.004,75,83.9,0.004,14.4,31.5
5,2025-07-24,88.9,79.3,0.004,76,83.6,0.004,11.8,26.8
5,2025-07-25,89.2,80.1,0.016,77,83.8,0.016,12.8,28.4
5,2025-07-26,88.3,80.1,0.016,77,84.0,0.016,13.2,29.5
5,2025-07-27,88.4,80.8,0.031,76,83.9,0.031,12.6,29.1
5,2025-07-28,88.0,82.0,0.031,73,84.5,0.031,11.6,26.4
5,2025-07-29,89.4,81.2,0.000,75,84.7,0.000,11.3,25.9
5,2025-07-30,90.1,79.3,0.000,76,84.4,0.000,13.0,28.4
5,2025-07-31,90.4,77.2,0.016,82,83.4,0.016,6.3,18.8
5,2025-08-01,90.1,77.3,0.063,80,83.8,0.063,11.0,26.6
5,2025-08-02,87.4,75.6,1.488,89,80.8,1.488,8.6,21.5
5,2025-08-03,87.8,76.0,0.213,81,82.4,0.213,8.3,20.8
5,2025-08-04,89.3,80.3,0.012,77,84.3,0.012,10.1,25.1
5,2025-08-05,90.1,76.2,0.028,74,84.1,0.028,9.2,23.5
5,2025-08-06,86.3,73.5,0.665,87,79.3,0.665,9.6,25.9
5,2025-08-07,85.9,74.8,0.256,84,80.8,0.256,8.3,20.6
5,2025-08-08,87.0,76.2,0.083,82,81.7,0.083,7.9,19.7
5,2025-08-09,89.0,77.5,0.047,74,83.4,0.047,8.6,21.0
5,2025-08-10,88.3,77.6,0.043,75,82.9,0.043,12.0,28.2
5,2025-08-11,83.8,76.1,0.311,85,79.3,0.311,10.6,25.9
5,2025-08-12,83.3,75.4,0.543,85,79.6,0.543,13.2,30.0
5,2025-08-13,85.7,77.5,0.004,81,81.6,0.004,8.5,23.9
5,2025-08-14,85.3,75.5,0.378,86,79.5,0.378,10.6,27.1
5,2025-08-15,80.0,75.9,0.319,90,78.2,0.319,12.8,25.3
5,2025-08-16,83.3,74.3,0.130,86,78.9,0.130,8.8,26.4
5,2025-08-17,87.5,74.6,0.000,80,81.8,0.000,6.9,18.8
5,2025-08-18,88.3,75.7,0.016,80,82.3,0.016,7.5,18.8
5,2025-08-19,89.2,77.1,0.000,78,82.4,0.000,8.6,20.1
5,2025-08-20,88.1,76.3,0.075,80,81.8,0.075,8.0,19.9
5,2025-08-21,85.8,74.5,0.705,89,78.3,0.705,9.0,24.2
5,2025-08-22,81.5,73.9,0.555,89,77.8,0.555,10.8,23.9
5,2025-08-23,88.3,76.7,0.020,78,81.7,0.020,12.9,30.2
5,2025-08-24,86.6,76.9,0.094,76,82.1,0.094,13.5,31.3
5,2025-08-25,83.8,76.3,0.268,86,79.6,0.268,13.3,30.2
5,2025-08-26,87.7,76.6,0.035,84,80.8,0.035,8.8,23.9
5,2025-08-27,87.9,75.2,0.087,83,81.1,0.087,9.5,23.7
5,2025-08-28,82.1,76.3,0.417,88,79.3,0.417,12.9,26.6
5,2025-08-29,88.2,75.9,0.055,78,82.2,0.055,13.2,29.1
5,2025-08-30,84.3,76.1,0.602,89,78.9,0.602,12.8,32.9
5,2025-08-31,82.9,73.9,1.055,88,79.0,1.055,15.1,32.2
5,2025-09-01,83.0,75.5,0.642,89,79.1,0.642,14.1,35.1
5,2025-09-02,86.8,74.8,0.126,84,81.1,0.126,10.1,26.6
5,2025-09-03,82.4,75.3,0.579,90,79.0,0.579,10.8,27.1
5,2025-09-04,79.7,76.2,1.291,95,77.5,1.291,9.1,20.6
5,2025-09-05,82.9,77.1,0.181,87,79.8,0.181,11.2,26.4
5,2025-09-06,87.3,75.8,0.343,84,80.7,0.343,13.5,30.2
5,2025-09-07,83.6,75.3,0.673,88,79.7,0.673,9.0,21.5
5,2025-09-08,84.5,76.4,0.614,91,79.1,0.614,10.3,23.0
5,2025-09-09,83.6,75.4,0.299,86,79.2,0.299,5.3,14.3
5,2025-09-10,86.3,76.3,0.043,83,80.6,0.043,8.3,21.0
5,2025-09-11,85.5,76.4,0.047,84,80.5,0.047,11.3,26.8
5,2025-09-12,84.2,75.1,0.520,91,78.4,0.520,9.7,23.5
5,2025-09-13,83.1,75.2,0.319,90,78.6,0.319,7.5,16.6
5,2025-09-14,82.0,75.3,0.602,91,78.3,0.602,7.9,19.7
5,2025-09-15,83.1,74.1,0.079,88,78.7,0.079,9.9,23.5
5,2025-09-16,86.9,75.7,0.047,82,81.4,0.047,10.4,22.8
5,2025-09-17,87.3,75.4,0.429,85,80.6,0.429,10.8,27.5
5,2025-09-18,82.6,76.8,0.441,89,79.0,0.441,13.0,29.5
5,2025-09-19,87.5,79.2,0.063,76,82.8,0.063,12.5,27.7
5,2025-09-20,87.8,79.5,0.020,76,83.2,0.020,11.4,25.5
5,2025-09-21,88.1,77.0,0.012,78,82.2,0.012,9.2,21.5
5,2025-09-22,87.7,78.3,0.047,79,82.5,0.047,8.8,21.0
5,2025-09-23,87.4,80.0,0.016,76,83.3,0.016,11.0,24.6
5,2025-09-24,88.1,81.1,0.043,73,83.6,0.043,14.7,33.6
5,2025-09-25,88.3,78.5,0.130,77,83.0,0.130,13.7,34.2
5,2025-09-26,85.8,78.4,0.047,82,81.8,0.047,7.9,23.5
5,2025-09-27,87.3,77.0,0.012,82,81.1,0.012,11.2,27.3
5,2025-09-28,85.4,74.6,1.039,90,78.3,1.039,11.7,28.2
5,2025-09-29,79.3,75.0,0.925,94,77.0,0.925,14.0,26.6
5,2025-09-30,84.7,73.3,0.610,87,79.3,0.610,6.7,21.9
5,2025-10-01,87.6,74.2,0.016,84,80.0,0.016,5.4,12.8
5,2025-10-02,89.1,73.7,0.217,86,80.2,0.217,8.5,17.9
5,2025-10-03,87.9,74.1,0.075,87,79.7,0.075,7.1,15.4
5,2025-10-04,82.9,76.3,0.315,87,79.3,0.315,7.4,17.0
5,2025-10-05,88.7,77.8,0.000,78,82.4,0.000,9.1,20.8
5,2025-10-06,88.6,78.4,0.000,75,82.6,0.000,10.0,24.2
5,2025-10-07,88.6,78.4,0.035,77,82.5,0.035,9.4,22.1
5,2025-10-08,87.3,77.8,0.039,81,81.1,0.039,11.1,28.4
5,2025-10-09,82.4,76.9,0.098,83,79.7,0.098,12.7,27.7
5,2025-10-10,86.1,77.0,0.051,82,80.3,0.051,9.5,23.0
5,2025-10-11,86.4,76.1,0.268,86,80.1,0.268,9.3,22.1
5,2025-10-12,84.7,75.1,0.441,89,79.2,0.441,9.0,21.7
5,2025-10-13,87.9,76.6,0.154,86,81.1,0.154,8.1,20.1
5,2025-10-14,89.1,75.4,0.240,85,81.1,0.240,7.7,15.0
5,2025-10-15,91.2,75.7,0.039,86,81.3,0.039,7.1,17.7
5,2025-10-16,90.0,75.2,0.311,89,80.2,0.311,8.8,19.2
5,2025-10-17,89.0,75.9,0.268,87,80.2,0.268,8.7,22.4
5,2025-10-18,88.2,75.5,0.043,88,80.3,0.043,8.1,21.3
5,2025-10-19,89.2,75.6,0.173,87,80.3,0.173,6.9,20.4
5,2025-10-20,85.3,75.8,0.512,84,80.0,0.512,9.0,17.0
5,2025-10-21,87.9,75.7,0.378,84,80.0,0.378,10.9,25.1
5,2025-10-22,81.7,74.6,0.906,93,77.7,0.906,12.8,26.4
5,2025-10-23,84.5,74.8,0.488,93,78.0,0.488,6.4,17.4
5,2025-10-24,79.6,73.9,0.587,95,76.1,0.587,6.7,13.2
5,2025-10-25,83.8,75.2,0.035,89,78.6,0.035,5.9,15.2
5,2025-10-26,87.4,76.1,0.150,87,80.0,0.150,6.3,16.6
5,2025-10-27,89.2,76.4,0.000,80,81.1,0.000,9.5,21.3
5,2025-10-28,87.5,76.6,0.165,82,81.2,0.165,10.3,24.6
5,2025-10-29,82.4,75.6,0.260,91,78.4,0.260,10.7,24.6
5,2025-10-30,84.7,75.6,0.398,90,78.3,0.398,10.0,25.5
5,2025-10-31,84.5,75.8,0.110,87,79.7,0.110,10.2,23.5
5,2025-11-01,85.6,76.7,0.035,84,80.9,0.035,9.4,23.0
5,2025-11-02,85.7,74.1,0.516,87,79.5,0.516,10.4,21.7
5,2025-11-03,86.4,75.4,0.087,82,80.8,0.087,10.5,23.9
5,2025-11-04,87.9,77.0,0.024,77,82.1,0.024,9.0,21.3
5,2025-11-05,84.6,75.4,0.657,88,79.4,0.657,9.8,24.4
5,2025-11-06,84.6,75.3,0.799,91,78.2,0.799,12.2,30.2
5,2025-11-07,86.2,76.0,0.016,86,80.0,0.016,13.7,30.0
5,2025-11-08,84.2,75.7,0.260,86,80.0,0.260,10.5,25.5
5,2025-11-09,87.5,75.7,0.020,80,81.9,0.020,7.6,20.1
5,2025-11-10,87.0,76.4,0.035,84,80.7,0.035,9.7,23.3
5,2025-11-11,86.5,76.4,0.252,87,80.3,0.252,8.4,20.4
5,2025-11-12,87.9,73.3,0.154,90,78.7,0.154,5.9,17.2
5,2025-11-13,88.7,74.8,0.043,86,80.5,0.043,4.6,16.8
5,2025-11-14,87.4,73.9,0.051,88,78.9,0.051,5.0,14.3
5,2025-11-15,87.4,71.3,0.106,82,78.0,0.106,8.8,20.1
5,2025-11-16,88.6,72.3,0.000,75,79.8,0.000,9.4,17.2
5,2025-11-17,88.1,74.8,0.205,86,79.5,0.205,6.8,21.9
5,2025-11-18,82.5,74.1,0.075,90,77.7,0.075,6.3,18.6
5,2025-11-19,81.8,73.9,3.382,93,77.0,3.382,8.2,17.0
5,2025-11-20,77.3,73.6,1.358,97,74.8,1.358,9.3,18.6
5,2025-11-21,81.2,73.9,0.236,89,76.7,0.236,9.3,23.9
5,2025-11-22,79.7,74.1,0.528,95,76.0,0.528,7.9,16.6
5,2025-11-23,83.9,74.8,0.079,85,78.0,0.079,12.0,28.6
5,2025-11-24,79.3,74.7,0.307,94,76.9,0.307,9.2,17.7
5,2025-11-25,79.4,74.3,0.488,95,76.3,0.488,11.1,24.8
5,2025-11-26,85.3,74.6,0.031,83,78.8,0.031,12.4,25.7
5,2025-11-27,85.7,73.7,0.047,77,78.6,0.047,11.9,27.1
5,2025-11-28,87.0,70.9,0.000,73,77.7,0.000,9.7,21.9
5,2025-11-29,85.7,70.1,0.000,76,77.4,0.000,6.6,15.0
5,2025-11-30,86.7,70.4,0.000,78,78.2,0.000,7.4,17.2
5,2025-12-01,86.8,71.9,0.000,78,78.5,0.000,6.8,16.3
5,2025-12-02,86.8,69.4,0.000,77,78.3,0.000,7.2,17.7
5,2025-12-03,89.7,70.3,0.000,76,79.3,0.000,6.0,14.5
5,2025-12-04,89.4,73.0,0.150,81,80.5,0.150,5.5,14.8
5,2025-12-05,85.6,74.3,0.228,91,78.1,0.228,8.2,20.1
5,2025-12-06,88.3,73.9,0.028,81,79.9,0.028,11.4,28.0
5,2025-12-07,88.3,72.9,0.020,80,79.9,0.020,8.6,20.6
5,2025-12-08,88.4,73.3,0.000,76,79.8,0.000,9.8,23.9
5,2025-12-09,89.1,71.7,0.000,73,79.2,0.000,11.4,25.9
5,2025-12-10,89.2,71.9,0.000,72,79.9,0.000,8.1,19.9
5,2025-12-11,89.6,73.8,0.075,79,80.2,0.075,8.3,21.0
5,2025-12-12,84.2,73.9,0.484,87,78.3,0.484,7.6,14.8
5,2025-12-13,87.1,74.2,0.008,78,79.9,0.008,11.2,28.4
5,2025-12-14,89.9,74.2,0.008,77,80.8,0.008,11.3,27.3
5,2025-12-15,89.6,74.6,0.020,78,80.9,0.020,12.4,29.3
5,2025-12-16,88.6,74.4,0.059,80,80.3,0.059,10.0,25.5
5,2025-12-17,90.5,73.5,0.291,83,79.5,0.291,10.4,26.4
5,2025-12-18,91.0,72.9,0.110,83,79.5,0.110,8.9,23.0
5,2025-12-19,91.2,74.0,0.028,73,81.9,0.028,10.7,25.3
5,2025-12-20,91.0,73.7,0.020,71,81.8,0.020,8.2,23.3
5,2025-12-21,91.9,73.7,0.008,66,82.1,0.008,9.8,24.4
5,2025-12-22,93.7,73.1,0.000,66,82.2,0.000,8.8,21.5
5,2025-12-23,92.8,72.8,0.020,70,82.4,0.020,8.1,21.3
5,2025-12-24,94.2,73.1,0.000,67,83.1,0.000,8.0,17.2
5,2025-12-25,93.5,73.9,0.028,70,83.2,0.028,7.7,21.7
5,2025-12-26,89.0,74.4,0.728,87,78.5,0.728,12.7,33.1
5,2025-12-27,86.5,73.9,0.087,89,78.0,0.087,11.5,28.0
5,2025-12-28,87.8,73.6,0.106,87,78.7,0.106,11.8,25.9
5,2025-12-29,89.2,73.9,0.039,84,79.8,0.039,8.2,20.1
5,2025-12-30,89.4,74.0,0.028,79,81.0,0.028,5.2,14.5
5,2025-12-31,90.2,73.6,0.000,75,81.4,0.000,6.6,16.6
6,2025-01-01,78.7,71.5,0.063,80,74.3,0.063,10.1,25.1
6,2025-01-02,77.5,71.9,0.047,78,74.8,0.047,9.0,22.6
6,2025-01-03,78.7,72.4,0.043,80,75.1,0.043,10.8,26.8
6,2025-01-04,78.8,68.9,0.626,84,73.8,0.626,11.0,27.3
6,2025-01-05,76.6,70.7,0.248,77,74.3,0.248,13.9,33.6
6,2025-01-06,78.6,71.5,0.000,74,74.8,0.000,11.8,29.8
6,2025-01-07,78.0,70.9,0.016,77,74.6,0.016,9.3,23.5
6,2025-01-08,78.7,70.6,0.000,71,74.6,0.000,8.4,21.9
6,2025-01-09,79.8,71.1,0.000,73,75.6,0.000,7.8,20.6
6,2025-01-10,79.3,72.4,0.043,73,75.8,0.043,14.7,36.5
6,2025-01-11,77.3,72.3,0.126,71,75.1,0.126,16.9,40.3
6,2025-01-12,73.7,70.7,0.055,72,72.5,0.055,19.7,46.5
6,2025-01-13,75.9,70.6,0.016,71,72.9,0.016,14.4,33.8
6,2025-01-14,76.8,70.6,0.000,74,73.4,0.000,11.7,29.3
6,2025-01-15,77.7,69.8,0.138,81,74.2,0.138,13.8,34.4
6,2025-01-16,76.6,70.0,0.205,86,73.3,0.205,13.0,34.9
6,2025-01-17,78.7,71.6,0.031,77,74.6,0.031,17.7,42.7
6,2025-01-18,78.3,70.9,0.012,76,74.1,0.012,13.7,33.6
6,2025-01-19,78.7,71.5,0.000,77,74.8,0.000,9.5,23.7
6,2025-01-20,77.3,70.6,0.122,81,73.9,0.122,7.0,18.1
6,2025-01-21,78.3,70.7,0.028,79,74.8,0.028,8.8,22.6
6,2025-01-22,79.5,71.5,0.016,74,75.7,0.016,10.6,26.8
6,2025-01-23,79.6,71.9,0.043,79,75.1,0.043,9.8,25.3
6,2025-01-24,80.1,72.1,0.016,81,75.8,0.016,8.4,22.4
6,2025-01-25,79.2,72.4,0.063,83,75.5,0.063,7.1,20.8
6,2025-01-26,78.5,72.6,0.122,81,75.7,0.122,11.0,24.8
6,2025-01-27,81.9,71.9,0.130,76,75.4,0.130,14.7,36.0
6,2025-01-28,78.6,69.7,0.205,82,73.4,0.205,13.2,32.9
6,2025-01-29,78.6,70.3,0.035,70,74.9,0.035,14.8,35.6
6,2025-01-30,79.3,69.7,0.000,61,74.7,0.000,10.0,25.7
6,2025-01-31,79.9,70.2,0.000,62,74.5,0.000,7.2,19.9
6,2025-02-01,80.1,69.4,0.000,68,74.0,0.000,5.3,16.3
6,2025-02-02,80.6,68.9,0.000,74,74.1,0.000,3.2,12.1
6,2025-02-03,80.4,70.1,0.000,72,75.9,0.000,8.4,22.1
6,2025-02-04,79.5,71.7,0.075,76,75.6,0.075,13.4,33.3
6,2025-02-05,79.9,71.6,0.020,75,75.5,0.020,10.2,26.4
6,2025-02-06,79.1,71.9,0.051,78,75.2,0.051,8.9,23.3
6,2025-02-07,80.5,72.4,0.000,74,75.7,0.000,8.8,23.3
6,2025-02-08,80.1,71.2,0.071,79,74.6,0.071,11.3,28.0
6,2025-02-09,79.6,71.5,0.079,73,75.1,0.079,12.5,31.3
6,2025-02-10,81.4,70.7,0.000,67,75.9,0.000,9.8,24.4
6,2025-02-11,81.5,71.1,0.000,68,75.7,0.000,6.6,17.9
6,2025-02-12,81.6,71.9,0.004,72,76.0,0.004,5.2,14.3
6,2025-02-13,81.3,72.3,0.020,78,76.7,0.020,6.9,19.9
6,2025-02-14,81.3,72.7,0.043,78,76.7,0.043,7.3,20.4
6,2025-02-15,83.9,71.5,0.000,75,77.2,0.000,5.3,13.9
6,2025-02-16,84.4,71.8,0.004,75,77.8,0.004,7.5,18.3
6,2025-02-17,81.1,74.8,0.039,73,77.5,0.039,11.5,28.4
6,2025-02-18,82.3,72.6,0.024,69,77.8,0.024,11.3,29.3
6,2025-02-19,79.5,72.4,0.165,76,76.1,0.165,13.0,31.5
6,2025-02-20,79.9,70.5,0.272,81,75.0,0.272,15.0,38.3
6,2025-02-21,78.2,70.7,0.094,79,75.6,0.094,12.8,32.0
6,2025-02-22,79.8,72.1,0.260,83,74.8,0.260,12.0,31.3
6,2025-02-23,76.8,70.1,1.028,92,72.5,1.028,12.7,31.5
6,2025-02-24,72.5,70.2,1.933,95,71.2,1.933,18.9,45.9
6,2025-02-25,76.1,68.4,0.618,86,73.7,0.618,14.9,39.4
6,2025-02-26,77.5,69.9,0.165,87,74.0,0.165,13.0,44.3
6,2025-02-27,79.4,74.2,0.114,80,76.2,0.114,13.8,34.2
6,2025-02-28,79.6,73.5,0.016,81,76.3,0.016,11.2,28.2
6,2025-03-01,79.6,72.1,0.039,81,75.6,0.039,10.6,26.8
6,2025-03-02,80.2,72.6,0.000,78,76.5,0.000,9.4,23.7
6,2025-03-03,79.9,71.3,0.024,79,75.7,0.024,7.7,20.4
6,2025-03-04,79.1,72.1,0.000,78,75.1,0.000,7.0,19.0
6,2025-03-05,81.7,72.5,0.000,78,76.4,0.000,4.8,13.4
6,2025-03-06,82.6,73.8,0.012,80,77.5,0.012,6.3,16.1
6,2025-03-07,80.9,71.7,0.201,80,76.9,0.201,10.9,27.1
6,2025-03-08,80.4,71.5,0.224,82,76.2,0.224,14.8,35.3
6,2025-03-09,78.7,70.4,0.205,85,75.8,0.205,11.8,29.1
6,2025-03-10,79.6,71.4,0.232,85,76.0,0.232,13.6,37.4
6,2025-03-11,79.4,72.7,0.106,84,76.7,0.106,9.2,25.9
6,2025-03-12,81.2,74.7,0.079,79,77.7,0.079,8.1,20.6
6,2025-03-13,80.4,74.3,0.047,79,77.2,0.047,11.6,30.0
6,2025-03-14,81.4,74.1,0.000,77,77.3,0.000,9.3,24.4
6,2025-03-15,81.3,73.4,0.004,80,77.0,0.004,8.6,22.8
6,2025-03-16,82.6,74.2,0.000,76,77.6,0.000,6.5,16.8
6,2025-03-17,81.9,75.3,0.146,78,77.8,0.146,10.3,25.9
6,2025-03-18,79.3,71.9,0.087,83,76.2,0.087,11.7,28.6
6,2025-03-19,77.8,70.7,0.421,89,73.5,0.421,9.5,26.6
6,2025-03-20,81.2,72.7,0.079,72,77.0,0.079,15.9,39.1
6,2025-03-21,80.5,73.7,0.051,71,77.3,0.051,10.7,26.4
6,2025-03-22,81.5,72.4,0.028,75,77.4,0.028,10.8,26.8
6,2025-03-23,80.9,71.9,0.051,81,76.3,0.051,7.1,19.0
6,2025-03-24,82.1,73.0,0.016,77,76.9,0.016,5.8,16.8
6,2025-03-25,83.9,73.7,0.000,75,78.1,0.000,5.5,14.8
6,2025-03-26,83.3,74.2,0.043,78,78.0,0.043,6.9,15.7
6,2025-03-27,83.2,74.8,0.055,76,78.7,0.055,6.1,15.9
6,2025-03-28,84.2,76.0,0.012,71,79.1,0.012,10.1,25.7
6,2025-03-29,83.9,75.3,0.028,74,79.4,0.028,7.3,18.3
6,2025-03-30,83.6,75.8,0.000,71,78.8,0.000,9.3,24.6
6,2025-03-31,83.5,72.7,0.047,73,78.5,0.047,9.8,24.8
6,2025-04-01,80.0,72.4,0.169,83,76.1,0.169,8.1,21.5
6,2025-04-02,79.9,71.8,0.921,90,74.2,0.921,14.7,34.0
6,2025-04-03,78.2,73.7,0.236,84,76.0,0.236,18.0,42.5
6,2025-04-04,81.4,74.5,0.000,77,78.0,0.000,11.9,30.0
6,2025-04-05,80.6,75.4,0.075,78,77.6,0.075,9.7,24.4
6,2025-04-06,81.5,74.8,0.063,79,77.8,0.063,9.3,23.9
6,2025-04-07,81.8,74.6,0.000,76,77.9,0.000,12.6,31.8
6,2025-04-08,81.8,75.1,0.000,75,78.3,0.000,11.1,28.0
6,2025-04-09,81.8,72.9,0.075,77,78.2,0.075,8.2,21.5
6,2025-04-10,82.7,74.1,0.059,80,78.1,0.059,5.4,15.9
6,2025-04-11,83.5,72.0,0.417,84,76.8,0.417,6.4,19.2
6,2025-04-12,83.6,73.9,0.008,77,79.1,0.008,8.5,22.1
6,2025-04-13,85.8,73.7,0.091,76,79.8,0.091,6.9,15.9
6,2025-04-14,83.9,75.8,0.012,76,79.4,0.012,10.5,26.6
6,2025-04-15,82.1,72.0,0.744,84,76.5,0.744,12.2,31.8
6,2025-04-16,79.6,73.9,0.031,84,76.4,0.031,7.5,17.9
6,2025-04-17,81.9,73.9,0.496,88,76.6,0.496,5.4,12.5
6,2025-04-18,83.4,73.1,0.252,86,77.6,0.252,6.1,16.8
6,2025-04-19,82.1,74.4,0.197,85,77.5,0.197,5.2,16.1
6,2025-04-20,82.6,73.6,0.118,80,78.3,0.118,8.1,21.0
6,2025-04-21,85.0,76.0,0.000,68,80.4,0.000,9.4,24.8
6,2025-04-22,84.8,74.9,0.012,72,80.1,0.012,9.5,25.1
6,2025-04-23,85.0,74.2,0.016,78,78.9,0.016,7.4,17.7
6,2025-04-24,86.8,73.3,0.146,78,78.5,0.146,8.9,20.4
6,2025-04-25,86.0,75.0,0.028,78,79.7,0.028,7.1,16.3
6,2025-04-26,84.9,75.5,0.016,76,79.6,0.016,9.3,23.7
6,2025-04-27,83.1,72.9,0.091,76,78.7,0.091,9.1,24.2
6,2025-04-28,85.0,74.4,0.028,77,78.7,0.028,8.1,22.8
6,2025-04-29,87.4,76.4,0.004,61,81.7,0.004,7.8,21.5
6,2025-04-30,86.4,77.2,0.008,65,82.0,0.008,8.4,24.2
6,2025-05-01,86.8,76.4,0.047,69,81.3,0.047,7.9,22.1
6,2025-05-02,86.7,73.0,0.122,72,80.0,0.122,7.5,20.6
6,2025-05-03,82.5,74.2,0.067,83,76.7,0.067,6.8,19.9
6,2025-05-04,81.4,73.5,0.366,86,76.4,0.366,7.5,21.0
6,2025-05-05,83.9,72.4,0.390,85,76.8,0.390,6.3,15.0
6,2025-05-06,84.3,73.5,0.299,84,77.1,0.299,9.2,22.1
6,2025-05-07,84.9,73.9,0.142,77,79.0,0.142,11.6,32.2
6,2025-05-08,87.2,74.9,0.031,78,79.1,0.031,10.4,27.5
6,2025-05-09,88.5,73.1,0.169,76,80.0,0.169,7.7,20.4
6,2025-05-10,82.3,74.2,0.287,87,77.0,0.287,10.0,25.3
6,2025-05-11,79.4,73.0,0.315,90,75.8,0.315,8.3,19.7
6,2025-05-12,80.6,73.7,0.693,87,76.4,0.693,8.0,21.9
6,2025-05-13,83.3,73.0,0.232,85,77.3,0.232,8.7,24.4
6,2025-05-14,79.7,72.6,0.339,87,76.5,0.339,10.4,27.3
6,2025-05-15,81.1,72.9,0.504,89,76.3,0.504,11.9,29.1
6,2025-05-16,79.2,74.5,0.236,88,76.7,0.236,9.9,26.2
6,2025-05-17,80.0,73.8,0.480,87,77.0,0.480,8.9,21.9
6,2025-05-18,80.3,74.2,0.185,86,77.3,0.185,7.0,16.6
6,2025-05-19,81.8,72.8,0.134,85,77.9,0.134,5.7,15.4
6,2025-05-20,80.2,74.1,0.114,83,77.8,0.114,5.7,15.7
6,2025-05-21,80.5,74.4,0.209,88,77.4,0.209,9.5,25.1
6,2025-05-22,80.5,73.3,0.134,85,77.5,0.134,7.6,20.8
6,2025-05-23,80.9,76.2,0.051,81,78.0,0.051,13.4,32.4
6,2025-05-24,76.5,72.9,0.496,93,74.8,0.496,9.8,23.7
6,2025-05-25,79.0,72.4,0.177,81,76.5,0.177,13.9,37.1
6,2025-05-26,81.4,72.5,0.075,85,76.9,0.075,8.2,22.4
6,2025-05-27,81.9,75.5,0.012,82,78.3,0.012,9.1,24.4
6,2025-05-28,85.2,74.8,0.228,78,79.5,0.228,7.2,16.8
6,2025-05-29,84.9,77.7,0.008,74,80.8,0.008,11.9,30.9
6,2025-05-30,84.8,77.1,0.012,77,79.9,0.012,7.7,23.3
6,2025-05-31,86.4,78.0,0.016,74,81.0,0.016,8.5,22.8
6,2025-06-01,89.9,75.2,0.083,75,80.5,0.083,9.9,28.6
6,2025-06-02,87.1,76.0,0.071,74,80.7,0.071,11.4,32.7
6,2025-06-03,84.6,75.4,0.055,81,78.5,0.055,10.8,30.4
6,2025-06-04,84.4,75.3,0.236,81,78.1,0.236,12.8,31.5
6,2025-06-05,84.0,74.5,0.024,80,77.9,0.024,12.3,30.4
6,2025-06-06,84.0,75.2,0.055,78,78.5,0.055,11.5,29.8
6,2025-06-07,82.8,73.9,0.110,81,77.0,0.110,14.5,36.7
6,2025-06-08,83.8,72.7,0.240,81,76.9,0.240,14.2,33.1
6,2025-06-09,82.2,72.5,0.091,75,78.5,0.091,13.5,38.5
6,2025-06-10,80.3,76.0,0.110,79,77.5,0.110,15.8,39.1
6,2025-06-11,83.5,75.1,0.028,74,79.0,0.028,11.9,34.7
6,2025-06-12,82.2,75.8,0.031,77,78.3,0.031,14.1,40.9
6,2025-06-13,86.6,75.4,0.000,72,80.4,0.000,10.8,30.0
6,2025-06-14,87.2,75.9,0.024,72,80.9,0.024,9.5,30.4
6,2025-06-15,87.7,77.1,0.016,68,81.7,0.016,7.0,21.9
6,2025-06-16,87.6,75.7,0.020,67,81.5,0.020,6.9,22.8
6,2025-06-17,87.9,76.0,0.028,71,80.3,0.028,13.0,33.3
6,2025-06-18,86.1,74.9,0.063,77,79.1,0.063,10.4,29.1
6,2025-06-19,84.9,76.3,0.000,70,80.6,0.000,12.1,30.6
6,2025-06-20,83.9,73.2,0.165,82,76.8,0.165,10.5,29.1
6,2025-06-21,78.7,72.5,0.425,85,75.1,0.425,15.8,39.1
6,2025-06-22,79.0,72.8,0.094,83,75.5,0.094,13.9,37.8
6,2025-06-23,81.2,72.0,0.154,85,75.3,0.154,11.4,32.9
6,2025-06-24,80.5,74.4,0.024,79,77.1,0.024,14.5,37.4
6,2025-06-25,82.3,74.7,0.134,83,77.3,0.134,9.5,25.3
6,2025-06-26,84.1,74.9,0.165,81,78.1,0.165,8.9,26.2
6,2025-06-27,84.1,71.6,0.157,81,77.3,0.157,11.5,31.8
6,2025-06-28,83.0,73.7,0.067,76,78.6,0.067,12.1,31.1
6,2025-06-29,84.8,75.4,0.000,72,79.8,0.000,11.8,35.3
6,2025-06-30,84.1,75.8,0.020,71,79.8,0.020,14.0,40.3
6,2025-07-01,84.0,75.1,0.020,77,78.3,0.020,13.1,34.9
6,2025-07-02,82.9,70.3,0.161,81,77.3,0.161,11.3,33.6
6,2025-07-03,84.1,72.4,0.075,72,79.4,0.075,11.1,32.4
6,2025-07-04,84.6,74.1,0.043,73,79.8,0.043,11.1,32.2
6,2025-07-05,85.7,73.3,0.157,80,78.4,0.157,13.0,38.9
6,2025-07-06,86.5,74.7,0.248,78,78.3,0.248,17.8,42.1
6,2025-07-07,85.5,72.6,0.516,79,77.8,0.516,12.8,34.2
6,2025-07-08,83.3,74.0,0.063,82,77.5,0.063,14.0,34.0
6,2025-07-09,82.6,75.3,0.008,75,79.0,0.008,12.2,32.0
6,2025-07-10,85.9,74.5,0.039,76,78.6,0.039,13.1,35.3
6,2025-07-11,82.2,75.1,0.024,76,78.3,0.024,13.3,37.8
6,2025-07-12,87.6,74.3,0.067,75,79.3,0.067,14.0,38.3
6,2025-07-13,87.5,75.4,0.008,68,81.1,0.008,12.3,33.1
6,2025-07-14,88.1,75.5,0.091,72,79.8,0.091,11.4,29.1
6,2025-07-15,85.8,74.4,0.024,72,79.7,0.024,12.8,32.7
6,2025-07-16,85.0,75.2,0.059,75,78.6,0.059,12.2,32.7
6,2025-07-17,86.9,75.9,0.028,72,80.2,0.028,9.9,32.2
6,2025-07-18,86.4,76.4,0.035,69,80.6,0.035,14.4,38.5
6,2025-07-19,88.4,75.9,0.071,66,81.3,0.071,15.4,41.6
6,2025-07-20,84.7,75.9,0.028,73,78.6,0.028,16.5,45.9
6,2025-07-21,85.0,76.6,0.004,67,80.2,0.004,15.5,43.0
6,2025-07-22,87.7,76.3,0.000,67,81.3,0.000,18.0,49.2
6,2025-07-23,89.9,75.8,0.000,62,81.9,0.000,17.6,49.4
6,2025-07-24,90.8,76.1,0.000,60,82.5,0.000,13.8,36.2
6,2025-07-25,90.6,77.0,0.000,62,82.8,0.000,12.6,37.6
6,2025-07-26,91.2,76.1,0.000,62,82.8,0.000,12.9,37.8
6,2025-07-27,86.8,76.3,0.016,70,80.6,0.016,12.7,38.3
6,2025-07-28,89.3,76.8,0.000,65,82.0,0.000,13.2,36.9
6,2025-07-29,85.2,76.5,0.035,69,81.3,0.035,13.6,36.9
6,2025-07-30,87.9,77.0,0.000,65,82.2,0.000,14.2,37.4
6,2025-07-31,89.8,76.8,0.063,69,81.6,0.063,11.0,29.1
6,2025-08-01,88.1,74.8,0.276,77,80.3,0.276,7.4,21.9
6,2025-08-02,88.5,72.2,0.531,77,79.7,0.531,7.9,21.3
6,2025-08-03,86.6,73.0,0.063,75,80.2,0.063,6.3,18.1
6,2025-08-04,89.4,77.2,0.000,65,82.5,0.000,12.0,32.7
6,2025-08-05,86.9,76.9,0.012,67,81.4,0.012,10.8,28.6
6,2025-08-06,88.4,72.0,0.343,79,77.7,0.343,8.6,24.4
6,2025-08-07,84.9,71.1,0.551,80,77.6,0.551,8.1,20.8
6,2025-08-08,83.2,74.0,0.035,81,77.7,0.035,5.2,16.6
6,2025-08-09,84.0,76.0,0.067,73,79.5,0.067,9.8,27.7
6,2025-08-10,81.8,75.6,0.071,73,78.9,0.071,12.7,34.0
6,2025-08-11,79.6,73.7,0.106,78,76.2,0.106,12.1,30.4
6,2025-08-12,79.6,73.9,0.067,77,76.8,0.067,11.6,33.6
6,2025-08-13,81.0,74.4,0.012,76,77.6,0.012,10.3,28.9
6,2025-08-14,82.7,72.0,0.079,77,77.3,0.079,16.3,41.4
6,2025-08-15,78.8,73.6,0.209,84,75.0,0.209,13.4,36.5
6,2025-08-16,75.3,71.8,0.453,90,73.5,0.453,12.3,30.6
6,2025-08-17,81.7,72.4,0.000,79,77.6,0.000,11.2,32.9
6,2025-08-18,86.3,74.3,0.000,70,79.9,0.000,8.2,24.2
6,2025-08-19,86.3,75.6,0.000,67,80.1,0.000,8.1,22.6
6,2025-08-20,85.0,76.7,0.031,69,79.8,0.031,7.7,19.5
6,2025-08-21,82.2,71.5,0.610,84,75.7,0.610,7.8,20.1
6,2025-08-22,75.7,71.8,0.343,88,73.8,0.343,8.8,24.8
6,2025-08-23,82.4,71.7,0.469,81,76.2,0.469,12.5,31.1
6,2025-08-24,81.2,73.5,0.012,72,78.0,0.012,14.8,38.5
6,2025-08-25,82.9,73.3,0.102,77,77.2,0.102,16.6,40.3
6,2025-08-26,85.8,74.6,0.004,73,78.8,0.004,15.3,40.7
6,2025-08-27,85.1,73.0,0.063,76,77.9,0.063,11.3,31.1
6,2025-08-28,82.4,72.6,0.157,77,77.6,0.157,12.2,36.0
6,2025-08-29,85.0,75.4,0.043,69,79.7,0.043,13.5,34.4
6,2025-08-30,81.2,72.4,0.205,81,76.1,0.205,17.1,45.2
6,2025-08-31,80.6,72.4,0.150,82,75.8,0.150,15.6,43.2
6,2025-09-01,78.4,73.8,0.232,83,75.6,0.232,16.3,40.3
6,2025-09-02,82.8,74.7,0.012,75,78.6,0.012,10.5,32.0
6,2025-09-03,82.7,74.1,0.035,76,77.7,0.035,11.1,30.6
6,2025-09-04,82.7,73.0,0.106,75,77.7,0.106,13.4,33.3
6,2025-09-05,84.4,74.7,0.035,75,78.4,0.035,12.7,33.1
6,2025-09-06,86.8,73.6,0.047,75,78.8,0.047,10.3,26.8
6,2025-09-07,81.8,74.1,0.047,79,77.2,0.047,10.8,30.6
6,2025-09-08,81.2,72.5,0.098,86,75.5,0.098,10.6,27.7
6,2025-09-09,79.4,73.1,0.126,84,76.1,0.126,9.7,26.2
6,2025-09-10,82.4,72.7,0.276,84,76.2,0.276,6.2,15.9
6,2025-09-11,85.0,74.5,0.031,78,77.9,0.031,7.9,29.8
6,2025-09-12,84.3,72.1,0.563,80,77.0,0.563,8.3,21.9
6,2025-09-13,83.7,72.6,0.075,83,76.2,0.075,8.1,18.6
6,2025-09-14,79.6,71.9,0.382,87,74.8,0.382,6.9,16.6
6,2025-09-15,79.9,72.2,0.142,83,76.1,0.142,8.0,22.8
6,2025-09-16,84.0,73.8,0.118,78,77.4,0.118,8.4,25.9
6,2025-09-17,83.2,73.7,0.035,75,78.3,0.035,11.8,34.7
6,2025-09-18,79.6,72.2,0.205,80,76.0,0.205,12.5,37.4
6,2025-09-19,83.3,74.8,0.004,69,79.1,0.004,12.2,36.2
6,2025-09-20,85.9,75.5,0.000,66,80.5,0.000,12.1,34.0
6,2025-09-21,87.8,74.2,0.000,62,80.9,0.000,13.7,36.2
6,2025-09-22,86.8,74.6,0.000,63,80.4,0.000,12.8,34.0
6,2025-09-23,87.8,75.9,0.000,62,81.1,0.000,15.7,40.3
6,2025-09-24,85.3,75.8,0.004,69,79.9,0.004,15.2,42.5
6,2025-09-25,86.2,76.0,0.071,67,80.2,0.071,15.4,42.5
6,2025-09-26,82.5,75.2,0.091,76,77.8,0.091,10.3,32.7
6,2025-09-27,81.7,73.9,0.118,78,76.9,0.118,12.0,35.6
6,2025-09-28,82.2,71.6,0.669,84,75.3,0.669,13.3,35.6
6,2025-09-29,79.5,71.6,0.083,82,75.5,0.083,18.4,45.4
6,2025-09-30,83.1,72.0,0.244,82,76.3,0.244,7.9,27.1
6,2025-10-01,80.9,72.6,0.122,85,76.0,0.122,5.5,18.8
6,2025-10-02,83.2,73.0,0.028,77,78.3,0.028,7.4,19.7
6,2025-10-03,84.8,73.2,0.039,79,77.6,0.039,7.3,17.2
6,2025-10-04,85.0,69.7,0.209,79,77.0,0.209,7.8,22.6
6,2025-10-05,85.1,72.4,0.122,76,77.9,0.122,7.5,22.4
6,2025-10-06,86.8,75.4,0.004,66,80.3,0.004,10.7,30.2
6,2025-10-07,87.8,74.3,0.051,72,79.1,0.051,10.9,30.0
6,2025-10-08,80.7,71.7,0.362,80,76.3,0.362,11.8,31.3
6,2025-10-09,80.2,72.5,0.059,82,75.5,0.059,12.8,33.8
6,2025-10-10,80.8,71.0,0.169,78,76.7,0.169,11.6,30.4
6,2025-10-11,84.1,72.4,0.079,77,77.9,0.079,8.1,18.1
6,2025-10-12,83.1,74.0,0.059,78,77.9,0.059,7.2,20.6
6,2025-10-13,84.1,72.2,0.244,80,77.9,0.244,4.9,15.4
6,2025-10-14,80.5,73.9,0.256,85,76.3,0.256,5.9,16.6
6,2025-10-15,83.2,74.5,0.043,74,78.9,0.043,6.9,19.5
6,2025-10-16,82.5,70.7,0.689,83,77.3,0.689,12.8,32.7
6,2025-10-17,80.1,70.1,0.776,91,74.1,0.776,9.9,28.9
6,2025-10-18,80.3,72.3,0.236,87,75.7,0.236,11.0,27.5
6,2025-10-19,81.3,72.7,0.035,84,76.6,0.035,7.7,21.7
6,2025-10-20,80.4,72.4,0.134,87,74.9,0.134,7.6,17.7
6,2025-10-21,80.3,71.1,0.161,85,75.9,0.161,7.9,19.9
6,2025-10-22,75.7,72.0,0.524,90,74.4,0.524,7.8,20.1
6,2025-10-23,79.5,71.4,0.594,89,74.1,0.594,11.9,30.4
6,2025-10-24,75.6,71.5,0.425,92,73.6,0.425,9.6,23.5
6,2025-10-25,74.1,71.7,1.504,94,72.7,1.504,7.8,17.2
6,2025-10-26,76.4,72.3,0.492,92,74.2,0.492,8.3,20.1
6,2025-10-27,79.6,71.4,0.311,87,75.0,0.311,12.2,29.3
6,2025-10-28,79.6,71.3,1.787,88,74.3,1.787,10.6,26.4
6,2025-10-29,73.8,69.9,1.067,95,71.8,1.067,9.5,24.6
6,2025-10-30,75.5,72.0,0.098,90,73.5,0.098,7.9,18.8
6,2025-10-31,79.6,71.8,0.240,89,74.8,0.240,9.7,23.9
6,2025-11-01,81.4,72.7,1.039,90,75.2,1.039,8.0,21.3
6,2025-11-02,81.5,71.7,0.878,90,74.8,0.878,7.9,23.7
6,2025-11-03,80.9,73.2,0.272,88,75.6,0.272,8.1,21.7
6,2025-11-04,81.6,73.3,0.008,79,76.9,0.008,7.5,20.6
6,2025-11-05,81.8,71.4,0.303,85,75.8,0.303,7.9,21.9
6,2025-11-06,77.5,71.6,0.646,92,73.8,0.646,9.0,21.5
6,2025-11-07,79.0,71.3,0.524,91,74.1,0.524,13.4,32.9
6,2025-11-08,81.3,73.3,0.146,89,75.5,0.146,8.3,21.0
6,2025-11-09,82.2,73.6,0.102,85,77.1,0.102,5.6,14.1
6,2025-11-10,83.0,73.3,0.035,82,77.3,0.035,7.9,21.0
6,2025-11-11,82.8,74.0,0.008,82,77.7,0.008,7.1,18.6
6,2025-11-12,81.4,73.2,0.043,82,77.2,0.043,7.8,19.0
6,2025-11-13,82.5,72.2,0.087,80,77.2,0.087,6.5,17.4
6,2025-11-14,79.5,71.6,0.110,87,74.9,0.110,9.3,25.1
6,2025-11-15,81.9,72.7,0.016,64,77.1,0.016,12.9,33.6
6,2025-11-16,83.4,75.2,0.012,65,78.4,0.012,10.7,25.9
6,2025-11-17,81.4,69.7,0.516,85,74.5,0.516,11.5,29.3
6,2025-11-18,73.0,70.7,2.051,96,71.9,2.051,10.8,27.5
6,2025-11-19,74.8,70.6,2.472,94,71.7,2.472,16.7,41.2
6,2025-11-20,75.0,70.9,0.366,81,73.7,0.366,18.4,45.2
6,2025-11-21,76.0,73.5,0.055,76,74.8,0.055,19.4,48.3
6,2025-11-22,76.0,70.5,0.370,80,74.5,0.370,16.2,38.7
6,2025-11-23,77.8,71.8,0.201,77,75.3,0.201,18.3,44.3
6,2025-11-24,78.3,70.7,0.421,85,75.0,0.421,16.8,42.7
6,2025-11-25,78.4,71.2,0.563,86,73.8,0.563,17.3,43.0
6,2025-11-26,77.3,73.2,0.051,77,74.7,0.051,16.0,39.6
6,2025-11-27,76.9,72.0,0.012,72,74.0,0.012,15.4,37.8
6,2025-11-28,74.7,70.1,0.000,72,71.8,0.000,13.7,32.9
6,2025-11-29,76.8,67.0,0.000,75,71.6,0.000,10.2,25.5
6,2025-11-30,77.8,68.4,0.000,77,72.1,0.000,6.2,17.2
6,2025-12-01,78.7,69.4,0.000,78,72.9,0.000,5.9,15.2
6,2025-12-02,78.6,68.9,0.000,77,73.1,0.000,6.8,18.8
6,2025-12-03,80.4,71.2,0.000,80,75.1,0.000,5.4,14.8
6,2025-12-04,80.9,70.6,0.425,84,75.5,0.425,10.5,26.2
6,2025-12-05,74.3,70.0,0.244,90,72.8,0.244,9.8,23.3
6,2025-12-06,79.6,71.2,0.083,82,74.8,0.083,9.3,24.2
6,2025-12-07,79.8,72.3,0.031,75,75.7,0.031,8.1,21.3
6,2025-12-08,79.0,71.8,0.031,69,75.5,0.031,12.7,31.8
6,2025-12-09,80.8,72.5,0.035,67,75.5,0.035,14.4,37.4
6,2025-12-10,79.9,72.4,0.012,73,75.5,0.012,10.3,23.7
6,2025-12-11,76.8,70.3,1.409,86,73.0,1.409,13.2,31.8
6,2025-12-12,73.6,70.5,0.945,93,71.9,0.945,12.4,34.9
6,2025-12-13,76.9,70.6,0.102,89,73.1,0.102,10.6,31.3
6,2025-12-14,79.1,68.7,0.516,89,73.3,0.516,12.4,31.5
6,2025-12-15,79.5,72.3,0.114,82,75.0,0.114,15.9,38.7
6,2025-12-16,78.7,72.1,0.024,84,75.1,0.024,12.6,31.8
6,2025-12-17,79.1,72.9,0.118,86,75.4,0.118,11.4,27.5
6,2025-12-18,79.0,72.5,0.161,84,74.6,0.161,11.4,28.9
6,2025-12-19,79.7,71.7,0.000,79,75.2,0.000,11.9,29.8
6,2025-12-20,79.1,71.1,0.047,83,74.7,0.047,10.0,25.5
6,2025-12-21,80.0,70.6,0.000,78,74.9,0.000,9.4,25.3
6,2025-12-22,80.3,71.2,0.000,79,75.2,0.000,9.1,23.7
6,2025-12-23,80.5,70.6,0.031,81,75.1,0.031,5.9,16.6
6,2025-12-24,80.5,71.9,0.024,81,75.2,0.024,7.9,20.1
6,2025-12-25,81.2,72.2,0.161,86,75.2,0.161,9.9,24.6
6,2025-12-26,75.7,71.5,0.173,88,73.7,0.173,13.0,31.1
6,2025-12-27,76.1,70.7,0.425,91,72.6,0.425,11.0,26.8
6,2025-12-28,78.6,72.4,0.063,78,75.3,0.063,11.3,27.7
6,2025-12-29,80.1,71.8,0.000,76,75.8,0.000,7.3,18.3
6,2025-12-30,79.4,71.1,0.024,81,74.8,0.024,5.5,15.2
6,2025-12-31,79.5,70.8,0.000,75,74.3,0.000,6.3,15.7
7,2025-01-01,80.2,78.7,0.000,74,79.5,0.000,18.6,24.4
7,2025-01-02,80.4,78.8,0.000,71,79.9,0.000,15.6,20.4
7,2025-01-03,80.1,79.0,0.024,77,79.6,0.024,19.8,25.5
7,2025-01-04,81.1,75.0,0.150,79,78.4,0.150,16.7,21.5
7,2025-01-05,81.3,77.7,0.004,68,79.9,0.004,22.4,29.8
7,2025-01-06,79.8,78.6,0.000,67,79.2,0.000,20.3,26.2
7,2025-01-07,80.6,79.0,0.004,69,79.9,0.004,11.1,14.3
7,2025-01-08,80.7,79.0,0.000,67,79.9,0.000,10.1,13.4
7,2025-01-09,80.7,79.2,0.000,71,80.0,0.000,11.0,14.5
7,2025-01-10,80.4,79.0,0.004,75,79.7,0.004,21.7,28.4
7,2025-01-11,80.1,77.3,0.047,74,78.6,0.047,27.2,34.4
7,2025-01-12,78.3,74.5,0.000,71,76.4,0.000,30.8,40.7
7,2025-01-13,77.6,75.4,0.000,70,76.3,0.000,23.6,31.8
7,2025-01-14,77.8,76.7,0.000,70,77.5,0.000,20.3,26.2
7,2025-01-15,79.0,74.7,0.098,79,77.8,0.098,23.3,30.2
7,2025-01-16,79.5,76.6,0.236,81,78.3,0.236,20.3,25.3
7,2025-01-17,79.1,77.0,0.004,78,78.0,0.004,23.7,31.1
7,2025-01-18,78.8,77.3,0.000,70,78.4,0.000,20.9,27.1
7,2025-01-19,79.0,77.6,0.000,74,78.4,0.000,15.6,20.1
7,2025-01-20,79.7,77.5,0.000,76,78.7,0.000,11.7,14.5
7,2025-01-21,79.9,77.7,0.000,75,79.0,0.000,10.2,12.8
7,2025-01-22,79.5,77.8,0.000,78,79.0,0.000,12.4,15.9
7,2025-01-23,79.5,77.8,0.000,79,78.7,0.000,10.4,13.4
7,2025-01-24,79.7,77.7,0.000,82,78.9,0.000,9.5,12.5
7,2025-01-25,79.8,74.3,0.102,84,78.4,0.102,9.0,14.3
7,2025-01-26,79.5,77.2,0.008,84,78.6,0.008,14.1,17.2
7,2025-01-27,81.3,75.7,0.110,80,78.1,0.110,17.7,23.9
7,2025-01-28,80.6,76.6,0.063,75,78.4,0.063,15.8,21.0
7,2025-01-29,80.1,77.4,0.000,68,79.3,0.000,16.6,21.7
7,2025-01-30,79.9,77.4,0.000,62,79.0,0.000,11.8,15.7
7,2025-01-31,79.9,77.9,0.000,61,79.0,0.000,7.3,10.7
7,2025-02-01,79.3,77.2,0.000,67,78.3,0.000,6.2,8.7
7,2025-02-02,79.6,76.8,0.000,78,78.0,0.000,10.3,13.2
7,2025-02-03,79.9,76.9,0.000,78,78.9,0.000,12.5,16.6
7,2025-02-04,80.4,78.5,0.024,76,79.4,0.024,15.8,20.6
7,2025-02-05,79.6,78.1,0.004,77,79.0,0.004,11.6,15.4
7,2025-02-06,79.7,77.0,0.016,79,78.5,0.016,10.8,14.3
7,2025-02-07,79.6,78.2,0.000,78,78.9,0.000,11.8,15.7
7,2025-02-08,79.2,76.3,0.055,81,78.2,0.055,15.9,22.6
7,2025-02-09,80.6,77.7,0.008,73,79.1,0.008,18.6,24.8
7,2025-02-10,80.5,78.3,0.000,70,79.4,0.000,14.9,19.7
7,2025-02-11,80.3,78.4,0.000,71,79.4,0.000,10.6,14.5
7,2025-02-12,80.9,78.7,0.000,75,79.7,0.000,8.1,10.5
7,2025-02-13,81.0,79.0,0.000,79,80.0,0.000,10.6,13.9
7,2025-02-14,81.0,79.0,0.004,80,80.2,0.004,10.3,14.3
7,2025-02-15,81.7,79.2,0.000,80,80.5,0.000,12.6,16.8
7,2025-02-16,81.7,79.2,0.000,80,80.3,0.000,13.8,18.3
7,2025-02-17,81.7,77.2,0.043,78,80.3,0.043,16.1,21.5
7,2025-02-18,82.0,78.1,0.043,72,81.0,0.043,14.2,20.4
7,2025-02-19,81.2,74.7,0.079,80,79.0,0.079,18.2,23.9
7,2025-02-20,80.8,74.8,0.772,82,78.4,0.772,20.8,25.9
7,2025-02-21,81.2,76.3,0.083,81,79.0,0.083,15.1,20.1
7,2025-02-22,80.6,74.9,0.331,82,78.7,0.331,15.2,22.1
7,2025-02-23,80.1,76.3,0.783,84,78.0,0.783,18.2,28.0
7,2025-02-24,78.1,76.6,1.555,85,77.4,1.555,23.8,36.5
7,2025-02-25,81.9,76.4,0.949,79,79.2,0.949,20.5,31.8
7,2025-02-26,80.8,77.2,0.134,80,79.6,0.134,20.8,29.3
7,2025-02-27,81.6,79.6,0.110,78,80.5,0.110,13.1,18.3
7,2025-02-28,81.7,79.8,0.000,78,81.0,0.000,13.7,17.7
7,2025-03-01,80.9,79.3,0.000,78,80.3,0.000,12.5,16.6
7,2025-03-02,81.7,79.3,0.000,76,80.9,0.000,11.3,15.0
7,2025-03-03,81.6,79.1,0.000,76,80.6,0.000,10.9,14.5
7,2025-03-04,80.9,79.0,0.000,75,79.9,0.000,9.1,13.4
7,2025-03-05,81.9,79.0,0.000,73,80.7,0.000,7.6,11.6
7,2025-03-06,82.9,80.0,0.012,73,81.6,0.012,12.2,19.5
7,2025-03-07,82.1,78.2,0.181,78,81.0,0.181,17.4,22.8
7,2025-03-08,82.3,77.6,0.398,81,80.1,0.398,20.4,28.6
7,2025-03-09,81.2,77.8,0.283,82,80.1,0.283,17.5,25.1
7,2025-03-10,82.9,78.6,0.252,81,80.6,0.252,18.6,25.1
7,2025-03-11,83.0,79.9,0.106,77,81.7,0.106,12.2,17.9
7,2025-03-12,83.5,79.6,0.016,75,82.3,0.016,11.7,16.8
7,2025-03-13,82.3,78.4,0.055,80,80.6,0.055,14.6,20.1
7,2025-03-14,82.3,80.8,0.000,75,81.7,0.000,11.6,15.2
7,2025-03-15,82.7,80.5,0.000,77,81.7,0.000,11.8,15.4
7,2025-03-16,83.1,80.5,0.000,73,81.9,0.000,10.5,14.1
7,2025-03-17,82.3,79.5,0.020,80,81.4,0.020,15.1,21.5
7,2025-03-18,82.2,79.0,0.091,79,80.9,0.091,13.5,19.2
7,2025-03-19,80.4,75.3,0.701,84,78.3,0.701,16.1,24.8
7,2025-03-20,83.2,79.5,0.000,74,81.0,0.000,22.4,29.5
7,2025-03-21,83.2,80.8,0.004,69,82.0,0.004,17.7,23.0
7,2025-03-22,83.5,81.3,0.004,70,82.4,0.004,16.0,20.8
7,2025-03-23,82.8,79.6,0.000,73,81.5,0.000,8.4,12.1
7,2025-03-24,83.0,79.5,0.000,75,81.3,0.000,7.1,10.1
7,2025-03-25,83.0,80.6,0.000,75,81.8,0.000,11.6,15.4
7,2025-03-26,83.4,80.6,0.012,78,81.7,0.012,11.5,15.0
7,2025-03-27,83.7,80.8,0.031,76,82.1,0.031,15.9,21.3
7,2025-03-28,83.6,80.8,0.000,73,82.1,0.000,16.7,22.8
7,2025-03-29,84.1,81.2,0.004,75,82.5,0.004,12.6,16.6
7,2025-03-30,83.1,80.7,0.004,73,82.4,0.004,11.6,15.9
7,2025-03-31,82.9,78.7,0.161,79,80.9,0.161,14.1,19.2
7,2025-04-01,81.4,79.0,0.024,78,80.6,0.024,13.7,20.1
7,2025-04-02,80.8,77.6,0.689,84,79.3,0.689,22.6,30.2
7,2025-04-03,83.6,78.9,0.386,78,81.7,0.386,23.1,31.8
7,2025-04-04,83.5,81.0,0.000,73,82.6,0.000,16.4,21.0
7,2025-04-05,83.4,80.9,0.000,77,82.1,0.000,12.3,16.6
7,2025-04-06,83.2,81.0,0.000,76,82.4,0.000,13.5,17.9
7,2025-04-07,83.5,81.1,0.000,74,82.4,0.000,16.8,22.4
7,2025-04-08,83.4,81.3,0.000,74,82.4,0.000,15.3,20.1
7,2025-04-09,83.5,78.8,0.051,76,82.2,0.051,11.3,15.0
7,2025-04-10,82.5,79.2,0.094,78,81.4,0.094,12.1,16.1
7,2025-04-11,83.3,77.2,0.461,81,80.8,0.461,16.2,21.7
7,2025-04-12,84.2,79.9,0.000,78,82.3,0.000,15.8,21.0
7,2025-04-13,85.3,81.0,0.000,77,82.7,0.000,13.7,17.7
7,2025-04-14,83.6,81.6,0.150,79,82.7,0.150,15.4,21.0
7,2025-04-15,84.0,74.5,1.193,83,80.1,1.193,15.2,19.9
7,2025-04-16,84.0,79.7,0.051,78,81.3,0.051,12.7,17.4
7,2025-04-17,82.6,78.3,0.091,80,80.9,0.091,14.4,20.1
7,2025-04-18,83.4,78.8,0.465,79,81.5,0.465,10.6,15.0
7,2025-04-19,83.5,77.6,0.331,81,81.3,0.331,9.5,16.6
7,2025-04-20,86.2,79.9,0.004,75,82.9,0.004,14.0,19.2
7,2025-04-21,85.7,80.1,0.000,69,84.1,0.000,10.9,15.0
7,2025-04-22,86.0,82.6,0.000,69,84.3,0.000,10.7,15.0
7,2025-04-23,83.8,81.1,0.083,77,82.6,0.083,13.6,18.6
7,2025-04-24,84.0,80.5,0.063,79,81.8,0.063,13.5,19.7
7,2025-04-25,85.0,80.0,0.059,78,82.7,0.059,11.3,17.4
7,2025-04-26,84.1,79.9,0.189,78,82.9,0.189,11.7,16.1
7,2025-04-27,83.7,79.4,0.138,79,81.8,0.138,10.8,15.4
7,2025-04-28,83.8,80.9,0.039,77,82.4,0.039,9.9,14.1
7,2025-04-29,85.6,82.0,0.004,67,84.3,0.004,8.7,12.1
7,2025-04-30,86.1,83.7,0.000,67,84.9,0.000,9.0,13.2
7,2025-05-01,86.0,79.9,0.024,72,84.0,0.024,9.7,14.1
7,2025-05-02,84.6,78.1,0.756,78,81.7,0.756,9.9,15.4
7,2025-05-03,82.9,79.8,0.154,77,81.7,0.154,7.2,11.6
7,2025-05-04,82.6,78.3,0.461,81,80.6,0.461,10.0,17.0
7,2025-05-05,83.5,78.1,0.480,80,81.1,0.480,12.2,17.4
7,2025-05-06,82.5,78.1,0.756,82,80.5,0.756,15.6,21.9
7,2025-05-07,83.5,79.7,0.146,78,82.4,0.146,15.2,21.9
7,2025-05-08,84.4,79.0,0.181,77,82.8,0.181,15.8,21.3
7,2025-05-09,85.5,79.8,0.299,79,82.8,0.299,15.7,21.7
7,2025-05-10,84.8,79.2,0.476,82,81.6,0.476,16.9,23.5
7,2025-05-11,82.4,77.7,0.717,83,80.6,0.717,13.0,19.0
7,2025-05-12,82.5,78.1,1.000,82,80.4,1.000,13.9,20.4
7,2025-05-13,83.2,78.4,0.303,79,81.8,0.303,13.5,19.7
7,2025-05-14,84.3,77.5,0.748,82,80.9,0.748,13.4,18.3
7,2025-05-15,83.9,78.8,0.370,81,82.1,0.370,16.6,22.6
7,2025-05-16,83.5,79.8,0.437,81,81.9,0.437,14.3,20.4
7,2025-05-17,84.6,77.2,0.661,80,81.5,0.661,12.0,17.4
7,2025-05-18,84.4,78.8,0.189,80,82.2,0.189,10.5,14.3
7,2025-05-19,84.4,79.9,0.051,79,82.5,0.051,8.4,11.4
7,2025-05-20,85.1,79.0,0.035,78,82.5,0.035,10.4,13.6
7,2025-05-21,83.8,78.6,0.740,82,81.5,0.740,12.6,17.7
7,2025-05-22,86.0,78.1,0.504,80,82.3,0.504,15.8,21.5
7,2025-05-23,83.8,79.6,0.217,81,81.8,0.217,21.1,29.5
7,2025-05-24,84.0,78.6,0.504,80,81.0,0.504,17.5,25.9
7,2025-05-25,83.4,78.4,0.815,81,81.2,0.815,22.9,32.0
7,2025-05-26,82.3,79.1,0.681,81,81.1,0.681,12.6,23.9
7,2025-05-27,83.4,79.0,0.043,78,82.5,0.043,14.1,20.8
7,2025-05-28,85.0,82.0,0.008,78,83.4,0.008,15.7,20.8
7,2025-05-29,85.4,83.2,0.004,78,84.2,0.004,15.2,21.0
7,2025-05-30,85.6,83.0,0.102,78,83.8,0.102,11.7,17.9
7,2025-05-31,85.8,83.3,0.000,78,84.0,0.000,13.7,18.1
7,2025-06-01,85.2,82.0,0.012,81,83.4,0.012,15.4,20.6
7,2025-06-02,84.4,79.5,0.177,83,82.0,0.177,19.0,26.2
7,2025-06-03,84.3,78.6,0.433,82,81.8,0.433,19.1,25.7
7,2025-06-04,83.5,78.7,0.354,82,81.7,0.354,21.5,32.7
7,2025-06-05,82.9,79.3,0.083,82,81.2,0.083,18.5,26.4
7,2025-06-06,84.0,80.3,0.079,80,82.0,0.079,17.0,23.7
7,2025-06-07,82.3,79.9,0.287,82,80.9,0.287,22.0,30.4
7,2025-06-08,82.1,79.0,0.402,82,80.8,0.402,22.5,30.4
7,2025-06-09,83.5,79.4,0.110,80,81.6,0.110,20.2,29.3
7,2025-06-10,83.9,79.2,0.303,81,81.4,0.303,18.4,29.3
7,2025-06-11,83.5,80.7,0.075,78,82.1,0.075,20.0,28.0
7,2025-06-12,82.8,80.2,0.181,82,81.3,0.181,18.2,30.9
7,2025-06-13,83.9,79.8,0.173,79,82.6,0.173,14.8,23.9
7,2025-06-14,84.8,81.4,0.008,77,82.9,0.008,13.6,17.9
7,2025-06-15,85.2,82.1,0.000,73,83.6,0.000,15.7,21.3
7,2025-06-16,85.6,82.1,0.000,73,83.6,0.000,17.2,23.0
7,2025-06-17,84.4,80.4,0.118,75,82.9,0.118,13.0,17.9
7,2025-06-18,85.6,80.4,0.043,80,81.9,0.043,17.0,23.3
7,2025-06-19,85.6,80.8,0.016,80,82.3,0.016,19.0,25.1
7,2025-06-20,80.8,77.9,0.504,83,79.9,0.504,19.3,25.3
7,2025-06-21,83.4,78.7,0.559,80,80.6,0.559,24.1,32.4
7,2025-06-22,81.1,78.1,0.512,81,79.9,0.512,21.9,29.5
7,2025-06-23,80.9,78.4,0.220,82,79.9,0.220,18.4,26.6
7,2025-06-24,83.4,78.5,0.126,79,80.9,0.126,15.9,22.6
7,2025-06-25,84.2,79.1,0.106,79,81.4,0.106,11.9,17.7
7,2025-06-26,83.5,77.9,0.220,80,81.7,0.220,13.9,18.3
7,2025-06-27,82.0,76.9,0.256,81,80.5,0.256,15.8,23.9
7,2025-06-28,83.7,79.4,0.106,80,81.0,0.106,18.4,27.5
7,2025-06-29,84.4,79.1,0.000,78,82.0,0.000,17.8,23.7
7,2025-06-30,84.1,80.4,0.138,76,82.3,0.138,22.7,30.4
7,2025-07-01,84.0,80.0,0.126,79,81.4,0.126,17.9,24.4
7,2025-07-02,83.5,79.9,0.063,77,81.8,0.063,18.3,26.4
7,2025-07-03,85.3,76.8,0.594,78,81.7,0.594,17.0,24.6
7,2025-07-04,85.8,78.5,0.098,79,81.9,0.098,18.1,25.7
7,2025-07-05,84.8,80.0,0.157,78,82.2,0.157,18.9,26.2
7,2025-07-06,82.7,79.0,0.303,81,80.9,0.303,17.3,26.4
7,2025-07-07,83.1,78.6,0.398,81,80.9,0.398,17.3,30.0
7,2025-07-08,81.8,78.1,0.559,83,80.4,0.559,20.9,28.4
7,2025-07-09,84.1,80.0,0.012,78,82.0,0.012,19.2,25.5
7,2025-07-10,84.3,79.8,0.091,81,81.7,0.091,21.2,28.4
7,2025-07-11,82.9,79.4,0.134,80,81.4,0.134,19.7,28.4
7,2025-07-12,84.5,78.1,0.075,80,81.6,0.075,18.7,30.4
7,2025-07-13,85.8,80.5,0.008,78,82.6,0.008,17.7,23.5
7,2025-07-14,83.2,78.8,0.374,81,81.3,0.374,14.5,20.1
7,2025-07-15,82.4,78.5,0.535,82,80.7,0.535,15.5,22.6
7,2025-07-16,82.6,79.4,0.059,80,81.1,0.059,13.6,20.8
7,2025-07-17,83.8,80.0,0.000,80,81.5,0.000,18.6,26.6
7,2025-07-18,83.4,80.5,0.031,77,82.2,0.031,21.1,27.1
7,2025-07-19,85.9,80.2,0.169,77,82.2,0.169,16.5,28.9
7,2025-07-20,82.6,80.5,0.087,79,81.4,0.087,26.4,37.4
7,2025-07-21,84.4,80.5,0.008,78,82.4,0.008,21.4,28.4
7,2025-07-22,84.4,81.1,0.000,80,82.4,0.000,22.1,29.5
7,2025-07-23,85.3,81.3,0.004,76,83.0,0.004,23.9,32.2
7,2025-07-24,86.2,81.7,0.000,75,83.1,0.000,19.8,25.5
7,2025-07-25,87.1,81.4,0.000,77,83.0,0.000,19.2,24.8
7,2025-07-26,86.7,81.0,0.024,77,83.3,0.024,20.0,28.0
7,2025-07-27,84.2,80.9,0.055,79,82.4,0.055,19.2,27.5
7,2025-07-28,85.3,80.1,0.098,79,82.6,0.098,20.5,27.3
7,2025-07-29,85.3,80.3,0.075,78,82.7,0.075,20.5,25.7
7,2025-07-30,85.4,81.3,0.012,78,82.8,0.012,22.0,28.9
7,2025-07-31,84.9,81.4,0.012,79,82.7,0.012,18.1,23.0
7,2025-08-01,83.3,78.1,0.205,81,81.4,0.205,13.8,21.5
7,2025-08-02,83.7,78.1,0.177,80,81.9,0.177,10.5,14.5
7,2025-08-03,84.6,77.5,0.307,80,81.7,0.307,12.5,16.3
7,2025-08-04,85.3,82.0,0.000,77,83.3,0.000,14.7,19.9
7,2025-08-05,85.4,82.0,0.000,77,83.0,0.000,15.8,20.8
7,2025-08-06,83.1,77.1,0.449,81,79.9,0.449,16.5,23.5
7,2025-08-07,83.9,76.7,0.657,81,80.4,0.657,12.8,17.2
7,2025-08-08,82.2,79.9,0.024,78,81.3,0.024,11.8,15.9
7,2025-08-09,84.6,80.3,0.087,77,82.3,0.087,16.5,22.1
7,2025-08-10,85.0,81.6,0.035,74,83.0,0.035,19.6,25.5
7,2025-08-11,82.9,75.9,0.228,80,79.9,0.228,21.4,28.9
7,2025-08-12,82.1,78.7,0.181,78,80.8,0.181,21.2,29.1
7,2025-08-13,83.4,79.2,0.118,77,81.2,0.118,16.9,25.3
7,2025-08-14,82.5,78.2,0.354,80,80.5,0.354,22.3,30.2
7,2025-08-15,80.6,78.2,0.083,82,79.5,0.083,21.7,31.5
7,2025-08-16,80.1,78.4,0.193,83,79.0,0.193,21.1,29.1
7,2025-08-17,84.1,79.2,0.055,77,81.1,0.055,16.9,24.6
7,2025-08-18,83.6,81.0,0.000,73,82.6,0.000,14.2,17.9
7,2025-08-19,84.3,80.8,0.000,75,82.3,0.000,13.0,16.8
7,2025-08-20,83.0,80.8,0.039,76,82.0,0.039,14.2,19.0
7,2025-08-21,81.3,77.4,0.331,81,79.5,0.331,17.2,24.6
7,2025-08-22,81.4,75.8,0.480,81,79.1,0.480,16.0,23.7
7,2025-08-23,82.6,78.9,0.142,80,80.3,0.142,20.3,28.2
7,2025-08-24,82.4,78.9,0.087,80,80.2,0.087,20.2,27.5
7,2025-08-25,81.9,79.0,0.220,81,80.3,0.220,21.3,30.4
7,2025-08-26,83.3,79.5,0.031,79,81.1,0.031,18.2,25.3
7,2025-08-27,81.7,77.5,0.122,81,80.2,0.122,20.2,29.3
7,2025-08-28,83.2,78.1,0.256,80,80.7,0.256,19.4,24.6
7,2025-08-29,83.3,78.3,0.063,79,81.2,0.063,20.8,30.6
7,2025-08-30,81.5,78.8,0.232,82,80.0,0.232,23.6,31.8
7,2025-08-31,80.5,77.5,0.484,84,79.2,0.484,21.8,31.1
7,2025-09-01,81.5,77.3,0.256,83,79.5,0.256,22.0,31.1
7,2025-09-02,82.6,78.7,0.106,82,80.5,0.106,16.0,21.5
7,2025-09-03,81.6,79.0,0.043,82,80.2,0.043,17.6,25.5
7,2025-09-04,81.9,79.2,0.102,81,80.2,0.102,17.7,23.9
7,2025-09-05,82.7,79.4,0.201,79,80.8,0.201,18.3,24.4
7,2025-09-06,82.7,78.1,0.323,81,80.5,0.323,13.8,18.8
7,2025-09-07,81.8,77.6,0.614,81,80.0,0.614,16.6,25.3
7,2025-09-08,81.0,76.8,0.866,84,79.1,0.866,14.3,23.0
7,2025-09-09,81.5,77.2,0.146,79,80.2,0.146,11.6,19.7
7,2025-09-10,81.0,79.0,0.094,81,79.6,0.094,10.2,14.1
7,2025-09-11,82.7,79.4,0.016,79,80.7,0.016,14.3,19.7
7,2025-09-12,80.9,77.4,0.248,83,80.0,0.248,14.3,19.7
7,2025-09-13,80.9,76.8,0.476,83,79.1,0.476,9.5,14.1
7,2025-09-14,79.3,75.3,0.425,84,77.9,0.425,11.6,17.0
7,2025-09-15,81.3,77.2,0.205,81,79.7,0.205,15.9,21.0
7,2025-09-16,81.8,77.9,0.248,79,80.6,0.248,14.8,21.3
7,2025-09-17,82.7,78.7,0.303,80,80.8,0.303,20.6,30.6
7,2025-09-18,80.8,78.4,0.335,83,79.4,0.335,19.7,31.1
7,2025-09-19,82.2,79.3,0.047,79,80.8,0.047,20.8,28.6
7,2025-09-20,84.2,78.5,0.091,78,81.4,0.091,15.3,24.2
7,2025-09-21,85.9,80.6,0.000,75,82.2,0.000,17.5,22.6
7,2025-09-22,84.5,80.5,0.000,74,82.0,0.000,18.7,24.6
7,2025-09-23,85.2,80.5,0.020,74,82.3,0.020,23.3,30.4
7,2025-09-24,83.4,80.1,0.031,80,81.3,0.031,21.5,32.7
7,2025-09-25,83.2,79.9,0.075,78,81.5,0.075,18.9,30.0
7,2025-09-26,83.6,79.2,0.173,80,80.9,0.173,17.0,27.3
7,2025-09-27,81.7,77.7,0.154,81,79.9,0.154,21.3,29.5
7,2025-09-28,81.1,77.3,0.866,84,79.2,0.866,22.0,31.8
7,2025-09-29,81.2,77.5,0.323,81,80.0,0.323,22.3,32.4
7,2025-09-30,81.2,76.9,0.516,81,79.8,0.516,17.2,25.5
7,2025-10-01,82.9,80.0,0.012,72,81.6,0.012,11.1,15.4
7,2025-10-02,83.6,80.6,0.051,75,82.3,0.051,13.2,17.7
7,2025-10-03,85.4,77.2,0.122,79,81.5,0.122,15.8,20.4
7,2025-10-04,82.4,76.3,0.268,82,80.2,0.268,14.6,21.0
7,2025-10-05,83.1,78.8,0.020,78,81.0,0.020,12.1,17.2
7,2025-10-06,85.0,80.6,0.024,73,82.3,0.024,16.8,23.7
7,2025-10-07,84.4,80.1,0.122,76,81.7,0.122,16.3,21.7
7,2025-10-08,81.8,77.1,0.732,79,80.4,0.732,19.6,26.2
7,2025-10-09,81.8,78.1,0.150,80,80.1,0.150,21.1,28.4
7,2025-10-10,82.8,76.0,0.248,81,80.0,0.248,15.4,24.8
7,2025-10-11,82.3,75.8,0.181,78,80.3,0.181,10.4,19.7
7,2025-10-12,82.1,77.5,0.091,81,80.1,0.091,10.2,13.9
7,2025-10-13,82.8,76.3,0.551,81,79.9,0.551,9.1,13.2
7,2025-10-14,82.5,76.7,0.413,82,80.2,0.413,10.7,14.3
7,2025-10-15,84.6,78.2,0.067,77,81.8,0.067,12.6,16.6
7,2025-10-16,84.0,74.4,0.980,81,81.2,0.980,19.0,25.9
7,2025-10-17,83.8,76.5,0.524,81,79.9,0.524,12.6,21.9
7,2025-10-18,83.0,78.6,0.134,79,81.1,0.134,11.5,19.2
7,2025-10-19,83.0,77.5,0.079,77,81.4,0.079,11.7,18.3
7,2025-10-20,80.8,76.0,0.500,82,78.9,0.500,9.4,14.3
7,2025-10-21,82.9,75.8,0.874,82,79.5,0.874,11.5,17.0
7,2025-10-22,84.3,78.9,0.283,77,81.2,0.283,17.7,22.8
7,2025-10-23,83.2,78.9,0.039,72,81.7,0.039,20.3,26.2
7,2025-10-24,81.2,77.7,0.453,81,79.5,0.453,17.3,24.6
7,2025-10-25,78.8,76.7,0.870,84,78.0,0.870,14.8,19.9
7,2025-10-26,80.6,78.3,0.303,82,79.4,0.303,14.6,21.3
7,2025-10-27,81.8,77.3,0.110,80,79.9,0.110,17.1,23.0
7,2025-10-28,81.0,77.3,1.476,83,78.9,1.476,19.2,25.7
7,2025-10-29,80.0,75.4,1.228,83,77.7,1.228,19.5,25.7
7,2025-10-30,79.0,76.7,0.972,83,78.0,0.972,12.5,17.4
7,2025-10-31,81.3,77.2,1.091,83,79.3,1.091,11.4,17.0
7,2025-11-01,81.3,77.9,0.094,83,79.8,0.094,14.0,19.2
7,2025-11-02,80.8,77.2,0.622,83,79.6,0.622,12.9,21.9
7,2025-11-03,82.0,79.5,0.256,80,80.8,0.256,14.9,19.2
7,2025-11-04,83.5,79.7,0.055,73,81.5,0.055,14.4,19.7
7,2025-11-05,82.6,76.7,0.201,78,80.1,0.201,12.4,18.3
7,2025-11-06,80.4,77.6,0.886,82,78.9,0.886,16.7,21.9
7,2025-11-07,80.3,75.8,1.295,84,78.7,1.295,16.7,22.6
7,2025-11-08,82.3,78.3,0.169,81,80.4,0.169,12.9,17.2
7,2025-11-09,83.1,79.6,0.020,80,81.5,0.020,11.1,15.4
7,2025-11-10,83.5,80.4,0.000,80,81.6,0.000,16.8,22.8
7,2025-11-11,83.3,79.4,0.079,81,81.4,0.079,12.9,17.2
7,2025-11-12,82.6,77.6,0.161,83,79.9,0.161,10.1,16.8
7,2025-11-13,82.6,77.3,0.185,81,80.4,0.185,11.1,16.8
7,2025-11-14,82.3,77.1,0.370,81,79.6,0.370,20.9,27.1
7,2025-11-15,81.9,79.9,0.000,66,81.0,0.000,21.7,28.2
7,2025-11-16,83.4,80.0,0.020,69,81.5,0.020,19.3,25.3
7,2025-11-17,82.2,76.5,1.291,81,78.9,1.291,17.9,23.9
7,2025-11-18,79.8,76.5,1.728,85,78.0,1.728,19.6,25.9
7,2025-11-19,81.8,76.8,1.772,81,78.9,1.772,30.0,39.1
7,2025-11-20,79.7,77.8,0.091,75,78.9,0.091,30.1,39.8
7,2025-11-21,79.5,78.5,0.004,76,79.1,0.004,28.8,38.7
7,2025-11-22,80.2,78.8,0.008,76,79.4,0.008,27.8,37.4
7,2025-11-23,81.2,79.3,0.075,75,80.2,0.075,26.3,36.2
7,2025-11-24,81.1,78.5,0.059,79,80.2,0.059,25.9,34.4
7,2025-11-25,81.7,78.3,0.224,76,80.2,0.224,26.0,34.7
7,2025-11-26,79.7,78.1,0.000,75,78.8,0.000,27.2,35.6
7,2025-11-27,79.9,76.6,0.000,70,78.2,0.000,25.6,33.3
7,2025-11-28,76.6,75.2,0.000,69,76.1,0.000,24.5,32.2
7,2025-11-29,77.1,75.8,0.000,69,76.6,0.000,17.6,23.3
7,2025-11-30,78.3,76.2,0.000,69,77.3,0.000,11.5,15.9
7,2025-12-01,78.4,76.3,0.000,75,77.2,0.000,7.5,11.2
7,2025-12-02,78.7,76.5,0.000,74,77.7,0.000,6.6,10.5
7,2025-12-03,80.2,77.7,0.000,81,78.8,0.000,9.3,12.1
7,2025-12-04,81.1,75.1,0.528,83,78.9,0.528,21.7,28.2
7,2025-12-05,79.5,74.7,0.469,84,77.7,0.469,18.0,24.4
7,2025-12-06,81.3,75.5,0.020,79,79.1,0.020,15.2,19.7
7,2025-12-07,80.9,79.2,0.000,73,80.2,0.000,13.9,18.1
7,2025-12-08,81.6,79.1,0.000,66,80.3,0.000,18.9,24.6
7,2025-12-09,81.7,78.1,0.000,68,79.6,0.000,21.9,28.9
7,2025-12-10,81.1,77.6,0.047,72,79.5,0.047,18.1,23.5
7,2025-12-11,79.4,75.4,0.894,81,77.9,0.894,20.3,26.6
7,2025-12-12,79.1,74.5,1.445,85,76.8,1.445,20.9,31.5
7,2025-12-13,79.7,75.7,0.083,84,78.0,0.083,14.5,19.7
7,2025-12-14,80.3,79.0,0.075,83,79.6,0.075,19.0,27.7
7,2025-12-15,80.4,78.8,0.024,80,79.6,0.024,19.8,26.2
7,2025-12-16,80.7,79.1,0.016,79,79.8,0.016,17.3,25.7
7,2025-12-17,80.6,79.3,0.012,83,80.0,0.012,15.4,20.1
7,2025-12-18,80.6,77.6,0.031,80,79.4,0.031,18.3,25.9
7,2025-12-19,80.9,78.9,0.000,75,79.9,0.000,16.2,23.3
7,2025-12-20,80.7,78.9,0.012,78,79.9,0.012,15.1,19.5
7,2025-12-21,80.4,79.4,0.000,75,79.9,0.000,16.5,21.3
7,2025-12-22,79.9,78.1,0.000,81,79.2,0.000,16.5,21.5
7,2025-12-23,80.4,78.3,0.004,82,79.4,0.004,9.4,12.5
7,2025-12-24,80.6,78.3,0.039,82,79.5,0.039,10.4,16.8
7,2025-12-25,81.0,78.8,0.024,83,79.9,0.024,12.2,17.0
7,2025-12-26,81.0,75.3,0.217,79,79.1,0.217,18.0,24.4
7,2025-12-27,80.5,76.3,0.268,81,78.5,0.268,16.5,21.9
7,2025-12-28,80.8,79.5,0.012,75,80.2,0.012,14.3,18.6
7,2025-12-29,81.2,79.0,0.000,74,80.3,0.000,14.6,18.6
7,2025-12-30,80.1,78.0,0.000,76,79.2,0.000,8.5,11.6
7,2025-12-31,80.1,78.1,0.000,72,79.2,0.000,9.4,12.8
8,2025-01-01,88.8,72.0,0.000,56,79.5,0.000,12.0,23.0
8,2025-01-02,88.5,72.7,0.000,54,80.3,0.000,10.4,20.8
8,2025-01-03,89.6,73.9,0.000,53,81.1,0.000,13.6,25.3
8,2025-01-04,88.7,73.4,0.000,51,80.4,0.000,14.5,27.5
8,2025-01-05,86.8,71.0,0.000,47,78.5,0.000,16.6,30.0
8,2025-01-06,87.1,70.3,0.000,45,77.6,0.000,13.2,25.7
8,2025-01-07,88.7,69.6,0.000,60,78.1,0.000,10.7,19.5
8,2025-01-08,88.8,70.6,0.000,64,79.1,0.000,11.5,22.6
8,2025-01-09,91.7,73.5,0.000,56,81.4,0.000,13.4,24.4
8,2025-01-10,89.4,70.9,0.000,52,80.3,0.000,19.0,34.7
8,2025-01-11,85.0,66.0,0.000,49,76.2,0.000,21.5,39.1
8,2025-01-12,80.4,64.7,0.000,49,72.4,0.000,18.3,34.0
8,2025-01-13,82.5,64.4,0.000,51,73.0,0.000,14.5,27.5
8,2025-01-14,86.1,66.6,0.000,51,76.5,0.000,11.0,22.4
8,2025-01-15,89.5,68.7,0.000,53,81.0,0.000,16.3,27.7
8,2025-01-16,88.5,71.8,0.000,52,80.5,0.000,16.8,29.8
8,2025-01-17,87.8,70.5,0.000,51,78.4,0.000,18.3,33.6
8,2025-01-18,89.1,69.9,0.000,42,79.3,0.000,11.7,21.7
8,2025-01-19,89.2,71.6,0.000,43,80.1,0.000,12.5,24.4
8,2025-01-20,89.7,68.3,0.000,49,78.8,0.000,10.2,20.6
8,2025-01-21,89.0,68.4,0.000,64,78.4,0.000,10.5,21.9
8,2025-01-22,88.6,69.4,0.000,63,78.7,0.000,9.8,19.9
8,2025-01-23,88.0,69.5,0.000,69,78.6,0.000,11.0,22.4
8,2025-01-24,87.6,70.7,0.000,70,79.1,0.000,10.6,22.4
8,2025-01-25,88.4,72.3,0.000,78,79.8,0.000,11.1,23.3
8,2025-01-26,89.6,71.7,0.079,78,80.5,0.079,17.6,29.5
8,2025-01-27,88.6,70.7,0.000,47,79.5,0.000,18.6,34.4
8,2025-01-28,88.9,70.7,0.000,49,78.8,0.000,14.8,27.7
8,2025-01-29,88.3,70.1,0.000,55,77.5,0.000,14.5,27.3
8,2025-01-30,88.4,70.5,0.000,59,78.4,0.000,12.9,23.5
8,2025-01-31,86.5,71.5,0.000,69,78.2,0.000,10.8,23.5
8,2025-02-01,88.2,72.3,0.000,74,79.4,0.000,10.3,22.6
8,2025-02-02,88.9,73.7,0.000,75,80.3,0.000,10.3,22.4
8,2025-02-03,91.5,74.7,0.000,75,81.7,0.000,10.2,21.7
8,2025-02-04,90.8,75.2,0.079,78,80.6,0.079,11.4,23.3
8,2025-02-05,86.5,74.3,0.079,78,79.7,0.079,8.5,17.2
8,2025-02-06,89.1,74.4,0.051,79,80.4,0.051,10.7,22.1
8,2025-02-07,86.9,73.6,0.146,80,79.6,0.146,9.3,21.5
8,2025-02-08,91.9,73.4,0.000,62,81.1,0.000,17.1,28.6
8,2025-02-09,89.4,71.6,0.000,55,79.4,0.000,18.0,33.1
8,2025-02-10,89.1,71.2,0.000,53,79.4,0.000,14.1,26.4
8,2025-02-11,88.8,72.6,0.000,57,80.3,0.000,11.8,23.5
8,2025-02-12,88.8,74.0,0.000,68,81.3,0.000,11.6,23.5
8,2025-02-13,90.2,74.8,0.000,78,81.5,0.000,11.3,23.7
8,2025-02-14,87.2,77.0,0.071,82,81.8,0.071,7.3,17.4
8,2025-02-15,88.7,75.2,0.000,78,81.7,0.000,10.6,22.4
8,2025-02-16,90.2,75.6,0.031,77,82.7,0.031,9.4,19.9
8,2025-02-17,88.7,75.0,0.323,81,81.0,0.323,10.0,21.9
8,2025-02-18,87.9,73.5,0.728,84,79.8,0.728,8.1,18.1
8,2025-02-19,86.7,73.8,1.331,87,78.8,1.331,7.9,17.9
8,2025-02-20,86.8,74.3,0.094,83,80.6,0.094,6.8,16.3
8,2025-02-21,84.3,75.2,0.217,86,79.4,0.217,10.4,21.0
8,2025-02-22,85.8,75.6,0.839,85,80.1,0.839,7.2,19.2
8,2025-02-23,90.6,76.4,0.602,77,80.7,0.602,11.1,20.1
8,2025-02-24,82.9,73.7,0.150,81,78.0,0.150,14.8,28.6
8,2025-02-25,85.6,73.6,0.035,70,78.7,0.035,11.7,19.5
8,2025-02-26,90.5,73.4,0.000,68,81.3,0.000,10.2,20.6
8,2025-02-27,90.3,75.8,0.000,73,82.0,0.000,10.4,19.5
8,2025-02-28,87.4,76.1,0.354,83,81.7,0.354,6.5,18.3
8,2025-03-01,87.2,78.6,0.016,82,82.5,0.016,9.4,18.6
8,2025-03-02,87.9,78.2,0.008,80,83.2,0.008,9.4,18.3
8,2025-03-03,87.9,78.0,0.024,81,83.0,0.024,9.9,20.1
8,2025-03-04,89.9,78.4,0.000,76,83.4,0.000,10.9,21.7
8,2025-03-05,89.5,77.6,0.000,78,83.1,0.000,9.6,19.9
8,2025-03-06,91.5,78.3,0.004,76,84.0,0.004,10.5,21.9
8,2025-03-07,87.9,75.3,0.276,84,79.9,0.276,11.0,19.9
8,2025-03-08,89.7,74.8,0.043,69,80.9,0.043,11.5,19.7
8,2025-03-09,92.2,74.7,0.000,67,82.3,0.000,12.4,22.8
8,2025-03-10,94.3,77.9,0.000,64,85.2,0.000,10.7,21.7
8,2025-03-11,88.8,79.0,0.610,80,83.2,0.610,7.7,15.4
8,2025-03-12,87.9,77.1,0.236,79,83.4,0.236,8.7,19.2
8,2025-03-13,89.7,77.6,0.283,82,82.2,0.283,10.0,20.6
8,2025-03-14,87.4,77.8,0.441,84,82.5,0.441,7.1,17.7
8,2025-03-15,88.8,79.2,0.067,81,83.6,0.067,7.8,17.4
8,2025-03-16,89.7,79.8,0.000,79,84.3,0.000,9.6,20.4
8,2025-03-17,88.5,77.1,0.138,85,81.7,0.138,9.7,18.1
8,2025-03-18,88.2,76.8,0.055,80,82.2,0.055,9.9,16.3
8,2025-03-19,89.9,74.4,0.000,54,82.0,0.000,17.1,31.5
8,2025-03-20,87.8,74.1,0.000,52,79.7,0.000,19.0,35.3
8,2025-03-21,89.8,74.1,0.000,57,80.9,0.000,14.4,27.7
8,2025-03-22,92.2,73.5,0.000,59,82.2,0.000,13.7,25.7
8,2025-03-23,91.6,75.4,0.000,67,83.5,0.000,10.9,22.6
8,2025-03-24,89.5,78.4,0.035,79,83.3,0.035,10.6,22.8
8,2025-03-25,91.2,79.8,0.000,76,84.6,0.000,9.8,20.1
8,2025-03-26,89.9,80.7,0.150,79,84.3,0.150,12.2,24.8
8,2025-03-27,90.3,80.3,0.012,80,84.6,0.012,11.6,23.7
8,2025-03-28,90.4,79.3,0.000,74,84.2,0.000,8.5,17.0
8,2025-03-29,92.0,81.1,0.028,73,86.1,0.028,10.0,18.8
8,2025-03-30,89.4,74.9,1.402,82,81.9,1.402,12.0,24.2
8,2025-03-31,87.2,75.3,0.402,87,80.0,0.402,6.3,15.0
8,2025-04-01,89.3,77.7,0.075,83,82.6,0.075,6.2,17.9
8,2025-04-02,84.8,77.3,0.343,86,81.1,0.343,9.7,17.7
8,2025-04-03,90.7,78.4,0.220,83,82.2,0.220,9.6,19.0
8,2025-04-04,88.2,78.1,0.059,80,82.7,0.059,9.3,19.0
8,2025-04-05,89.6,79.4,0.051,77,83.9,0.051,10.9,21.3
8,2025-04-06,92.2,79.9,0.004,74,85.2,0.004,10.6,20.6
8,2025-04-07,87.5,78.0,0.409,82,82.2,0.409,10.8,21.0
8,2025-04-08,87.0,78.9,0.374,82,82.3,0.374,7.9,20.8
8,2025-04-09,90.6,78.6,0.094,76,84.7,0.094,9.9,19.0
8,2025-04-10,89.0,78.9,0.024,79,83.5,0.024,10.2,20.6
8,2025-04-11,90.9,80.8,0.094,76,85.1,0.094,10.9,21.9
8,2025-04-12,90.3,80.2,0.024,77,85.1,0.024,10.5,22.4
8,2025-04-13,93.5,76.6,0.366,73,86.6,0.366,13.1,22.6
8,2025-04-14,88.2,77.1,0.319,83,81.8,0.319,10.5,22.6
8,2025-04-15,90.2,78.7,0.685,82,83.1,0.685,6.0,17.0
8,2025-04-16,87.6,78.9,0.642,84,82.3,0.642,9.0,18.1
8,2025-04-17,89.3,80.9,0.004,78,84.9,0.004,8.6,18.1
8,2025-04-18,89.7,80.5,0.028,78,85.0,0.028,8.5,17.9
8,2025-04-19,90.4,81.1,0.039,80,85.0,0.039,8.8,17.4
8,2025-04-20,91.0,80.6,0.028,74,85.8,0.028,11.1,21.9
8,2025-04-21,92.2,80.7,0.012,72,85.5,0.012,10.6,21.0
8,2025-04-22,92.5,81.8,0.000,71,86.5,0.000,10.3,20.8
8,2025-04-23,93.1,82.4,0.004,67,86.9,0.004,10.8,19.9
8,2025-04-24,92.4,81.7,0.000,73,86.5,0.000,11.0,20.6
8,2025-04-25,92.6,82.5,0.008,73,86.9,0.008,10.8,19.5
8,2025-04-26,90.6,81.0,0.173,78,84.7,0.173,13.1,26.6
8,2025-04-27,87.7,78.9,0.469,82,83.0,0.469,9.4,21.3
8,2025-04-28,89.9,76.8,0.406,81,83.1,0.406,7.5,19.2
8,2025-04-29,90.6,76.9,0.028,75,83.3,0.028,8.3,14.5
8,2025-04-30,90.8,77.7,0.402,77,84.4,0.402,7.4,17.9
8,2025-05-01,89.2,78.4,0.031,78,83.8,0.031,7.8,16.8
8,2025-05-02,90.8,77.5,0.047,80,84.2,0.047,10.9,19.0
8,2025-05-03,87.6,76.4,0.350,86,80.7,0.350,6.4,14.3
8,2025-05-04,88.6,78.1,0.016,82,83.1,0.016,6.8,14.8
8,2025-05-05,89.0,80.7,0.173,78,84.8,0.173,8.7,16.1
8,2025-05-06,88.3,79.8,0.366,84,83.3,0.366,10.2,18.8
8,2025-05-07,88.9,79.8,0.146,77,84.8,0.146,9.7,21.7
8,2025-05-08,88.8,81.9,0.189,78,85.3,0.189,8.9,16.1
8,2025-05-09,91.6,83.1,0.008,75,87.1,0.008,9.0,19.5
8,2025-05-10,92.4,76.9,0.594,81,83.5,0.594,9.0,19.0
8,2025-05-11,87.3,76.5,0.598,85,81.6,0.598,8.0,16.3
8,2025-05-12,85.8,75.5,0.425,89,79.9,0.425,7.5,16.3
8,2025-05-13,86.1,77.3,0.217,84,81.7,0.217,9.1,18.3
8,2025-05-14,86.8,77.3,0.252,87,81.0,0.252,11.2,21.9
8,2025-05-15,88.6,77.7,0.189,83,82.4,0.189,6.4,15.7
8,2025-05-16,87.0,78.8,0.984,89,81.8,0.984,6.4,18.1
8,2025-05-17,87.0,78.2,0.846,90,81.3,0.846,9.2,18.8
8,2025-05-18,89.6,79.5,0.232,85,83.7,0.232,6.0,14.5
8,2025-05-19,88.7,78.9,0.043,86,82.9,0.043,9.6,19.5
8,2025-05-20,89.8,81.1,0.028,79,85.3,0.028,7.8,14.5
8,2025-05-21,87.5,79.3,0.276,85,82.9,0.276,7.5,14.8
8,2025-05-22,89.0,80.7,0.051,83,83.9,0.051,7.1,15.2
8,2025-05-23,91.7,79.6,0.220,82,84.2,0.220,9.9,17.7
8,2025-05-24,87.3,78.2,0.098,85,82.1,0.098,10.6,19.5
8,2025-05-25,86.7,77.7,0.630,87,81.4,0.630,11.8,20.6
8,2025-05-26,86.8,77.1,0.512,86,81.3,0.512,11.9,21.9
8,2025-05-27,85.4,78.4,0.169,84,82.4,0.169,10.1,19.9
8,2025-05-28,89.1,82.3,0.000,79,85.2,0.000,8.5,16.8
8,2025-05-29,88.9,80.4,0.114,79,85.4,0.114,11.5,23.3
8,2025-05-30,86.1,79.0,0.220,85,83.0,0.220,13.9,27.1
8,2025-05-31,85.9,78.3,0.795,87,81.7,0.795,12.1,23.0
8,2025-06-01,89.0,80.7,0.169,80,84.6,0.169,12.4,24.6
8,2025-06-02,88.0,79.9,0.260,82,83.3,0.260,16.0,30.9
8,2025-06-03,87.6,81.8,0.000,78,84.4,0.000,10.5,19.0
8,2025-06-04,88.8,78.7,0.228,78,85.2,0.228,11.3,21.7
8,2025-06-05,88.0,80.0,0.059,80,84.8,0.059,8.0,18.6
8,2025-06-06,88.6,81.6,0.024,77,85.3,0.024,9.1,15.2
8,2025-06-07,89.2,80.7,0.020,77,85.1,0.020,10.5,20.1
8,2025-06-08,88.6,81.3,0.134,78,84.7,0.134,13.4,24.4
8,2025-06-09,87.5,81.1,0.059,77,84.1,0.059,12.3,24.8
8,2025-06-10,87.2,80.8,0.020,75,84.8,0.020,12.2,24.4
8,2025-06-11,86.4,78.8,0.311,80,83.0,0.311,14.5,26.4
8,2025-06-12,85.9,80.8,0.362,81,82.8,0.362,14.7,29.1
8,2025-06-13,85.5,80.5,0.256,82,82.5,0.256,16.3,31.5
8,2025-06-14,86.6,81.2,0.209,80,83.1,0.209,15.6,30.0
8,2025-06-15,86.8,81.0,0.028,76,84.0,0.028,13.0,26.2
8,2025-06-16,88.2,81.4,0.000,74,84.8,0.000,8.5,18.8
8,2025-06-17,88.8,82.6,0.000,73,85.6,0.000,8.4,17.0
8,2025-06-18,91.3,81.8,0.000,71,86.2,0.000,9.1,19.5
8,2025-06-19,89.9,81.6,0.130,75,85.2,0.130,9.1,18.8
8,2025-06-20,89.7,79.4,0.177,74,84.6,0.177,11.4,26.2
8,2025-06-21,90.6,80.2,0.118,73,84.5,0.118,15.5,27.5
8,2025-06-22,88.7,79.1,0.295,76,83.4,0.295,17.4,31.8
8,2025-06-23,88.5,79.4,0.358,80,82.4,0.358,14.8,30.2
8,2025-06-24,86.3,80.2,0.102,78,83.2,0.102,13.8,27.7
8,2025-06-25,88.0,79.1,0.189,77,84.1,0.189,12.9,25.9
8,2025-06-26,89.6,79.0,0.043,71,85.1,0.043,12.2,25.1
8,2025-06-27,88.8,78.8,0.205,77,83.2,0.205,14.7,28.2
8,2025-06-28,88.3,78.8,0.146,75,83.3,0.146,12.8,28.0
8,2025-06-29,87.6,79.4,0.154,73,83.1,0.154,14.1,31.8
8,2025-06-30,86.6,79.3,0.319,75,83.2,0.319,16.5,31.3
8,2025-07-01,88.1,78.7,0.150,80,83.1,0.150,10.9,25.7
8,2025-07-02,84.3,79.6,0.437,83,81.8,0.437,10.9,22.6
8,2025-07-03,86.7,79.3,0.236,79,82.8,0.236,9.8,22.4
8,2025-07-04,88.6,79.4,0.083,75,84.5,0.083,12.9,24.2
8,2025-07-05,89.5,81.3,0.000,71,85.1,0.000,12.1,24.8
8,2025-07-06,88.6,78.6,0.260,77,84.1,0.260,12.7,27.7
8,2025-07-07,89.0,80.6,0.276,79,83.6,0.276,13.8,27.1
8,2025-07-08,88.9,80.6,0.480,80,83.2,0.480,14.3,27.7
8,2025-07-09,87.7,81.7,0.051,78,84.1,0.051,13.2,25.1
8,2025-07-10,89.8,80.6,0.035,74,85.1,0.035,12.3,27.5
8,2025-07-11,88.8,81.6,0.016,74,84.6,0.016,12.9,27.1
8,2025-07-12,90.6,80.7,0.083,75,85.4,0.083,14.2,29.5
8,2025-07-13,91.1,82.1,0.031,72,86.3,0.031,12.1,24.2
8,2025-07-14,90.6,80.7,0.098,73,85.4,0.098,10.6,20.4
8,2025-07-15,90.6,81.0,0.059,77,84.8,0.059,13.2,25.5
8,2025-07-16,89.7,78.2,0.421,77,83.7,0.421,12.4,23.0
8,2025-07-17,87.7,79.9,0.268,82,82.9,0.268,11.6,23.3
8,2025-07-18,86.1,80.2,0.339,78,83.2,0.339,16.8,31.3
8,2025-07-19,86.3,79.2,0.224,80,82.5,0.224,17.6,34.4
8,2025-07-20,83.5,79.3,0.705,85,81.0,0.705,14.2,35.1
8,2025-07-21,83.8,80.6,0.154,84,81.9,0.154,15.6,32.0
8,2025-07-22,85.5,81.1,0.071,80,83.0,0.071,18.0,34.9
8,2025-07-23,86.6,81.7,0.087,78,83.8,0.087,18.7,38.5
8,2025-07-24,88.0,81.0,0.012,76,84.7,0.012,14.3,31.1
8,2025-07-25,89.5,82.5,0.008,73,85.9,0.008,12.6,23.3
8,2025-07-26,89.7,81.1,0.205,74,85.7,0.205,14.4,29.8
8,2025-07-27,85.1,81.0,0.130,83,83.0,0.130,13.8,29.1
8,2025-07-28,84.5,80.0,0.961,83,82.6,0.961,15.5,30.6
8,2025-07-29,88.2,80.5,0.224,78,84.5,0.224,16.2,32.4
8,2025-07-30,89.5,81.0,0.094,75,85.0,0.094,16.3,32.2
8,2025-07-31,92.2,82.3,0.000,70,86.8,0.000,14.2,30.4
8,2025-08-01,93.2,82.4,0.000,69,87.2,0.000,13.2,24.8
8,2025-08-02,93.6,83.0,0.000,69,87.4,0.000,12.1,23.5
8,2025-08-03,94.1,82.6,0.004,68,87.7,0.004,11.7,23.9
8,2025-08-04,93.2,83.2,0.000,68,87.7,0.000,11.2,22.4
8,2025-08-05,93.0,82.7,0.000,69,87.5,0.000,10.7,21.9
8,2025-08-06,91.6,77.9,0.220,77,84.1,0.220,12.2,27.1
8,2025-08-07,90.6,77.8,0.567,75,84.7,0.567,13.2,26.6
8,2025-08-08,91.4,78.7,0.004,73,85.1,0.004,9.6,18.3
8,2025-08-09,90.1,82.7,0.039,72,85.5,0.039,11.1,23.5
8,2025-08-10,90.6,82.7,0.008,67,86.6,0.008,11.4,24.4
8,2025-08-11,89.7,78.1,0.094,71,83.9,0.094,14.1,28.6
8,2025-08-12,90.2,79.8,0.287,74,84.3,0.287,11.8,23.9
8,2025-08-13,87.5,81.0,0.154,74,83.7,0.154,10.4,21.9
8,2025-08-14,88.5,79.4,0.047,73,84.0,0.047,9.6,22.6
8,2025-08-15,88.3,78.3,0.520,79,82.5,0.520,12.7,23.7
8,2025-08-16,84.8,77.7,0.374,82,80.6,0.374,12.0,23.3
8,2025-08-17,85.2,78.9,0.031,76,82.1,0.031,11.0,24.8
8,2025-08-18,87.2,79.1,0.165,80,82.3,0.165,9.4,22.8
8,2025-08-19,86.7,79.1,0.024,79,82.8,0.024,9.5,22.6
8,2025-08-20,88.0,79.2,0.039,79,83.6,0.039,7.5,14.5
8,2025-08-21,89.7,75.2,0.417,84,81.1,0.417,10.6,19.0
8,2025-08-22,81.9,75.2,0.657,90,78.5,0.657,11.4,22.1
8,2025-08-23,86.1,76.7,0.039,76,82.3,0.039,14.5,26.8
8,2025-08-24,86.2,80.7,0.012,75,83.5,0.012,12.1,24.2
8,2025-08-25,86.6,80.8,0.142,76,83.5,0.142,14.4,24.6
8,2025-08-26,84.5,77.3,1.280,82,80.8,1.280,16.9,31.5
8,2025-08-27,85.1,78.8,0.244,77,82.4,0.244,13.4,27.3
8,2025-08-28,87.7,78.9,0.055,76,83.5,0.055,11.9,25.5
8,2025-08-29,89.6,82.1,0.004,69,85.6,0.004,11.1,25.9
8,2025-08-30,89.8,81.6,0.094,71,85.2,0.094,10.4,25.5
8,2025-08-31,88.8,79.6,0.126,78,82.9,0.126,13.3,27.5
8,2025-09-01,89.3,79.1,0.114,74,84.1,0.114,10.8,21.7
8,2025-09-02,86.8,79.5,0.201,79,83.1,0.201,10.1,23.7
8,2025-09-03,86.8,79.1,0.094,81,82.7,0.094,9.8,21.0
8,2025-09-04,87.4,77.2,0.004,78,82.8,0.004,9.0,19.2
8,2025-09-05,86.2,78.9,0.024,81,82.7,0.024,6.8,15.2
8,2025-09-06,88.4,77.5,0.315,85,82.3,0.315,7.7,15.7
8,2025-09-07,85.9,77.1,0.406,86,81.2,0.406,10.3,20.6
8,2025-09-08,81.9,77.3,0.681,92,79.2,0.681,11.7,22.1
8,2025-09-09,83.7,78.0,0.646,87,80.3,0.646,12.5,25.5
8,2025-09-10,86.1,78.9,0.051,83,81.7,0.051,9.0,17.9
8,2025-09-11,86.1,78.9,0.008,83,82.6,0.008,8.2,17.7
8,2025-09-12,87.2,77.8,0.173,87,81.4,0.173,6.0,13.6
8,2025-09-13,87.3,76.2,0.618,87,80.9,0.618,7.1,16.6
8,2025-09-14,83.8,76.0,0.228,88,79.5,0.228,7.0,14.8
8,2025-09-15,86.1,75.9,0.323,84,81.2,0.323,10.1,19.2
8,2025-09-16,85.5,77.6,0.051,84,81.8,0.051,8.7,17.7
8,2025-09-17,86.3,79.3,0.008,82,82.3,0.008,12.2,21.7
8,2025-09-18,84.3,80.3,0.071,79,82.2,0.071,12.6,21.5
8,2025-09-19,83.4,77.6,1.016,86,80.5,1.016,13.4,26.6
8,2025-09-20,85.2,78.7,0.303,81,82.4,0.303,12.6,26.8
8,2025-09-21,86.2,80.9,0.114,79,83.5,0.114,14.3,26.6
8,2025-09-22,86.9,77.7,0.232,79,83.0,0.232,10.9,19.9
8,2025-09-23,85.8,78.8,0.071,80,82.8,0.071,13.8,26.2
8,2025-09-24,85.2,79.7,0.134,79,82.5,0.134,14.7,29.3
8,2025-09-25,85.5,78.6,0.437,83,82.0,0.437,14.5,31.5
8,2025-09-26,83.4,78.0,0.862,88,80.0,0.862,12.0,24.2
8,2025-09-27,83.0,77.7,0.189,89,79.8,0.189,7.5,19.2
8,2025-09-28,84.7,78.8,0.059,82,81.9,0.059,9.8,19.9
8,2025-09-29,86.2,78.3,0.220,82,81.8,0.220,13.1,24.4
8,2025-09-30,84.5,75.9,0.512,89,79.9,0.512,13.3,24.8
8,2025-10-01,87.0,77.1,0.276,84,81.2,0.276,7.2,17.0
8,2025-10-02,87.3,76.8,0.071,86,81.4,0.071,6.8,15.7
8,2025-10-03,88.2,75.9,0.346,83,81.6,0.346,8.7,17.4
8,2025-10-04,87.7,77.1,0.016,84,81.5,0.016,7.2,15.0
8,2025-10-05,86.8,77.6,0.075,82,82.2,0.075,9.2,18.8
8,2025-10-06,87.8,80.7,0.004,79,83.4,0.004,9.7,19.9
8,2025-10-07,87.1,76.9,0.413,85,81.4,0.413,8.2,15.7
8,2025-10-08,86.9,77.5,0.386,83,81.7,0.386,8.3,17.9
8,2025-10-09,85.7,76.3,0.213,86,80.7,0.213,11.0,21.9
8,2025-10-10,88.0,75.3,0.728,85,81.0,0.728,6.6,16.6
8,2025-10-11,86.3,77.0,0.083,86,80.8,0.083,5.7,15.2
8,2025-10-12,85.6,76.8,1.079,90,80.1,1.079,5.1,13.2
8,2025-10-13,86.1,76.1,0.701,91,79.9,0.701,5.0,17.2
8,2025-10-14,85.0,77.0,0.673,89,80.2,0.673,7.0,15.7
8,2025-10-15,85.1,77.0,0.870,88,80.2,0.870,6.1,18.8
8,2025-10-16,89.9,77.8,0.016,78,83.4,0.016,8.7,17.4
8,2025-10-17,91.0,77.4,0.047,82,83.3,0.047,10.4,21.5
8,2025-10-18,85.9,76.6,0.878,89,81.0,0.878,7.5,19.2
8,2025-10-19,89.4,77.8,0.209,84,81.8,0.209,7.4,16.3
8,2025-10-20,88.4,77.4,0.193,86,81.3,0.193,7.9,20.6
8,2025-10-21,90.6,77.7,0.004,71,83.6,0.004,10.0,19.2
8,2025-10-22,89.6,76.5,0.000,65,83.0,0.000,13.3,26.4
8,2025-10-23,87.3,76.7,0.000,66,81.6,0.000,16.7,32.9
8,2025-10-24,88.8,76.7,0.024,69,82.2,0.024,15.7,28.2
8,2025-10-25,88.4,77.9,0.461,80,80.6,0.461,12.8,23.5
8,2025-10-26,89.8,77.1,0.000,68,82.6,0.000,13.1,24.4
8,2025-10-27,87.8,76.2,0.146,76,80.8,0.146,13.7,25.1
8,2025-10-28,87.0,77.3,0.051,74,82.0,0.051,11.4,22.1
8,2025-10-29,86.5,76.8,0.150,77,80.5,0.150,13.2,24.8
8,2025-10-30,85.8,77.0,0.035,82,80.1,0.035,10.5,19.7
8,2025-10-31,83.5,76.7,2.587,91,79.1,2.587,9.5,19.2
8,2025-11-01,84.1,76.5,1.189,92,79.3,1.189,6.7,13.2
8,2025-11-02,85.7,75.8,0.539,89,79.7,0.539,6.3,13.9
8,2025-11-03,86.5,75.9,0.394,88,79.2,0.394,7.1,15.4
8,2025-11-04,85.2,76.3,0.000,79,80.3,0.000,8.6,14.5
8,2025-11-05,85.3,76.5,0.028,79,80.6,0.028,8.8,16.6
8,2025-11-06,86.8,77.9,0.126,82,81.6,0.126,7.5,15.9
8,2025-11-07,85.3,75.6,0.283,87,80.9,0.283,10.4,19.5
8,2025-11-08,86.1,76.4,0.106,89,79.9,0.106,4.3,11.9
8,2025-11-09,86.7,74.5,0.902,85,81.6,0.902,7.1,15.2
8,2025-11-10,88.1,76.2,0.102,88,80.5,0.102,9.4,21.0
8,2025-11-11,89.0,77.6,0.000,85,82.6,0.000,6.2,13.9
8,2025-11-12,88.1,76.2,0.311,89,81.0,0.311,6.8,16.8
8,2025-11-13,85.1,76.7,0.323,86,80.0,0.323,10.1,17.9
8,2025-11-14,88.4,73.1,0.000,64,80.8,0.000,12.8,23.0
8,2025-11-15,84.4,73.3,0.000,63,78.7,0.000,14.3,25.5
8,2025-11-16,87.0,74.1,0.039,71,80.2,0.039,15.1,25.5
8,2025-11-17,86.6,75.7,0.441,80,80.1,0.441,12.1,23.3
8,2025-11-18,85.7,74.7,0.244,78,80.0,0.244,14.7,27.3
8,2025-11-19,85.5,71.8,0.016,64,77.8,0.016,18.2,34.0
8,2025-11-20,79.0,69.8,0.043,67,74.0,0.043,13.7,25.1
8,2025-11-21,76.0,70.9,0.016,65,73.9,0.016,12.5,22.1
8,2025-11-22,85.5,71.0,0.000,65,77.4,0.000,10.5,20.6
8,2025-11-23,85.6,73.1,0.000,66,79.9,0.000,10.3,20.1
8,2025-11-24,88.7,75.2,0.000,65,81.3,0.000,12.8,21.5
8,2025-11-25,85.8,71.5,0.000,60,78.9,0.000,17.7,32.2
8,2025-11-26,84.6,70.4,0.000,61,77.1,0.000,12.5,24.4
8,2025-11-27,82.5,65.2,0.000,52,74.6,0.000,16.5,30.9
8,2025-11-28,80.1,63.3,0.000,54,71.3,0.000,14.3,26.8
8,2025-11-29,80.7,65.3,0.000,62,73.2,0.000,10.1,19.9
8,2025-11-30,83.3,69.8,0.000,68,75.9,0.000,9.3,19.2
8,2025-12-01,85.0,71.6,0.000,74,77.8,0.000,10.6,21.5
8,2025-12-02,85.5,73.7,0.000,77,78.8,0.000,11.2,21.9
8,2025-12-03,88.5,76.2,0.000,70,82.4,0.000,12.7,21.5
8,2025-12-04,90.3,75.5,0.165,67,82.3,0.165,13.7,25.5
8,2025-12-05,87.2,75.2,0.035,82,79.6,0.035,14.1,25.3
8,2025-12-06,88.2,74.7,0.039,73,80.5,0.039,11.6,22.1
8,2025-12-07,88.8,73.5,0.000,63,80.7,0.000,11.2,21.7
8,2025-12-08,86.1,71.9,0.000,57,78.3,0.000,14.8,27.5
8,2025-12-09,86.3,71.7,0.000,59,78.7,0.000,13.1,24.8
8,2025-12-10,87.1,72.6,0.000,62,79.3,0.000,11.6,22.6
8,2025-12-11,81.5,73.5,0.350,83,76.5,0.350,11.5,20.6
8,2025-12-12,84.3,74.3,0.016,84,78.6,0.016,9.0,16.1
8,2025-12-13,87.9,75.1,0.020,74,80.9,0.020,8.3,16.8
8,2025-12-14,87.7,76.0,0.016,70,81.2,0.016,12.4,22.8
8,2025-12-15,88.1,74.8,0.000,66,80.7,0.000,13.5,24.8
8,2025-12-16,89.1,75.1,0.000,67,81.1,0.000,9.8,19.7
8,2025-12-17,89.6,75.8,0.000,63,82.5,0.000,12.6,22.4
8,2025-12-18,88.0,74.1,0.035,65,80.8,0.035,13.9,26.2
8,2025-12-19,87.3,73.6,0.000,70,79.7,0.000,9.0,18.3
8,2025-12-20,89.5,73.7,0.000,57,80.9,0.000,10.4,20.8
8,2025-12-21,88.5,73.0,0.000,58,79.5,0.000,12.1,23.3
8,2025-12-22,88.9,74.6,0.000,71,80.5,0.000,10.9,21.0
8,2025-12-23,88.7,74.1,0.008,76,80.9,0.008,8.0,16.1
8,2025-12-24,89.3,74.7,0.000,71,81.7,0.000,7.9,15.7
8,2025-12-25,91.3,75.5,0.000,53,83.4,0.000,13.4,22.4
8,2025-12-26,87.7,74.6,0.000,68,80.5,0.000,15.0,27.5
8,2025-12-27,87.9,74.7,0.000,57,81.3,0.000,13.7,26.2
8,2025-12-28,88.7,73.8,0.000,59,80.7,0.000,11.6,22.1
8,2025-12-29,88.6,72.0,0.000,59,79.6,0.000,9.9,18.8
8,2025-12-30,86.9,69.9,0.000,70,78.1,0.000,10.6,21.0
8,2025-12-31,87.1,68.0,0.000,71,77.8,0.000,11.3,22.1
9,2025-01-01,82.9,70.9,0.000,61,77.3,0.000,12.3,23.5
9,2025-01-02,84.7,70.7,0.000,56,77.9,0.000,11.9,22.8
9,2025-01-03,84.1,71.6,0.000,59,78.9,0.000,13.6,25.7
9,2025-01-04,83.3,72.5,0.000,58,78.4,0.000,14.0,26.2
9,2025-01-05,81.7,70.2,0.000,55,76.6,0.000,15.1,28.2
9,2025-01-06,81.7,68.6,0.000,53,75.2,0.000,13.3,25.1
9,2025-01-07,83.0,67.6,0.000,60,75.0,0.000,9.7,19.2
9,2025-01-08,85.1,68.6,0.000,67,76.6,0.000,8.1,17.0
9,2025-01-09,85.8,70.2,0.000,64,78.9,0.000,10.4,20.6
9,2025-01-10,82.0,74.5,0.000,63,78.9,0.000,17.0,31.5
9,2025-01-11,79.9,69.3,0.000,59,76.6,0.000,17.2,31.5
9,2025-01-12,78.5,64.9,0.000,53,72.0,0.000,20.0,36.2
9,2025-01-13,78.4,64.7,0.000,51,71.7,0.000,14.6,27.1
9,2025-01-14,81.5,65.8,0.000,50,74.2,0.000,13.4,24.8
9,2025-01-15,85.4,68.2,0.000,56,80.1,0.000,14.7,27.1
9,2025-01-16,82.9,73.6,0.000,60,78.8,0.000,19.1,34.7
9,2025-01-17,82.0,70.3,0.000,60,76.6,0.000,16.0,29.5
9,2025-01-18,82.6,69.3,0.000,52,76.2,0.000,10.6,21.3
9,2025-01-19,83.4,68.5,0.000,51,76.0,0.000,12.9,24.6
9,2025-01-20,84.6,63.1,0.000,58,73.5,0.000,9.7,19.9
9,2025-01-21,85.4,63.5,0.000,63,74.3,0.000,9.6,19.5
9,2025-01-22,84.8,63.5,0.000,64,73.6,0.000,9.1,19.0
9,2025-01-23,85.2,63.5,0.000,66,74.7,0.000,6.9,15.7
9,2025-01-24,86.7,65.3,0.000,70,76.8,0.000,8.3,17.4
9,2025-01-25,86.9,68.5,0.000,75,78.1,0.000,9.4,19.5
9,2025-01-26,86.0,68.6,0.024,81,78.6,0.024,9.1,19.2
9,2025-01-27,79.1,73.2,0.055,65,76.0,0.055,16.5,28.2
9,2025-01-28,80.6,70.5,0.000,61,76.3,0.000,14.6,27.7
9,2025-01-29,80.5,69.4,0.000,63,74.5,0.000,14.9,28.2
9,2025-01-30,82.9,64.6,0.000,65,74.2,0.000,9.8,20.4
9,2025-01-31,85.5,64.0,0.000,62,75.4,0.000,8.2,16.8
9,2025-02-01,85.7,65.6,0.000,70,75.8,0.000,7.9,17.0
9,2025-02-02,86.5,66.1,0.000,74,77.0,0.000,8.4,17.7
9,2025-02-03,85.7,66.7,0.000,81,78.3,0.000,9.2,18.8
9,2025-02-04,86.0,71.5,0.035,82,78.0,0.035,16.2,31.3
9,2025-02-05,85.1,71.1,0.008,81,78.3,0.008,11.0,22.6
9,2025-02-06,87.4,70.7,0.000,77,79.1,0.000,10.8,21.3
9,2025-02-07,88.2,71.2,0.000,73,79.1,0.000,8.0,17.4
9,2025-02-08,85.3,71.8,0.016,71,79.1,0.016,9.9,22.1
9,2025-02-09,82.1,71.2,0.000,65,77.4,0.000,15.1,28.0
9,2025-02-10,83.8,69.4,0.000,61,76.5,0.000,11.8,23.3
9,2025-02-11,86.4,67.3,0.000,63,76.6,0.000,9.2,19.2
9,2025-02-12,89.2,67.2,0.000,61,78.8,0.000,8.8,18.3
9,2025-02-13,89.0,68.2,0.000,71,79.4,0.000,8.9,19.0
9,2025-02-14,87.8,70.9,0.000,73,80.4,0.000,10.2,21.7
9,2025-02-15,88.2,70.4,0.000,70,80.6,0.000,11.9,23.5
9,2025-02-16,89.3,70.5,0.000,73,81.3,0.000,10.4,20.4
9,2025-02-17,88.5,73.6,0.043,76,81.3,0.043,12.7,25.5
9,2025-02-18,87.4,73.8,0.185,77,80.6,0.185,11.7,24.6
9,2025-02-19,88.9,74.6,0.079,77,80.8,0.079,11.6,23.7
9,2025-02-20,88.3,74.3,0.067,76,81.8,0.067,11.2,24.2
9,2025-02-21,88.1,75.4,0.193,78,80.9,0.193,12.5,29.1
9,2025-02-22,89.6,74.9,0.232,75,81.6,0.232,10.5,22.4
9,2025-02-23,89.9,74.3,0.559,74,82.0,0.559,10.5,24.6
9,2025-02-24,81.5,72.1,0.787,87,76.9,0.787,14.7,26.4
9,2025-02-25,81.6,71.7,0.154,77,76.3,0.154,14.0,25.3
9,2025-02-26,85.7,72.4,0.000,66,79.7,0.000,14.5,25.9
9,2025-02-27,89.1,74.2,0.000,69,81.5,0.000,8.0,17.7
9,2025-02-28,90.5,74.4,0.000,74,82.3,0.000,8.8,19.5
9,2025-03-01,91.0,74.7,0.000,75,82.8,0.000,12.9,23.7
9,2025-03-02,91.7,75.4,0.000,75,83.2,0.000,11.3,22.4
9,2025-03-03,92.2,76.6,0.000,74,83.9,0.000,12.4,24.6
9,2025-03-04,92.2,75.7,0.000,70,83.8,0.000,14.2,27.1
9,2025-03-05,91.2,75.2,0.000,76,83.2,0.000,12.2,23.7
9,2025-03-06,91.9,75.0,0.000,75,83.9,0.000,12.8,24.4
9,2025-03-07,93.0,74.3,0.295,77,82.9,0.295,14.6,28.9
9,2025-03-08,83.5,74.6,0.287,81,79.5,0.287,9.2,20.6
9,2025-03-09,87.9,75.6,0.012,69,81.5,0.012,14.1,25.9
9,2025-03-10,92.3,77.2,0.000,60,85.0,0.000,14.4,28.0
9,2025-03-11,94.2,76.6,0.004,69,84.9,0.004,9.9,20.8
9,2025-03-12,93.5,76.6,0.016,70,84.9,0.016,13.0,25.9
9,2025-03-13,91.7,75.9,0.118,77,82.9,0.118,12.4,25.3
9,2025-03-14,90.3,74.1,0.004,75,83.0,0.004,10.9,21.7
9,2025-03-15,92.0,74.1,0.000,71,83.9,0.000,10.8,22.1
9,2025-03-16,95.0,76.5,0.000,70,85.5,0.000,11.0,22.4
9,2025-03-17,93.0,76.3,0.020,77,83.3,0.020,13.5,28.0
9,2025-03-18,91.2,76.3,0.118,75,83.7,0.118,10.8,22.8
9,2025-03-19,88.3,77.2,0.043,62,83.1,0.043,16.9,31.8
9,2025-03-20,86.5,76.5,0.000,56,82.2,0.000,18.8,34.9
9,2025-03-21,87.2,75.7,0.000,56,81.8,0.000,16.3,30.6
9,2025-03-22,89.7,74.1,0.000,56,81.6,0.000,13.7,27.1
9,2025-03-23,92.4,73.4,0.000,57,83.0,0.000,10.0,21.5
9,2025-03-24,93.7,74.2,0.000,66,84.0,0.000,10.7,21.9
9,2025-03-25,94.0,75.7,0.000,71,85.1,0.000,12.6,23.9
9,2025-03-26,94.1,74.8,0.000,71,84.9,0.000,12.7,24.8
9,2025-03-27,93.8,73.0,0.000,64,84.5,0.000,13.5,26.4
9,2025-03-28,93.1,73.7,0.000,62,83.7,0.000,12.4,24.8
9,2025-03-29,92.7,74.9,0.000,66,85.1,0.000,12.3,24.4
9,2025-03-30,93.0,77.5,0.240,73,84.2,0.240,16.4,31.8
9,2025-03-31,85.5,75.8,0.307,84,80.5,0.307,10.5,21.3
9,2025-04-01,88.4,77.5,0.031,75,83.1,0.031,8.5,20.1
9,2025-04-02,85.4,76.3,0.409,83,81.0,0.409,6.4,15.7
9,2025-04-03,87.3,76.6,0.031,76,82.1,0.031,11.7,24.4
9,2025-04-04,92.6,76.9,0.008,70,84.3,0.008,14.4,28.0
9,2025-04-05,91.9,76.6,0.004,69,84.2,0.004,13.7,26.6
9,2025-04-06,92.5,77.9,0.004,69,84.6,0.004,13.1,26.2
9,2025-04-07,90.8,77.3,0.075,72,83.6,0.075,16.9,32.7
9,2025-04-08,92.3,77.7,0.004,70,84.8,0.004,12.8,26.2
9,2025-04-09,95.5,79.1,0.008,63,86.7,0.008,15.6,28.2
9,2025-04-10,90.7,77.3,0.780,77,82.7,0.780,9.7,22.6
9,2025-04-11,93.7,77.6,0.390,73,84.1,0.390,10.3,21.7
9,2025-04-12,92.4,77.4,0.055,75,84.4,0.055,7.4,20.8
9,2025-04-13,92.1,77.7,0.004,74,84.6,0.004,8.5,19.9
9,2025-04-14,89.2,77.1,0.189,81,82.7,0.189,11.4,22.8
9,2025-04-15,90.5,77.5,0.228,79,82.9,0.228,9.6,20.8
9,2025-04-16,91.3,75.9,0.173,79,82.2,0.173,10.4,21.9
9,2025-04-17,91.7,76.5,0.051,78,83.4,0.051,10.3,22.1
9,2025-04-18,93.4,76.8,0.067,76,84.0,0.067,11.4,22.8
9,2025-04-19,90.9,76.7,0.220,75,83.5,0.220,7.3,18.8
9,2025-04-20,93.2,76.7,0.024,69,85.2,0.024,12.1,24.2
9,2025-04-21,91.5,78.2,0.000,63,84.9,0.000,10.4,22.1
9,2025-04-22,93.8,76.6,0.008,67,85.6,0.008,12.5,25.3
9,2025-04-23,95.5,79.1,0.000,63,87.1,0.000,12.1,23.0
9,2025-04-24,96.1,78.3,0.079,68,86.2,0.079,11.7,24.4
9,2025-04-25,94.6,78.0,0.039,73,84.9,0.039,13.2,23.5
9,2025-04-26,96.4,78.4,0.094,72,86.0,0.094,14.2,30.4
9,2025-04-27,92.0,77.5,0.138,79,83.6,0.138,12.5,25.1
9,2025-04-28,93.3,77.0,0.004,69,85.6,0.004,12.0,24.4
9,2025-04-29,92.0,77.1,0.024,71,84.7,0.024,10.1,21.9
9,2025-04-30,93.1,78.4,0.004,68,86.0,0.004,10.4,21.5
9,2025-05-01,94.3,79.3,0.059,70,86.4,0.059,10.1,22.4
9,2025-05-02,95.7,79.3,0.004,64,87.3,0.004,11.4,24.8
9,2025-05-03,91.4,78.3,0.024,75,84.0,0.024,9.4,20.8
9,2025-05-04,91.3,78.9,0.122,73,84.9,0.122,8.5,21.3
9,2025-05-05,95.0,78.2,0.169,73,85.2,0.169,10.3,22.6
9,2025-05-06,92.1,77.8,0.339,77,83.9,0.339,8.1,20.1
9,2025-05-07,95.4,77.9,0.134,74,84.8,0.134,10.9,28.2
9,2025-05-08,93.8,78.1,0.114,73,85.0,0.114,11.8,23.0
9,2025-05-09,93.9,79.0,0.020,73,86.0,0.020,9.6,20.1
9,2025-05-10,96.2,76.9,0.579,80,83.6,0.579,12.1,24.4
9,2025-05-11,88.6,76.4,0.413,83,81.1,0.413,9.4,22.8
9,2025-05-12,84.9,75.8,0.280,86,80.4,0.280,10.1,19.9
9,2025-05-13,87.6,77.4,0.220,83,81.8,0.220,8.8,19.5
9,2025-05-14,87.4,76.8,0.323,83,81.8,0.323,11.0,24.2
9,2025-05-15,86.6,76.8,0.130,85,81.8,0.130,10.4,20.4
9,2025-05-16,85.0,78.2,0.417,86,81.2,0.417,10.4,21.3
9,2025-05-17,87.0,78.0,0.370,84,81.8,0.370,8.0,18.3
9,2025-05-18,88.7,78.0,0.039,82,83.4,0.039,8.5,17.0
9,2025-05-19,89.6,77.1,0.067,79,83.8,0.067,10.6,21.0
9,2025-05-20,91.0,79.3,0.000,73,85.3,0.000,10.2,18.8
9,2025-05-21,91.0,78.2,0.752,83,83.2,0.752,10.5,17.7
9,2025-05-22,89.2,76.7,0.224,83,83.4,0.224,6.8,16.8
9,2025-05-23,92.0,77.5,0.252,81,83.0,0.252,13.1,24.6
9,2025-05-24,87.1,77.4,0.138,86,81.6,0.138,9.5,17.7
9,2025-05-25,86.7,78.4,0.520,85,81.5,0.520,9.8,19.7
9,2025-05-26,88.8,77.5,0.732,86,80.8,0.732,12.0,24.2
9,2025-05-27,89.2,77.2,0.075,80,82.2,0.075,8.3,19.0
9,2025-05-28,91.3,79.4,0.150,78,84.4,0.150,7.2,17.7
9,2025-05-29,92.0,80.3,0.035,74,85.4,0.035,12.1,23.7
9,2025-05-30,90.9,80.4,0.008,77,84.0,0.008,10.8,20.6
9,2025-05-31,90.1,80.0,0.004,76,84.6,0.004,9.1,21.5
9,2025-06-01,91.7,80.5,0.039,71,84.8,0.039,13.3,24.6
9,2025-06-02,92.4,80.2,0.110,73,84.7,0.110,13.7,30.0
9,2025-06-03,91.4,75.5,0.004,77,82.7,0.004,10.1,20.4
9,2025-06-04,96.3,77.1,0.004,70,85.8,0.004,11.2,20.4
9,2025-06-05,95.7,77.6,0.008,71,85.6,0.008,7.5,15.0
9,2025-06-06,94.7,76.6,0.039,71,85.2,0.039,10.4,22.1
9,2025-06-07,95.6,78.2,0.134,70,85.1,0.134,11.6,20.1
9,2025-06-08,97.1,79.5,0.189,68,86.0,0.189,11.7,23.0
9,2025-06-09,94.0,79.7,0.031,67,85.6,0.031,15.2,30.6
9,2025-06-10,95.2,79.2,0.016,66,85.7,0.016,13.0,23.7
9,2025-06-11,90.2,78.4,0.020,70,83.8,0.020,11.3,23.3
9,2025-06-12,90.2,78.4,0.244,80,81.5,0.244,12.8,28.9
9,2025-06-13,86.5,78.4,0.406,82,81.1,0.406,11.3,26.8
9,2025-06-14,88.9,77.8,0.059,80,82.2,0.059,13.3,29.5
9,2025-06-15,88.2,78.1,0.004,74,82.4,0.004,10.0,19.2
9,2025-06-16,95.2,77.7,0.000,66,85.6,0.000,10.5,20.1
9,2025-06-17,97.6,77.5,0.173,65,85.8,0.173,9.2,21.5
9,2025-06-18,95.7,78.9,0.016,66,86.4,0.016,11.3,18.8
9,2025-06-19,92.1,78.3,0.016,72,84.2,0.016,10.2,19.9
9,2025-06-20,93.3,77.5,0.354,69,84.3,0.354,13.0,24.8
9,2025-06-21,95.7,76.3,0.421,74,83.3,0.421,12.5,25.3
9,2025-06-22,90.5,76.4,0.087,75,81.8,0.087,15.4,29.5
9,2025-06-23,88.3,75.5,0.142,80,80.5,0.142,12.9,28.2
9,2025-06-24,87.1,76.9,0.008,78,81.7,0.008,12.0,24.2
9,2025-06-25,91.8,77.2,0.008,74,83.6,0.008,11.4,21.3
9,2025-06-26,91.2,77.1,0.012,70,83.5,0.012,11.6,23.5
9,2025-06-27,88.4,76.0,0.039,78,81.2,0.039,14.3,26.4
9,2025-06-28,90.5,77.3,0.028,74,82.4,0.028,11.2,24.2
9,2025-06-29,89.1,76.2,0.087,77,81.2,0.087,14.7,32.4
9,2025-06-30,88.0,77.5,0.079,76,82.2,0.079,14.0,27.1
9,2025-07-01,90.1,77.1,0.024,76,82.8,0.024,12.5,25.7
9,2025-07-02,83.3,76.6,0.323,86,79.9,0.323,12.4,21.9
9,2025-07-03,91.4,76.6,0.000,73,82.6,0.000,10.1,21.7
9,2025-07-04,94.9,77.0,0.024,65,85.3,0.024,14.4,27.3
9,2025-07-05,92.8,79.0,0.000,67,84.7,0.000,13.4,29.8
9,2025-07-06,93.1,77.6,0.106,68,84.8,0.106,13.7,28.0
9,2025-07-07,93.0,77.8,0.024,70,84.9,0.024,11.2,24.2
9,2025-07-08,91.9,78.3,0.571,78,82.9,0.571,10.4,28.0
9,2025-07-09,89.2,77.8,0.000,76,83.1,0.000,11.5,21.3
9,2025-07-10,93.1,78.1,0.012,69,84.8,0.012,13.3,23.7
9,2025-07-11,92.4,79.4,0.012,70,84.2,0.012,12.5,27.5
9,2025-07-12,95.6,78.9,0.000,65,86.1,0.000,12.8,26.6
9,2025-07-13,97.9,78.1,0.020,66,86.7,0.020,11.8,24.6
9,2025-07-14,93.8,78.7,0.150,72,85.1,0.150,8.9,20.1
9,2025-07-15,91.9,78.4,0.299,77,83.4,0.299,12.5,25.3
9,2025-07-16,92.0,77.9,0.157,76,83.4,0.157,11.4,22.4
9,2025-07-17,92.2,78.4,0.063,71,83.9,0.063,11.5,23.7
9,2025-07-18,90.7,77.5,0.071,74,83.0,0.071,17.2,35.3
9,2025-07-19,90.3,76.2,0.539,78,81.5,0.539,18.0,33.8
9,2025-07-20,81.7,76.4,1.276,89,78.2,1.276,13.1,24.8
9,2025-07-21,82.1,77.0,0.303,83,79.9,0.303,15.8,26.6
9,2025-07-22,86.4,77.6,0.071,80,80.8,0.071,15.5,32.4
9,2025-07-23,86.0,78.6,0.079,80,81.7,0.079,17.3,36.0
9,2025-07-24,90.3,79.4,0.004,74,83.6,0.004,13.6,25.1
9,2025-07-25,92.2,79.9,0.000,72,84.7,0.000,13.5,23.5
9,2025-07-26,91.8,79.2,0.016,73,84.3,0.016,12.5,26.8
9,2025-07-27,84.9,79.2,0.059,82,81.7,0.059,11.0,18.6
9,2025-07-28,88.6,79.5,0.031,77,82.8,0.031,15.1,27.7
9,2025-07-29,89.9,80.0,0.051,75,83.8,0.051,15.4,27.5
9,2025-07-30,90.8,78.6,0.004,74,83.6,0.004,16.9,31.5
9,2025-07-31,93.1,78.0,0.016,70,85.3,0.016,16.0,30.9
9,2025-08-01,96.7,79.5,0.008,67,86.5,0.008,14.7,26.6
9,2025-08-02,94.8,78.0,0.024,71,85.6,0.024,9.9,22.1
9,2025-08-03,95.2,77.2,0.091,72,85.2,0.091,13.7,25.3
9,2025-08-04,95.7,76.9,0.039,72,85.7,0.039,7.9,14.8
9,2025-08-05,94.9,79.2,0.142,68,86.2,0.142,9.6,18.3
9,2025-08-06,92.8,77.9,0.327,72,84.3,0.327,10.1,24.8
9,2025-08-07,92.9,77.5,0.177,78,83.2,0.177,14.7,27.1
9,2025-08-08,92.0,77.6,0.606,80,82.7,0.606,9.8,21.5
9,2025-08-09,89.7,76.6,0.055,75,83.3,0.055,6.7,17.9
9,2025-08-10,94.8,78.0,0.035,66,85.2,0.035,11.3,21.7
9,2025-08-11,90.9,78.4,0.252,73,82.4,0.252,8.8,21.9
9,2025-08-12,91.9,77.2,0.035,69,84.0,0.035,12.9,25.1
9,2025-08-13,88.7,76.9,0.457,73,82.7,0.457,7.0,18.3
9,2025-08-14,92.7,77.7,0.028,67,83.9,0.028,10.3,22.6
9,2025-08-15,91.1,76.1,1.280,80,81.1,1.280,8.2,23.5
9,2025-08-16,86.4,76.3,0.327,80,80.1,0.327,10.6,23.0
9,2025-08-17,86.1,76.9,0.020,76,80.7,0.020,12.3,23.0
9,2025-08-18,91.2,76.3,0.272,76,82.5,0.272,11.2,22.8
9,2025-08-19,88.9,74.5,0.039,78,81.6,0.039,8.6,19.2
9,2025-08-20,89.9,74.9,0.079,78,82.1,0.079,7.2,19.5
9,2025-08-21,90.9,76.3,0.272,78,81.6,0.272,10.9,21.7
9,2025-08-22,84.3,77.0,0.236,79,80.3,0.236,9.0,20.1
9,2025-08-23,89.6,75.9,0.453,76,81.2,0.453,12.7,25.3
9,2025-08-24,90.8,77.5,0.555,72,82.6,0.555,9.9,23.0
9,2025-08-25,92.9,78.6,0.008,68,83.7,0.008,13.8,24.4
9,2025-08-26,87.1,77.4,0.130,77,81.2,0.130,15.6,31.1
9,2025-08-27,84.2,76.4,0.181,82,79.6,0.181,10.1,21.7
9,2025-08-28,91.7,76.3,0.008,70,83.6,0.008,11.9,26.4
9,2025-08-29,96.2,77.9,0.008,61,86.3,0.008,10.6,22.6
9,2025-08-30,95.0,77.0,0.075,64,85.5,0.075,14.2,27.5
9,2025-08-31,87.8,76.6,0.043,77,81.7,0.043,12.1,22.6
9,2025-09-01,90.8,77.9,0.098,76,83.1,0.098,10.7,21.7
9,2025-09-02,90.1,77.6,0.067,78,82.7,0.067,5.6,17.9
9,2025-09-03,89.2,76.8,0.059,80,81.6,0.059,9.7,19.0
9,2025-09-04,91.1,76.1,0.543,83,81.2,0.543,8.5,21.9
9,2025-09-05,89.8,76.8,0.165,80,82.5,0.165,8.0,18.1
9,2025-09-06,88.9,76.9,0.331,83,81.9,0.331,7.8,19.0
9,2025-09-07,89.2,75.7,0.791,83,80.8,0.791,9.2,18.3
9,2025-09-08,84.6,76.2,0.071,83,80.2,0.071,9.6,19.2
9,2025-09-09,87.4,76.5,0.130,80,80.8,0.130,11.1,24.8
9,2025-09-10,86.5,75.7,0.335,84,80.4,0.335,9.4,19.2
9,2025-09-11,87.9,76.0,0.087,83,81.9,0.087,6.3,13.2
9,2025-09-12,87.0,74.9,0.906,85,80.5,0.906,7.8,17.7
9,2025-09-13,88.0,76.6,0.094,84,81.8,0.094,6.4,16.1
9,2025-09-14,85.7,75.7,0.012,83,80.8,0.012,8.1,17.0
9,2025-09-15,86.6,76.7,0.031,79,81.7,0.031,8.1,17.2
9,2025-09-16,86.5,77.6,0.039,81,81.6,0.039,8.5,17.4
9,2025-09-17,89.4,76.9,0.307,83,81.9,0.307,6.2,17.0
9,2025-09-18,87.8,77.8,0.098,79,81.1,0.098,10.5,19.5
9,2025-09-19,84.8,77.2,0.091,82,80.3,0.091,13.5,27.1
9,2025-09-20,88.1,77.6,0.035,76,82.2,0.035,13.5,26.4
9,2025-09-21,90.3,76.9,0.075,76,82.6,0.075,11.4,23.3
9,2025-09-22,90.1,76.4,0.209,75,82.6,0.209,10.2,20.6
9,2025-09-23,90.1,75.7,0.177,79,81.7,0.177,14.6,29.3
9,2025-09-24,86.8,77.5,0.142,81,81.1,0.142,10.4,21.0
9,2025-09-25,88.9,76.7,0.051,77,81.7,0.051,13.8,29.3
9,2025-09-26,89.5,76.6,0.016,75,82.6,0.016,10.2,23.7
9,2025-09-27,90.9,75.4,0.268,82,80.9,0.268,11.3,24.8
9,2025-09-28,89.5,77.1,0.012,75,82.1,0.012,7.9,16.8
9,2025-09-29,91.9,77.1,0.177,75,82.4,0.177,11.2,21.3
9,2025-09-30,90.6,76.6,0.071,76,82.1,0.071,10.3,22.4
9,2025-10-01,89.3,76.7,0.102,81,81.6,0.102,7.4,15.9
9,2025-10-02,91.2,78.2,0.035,74,83.8,0.035,9.8,18.8
9,2025-10-03,92.9,78.5,0.343,75,84.1,0.343,9.9,21.5
9,2025-10-04,89.5,74.3,0.291,84,80.8,0.291,6.4,17.9
9,2025-10-05,91.1,75.8,0.004,75,83.2,0.004,8.3,15.4
9,2025-10-06,92.8,76.0,0.071,73,83.2,0.071,8.7,18.3
9,2025-10-07,94.2,75.8,0.224,80,81.5,0.224,8.2,16.6
9,2025-10-08,90.1,76.6,0.886,84,81.2,0.886,9.4,19.9
9,2025-10-09,88.9,76.2,0.039,83,81.3,0.039,9.4,18.8
9,2025-10-10,87.7,76.3,0.020,84,81.4,0.020,6.6,14.8
9,2025-10-11,86.9,76.7,0.071,82,81.6,0.071,9.1,18.6
9,2025-10-12,87.7,76.8,0.362,86,81.0,0.362,7.7,15.9
9,2025-10-13,86.6,76.3,0.323,85,80.8,0.323,7.4,16.3
9,2025-10-14,85.6,76.0,0.528,85,80.5,0.528,7.5,16.6
9,2025-10-15,83.6,75.9,0.307,89,79.0,0.307,7.7,15.9
9,2025-10-16,89.1,76.6,0.067,75,82.7,0.067,11.4,21.7
9,2025-10-17,87.9,74.2,0.429,81,81.6,0.429,11.9,23.0
9,2025-10-18,85.6,74.4,0.528,86,80.2,0.528,10.5,20.6
9,2025-10-19,89.2,74.1,0.606,81,81.6,0.606,11.4,21.9
9,2025-10-20,89.2,75.3,0.437,81,81.7,0.437,9.0,18.6
9,2025-10-21,89.0,76.7,0.012,75,82.4,0.012,11.0,21.0
9,2025-10-22,88.2,80.8,0.016,65,84.0,0.016,15.1,27.3
9,2025-10-23,87.0,76.5,0.106,70,82.1,0.106,19.3,34.0
9,2025-10-24,85.4,77.4,0.071,73,81.2,0.071,14.1,25.9
9,2025-10-25,83.8,74.0,0.461,82,79.4,0.461,13.8,24.8
9,2025-10-26,85.0,75.4,0.102,76,81.3,0.102,14.9,27.7
9,2025-10-27,87.8,76.6,0.138,76,81.5,0.138,14.1,25.7
9,2025-10-28,86.2,76.4,0.299,81,80.1,0.299,12.1,25.9
9,2025-10-29,85.7,75.0,0.366,85,79.6,0.366,13.7,26.8
9,2025-10-30,81.3,75.5,0.197,88,78.1,0.197,12.1,20.8
9,2025-10-31,83.8,76.0,0.803,90,79.1,0.803,8.6,18.8
9,2025-11-01,85.6,75.5,1.224,91,79.0,1.224,7.2,14.8
9,2025-11-02,85.8,76.1,1.465,90,79.6,1.465,11.0,23.0
9,2025-11-03,84.9,75.7,0.323,90,78.7,0.323,6.9,21.9
9,2025-11-04,85.4,75.6,1.055,86,79.0,1.055,6.4,13.6
9,2025-11-05,84.3,76.6,0.020,82,79.7,0.020,8.6,17.7
9,2025-11-06,86.9,77.3,0.012,78,81.5,0.012,9.0,17.4
9,2025-11-07,87.2,75.9,0.224,83,81.0,0.224,6.2,12.3
9,2025-11-08,84.1,76.3,0.445,89,79.6,0.445,6.6,15.0
9,2025-11-09,88.8,77.0,0.051,83,81.9,0.051,9.6,17.0
9,2025-11-10,88.3,75.5,0.370,87,80.8,0.370,5.4,15.9
9,2025-11-11,89.4,76.2,0.012,83,82.0,0.012,7.5,16.1
9,2025-11-12,88.7,76.9,0.146,85,82.1,0.146,6.2,15.2
9,2025-11-13,88.1,75.1,0.224,86,80.4,0.224,9.3,19.2
9,2025-11-14,86.5,75.3,0.063,71,81.1,0.063,12.2,23.3
9,2025-11-15,84.4,73.8,0.083,61,80.6,0.083,14.6,27.3
9,2025-11-16,85.0,75.0,0.154,72,81.0,0.154,14.5,26.8
9,2025-11-17,82.2,74.7,0.394,84,78.3,0.394,13.1,24.8
9,2025-11-18,81.2,74.2,0.823,90,76.9,0.823,11.7,24.6
9,2025-11-19,82.2,72.9,0.154,70,77.8,0.154,19.1,34.7
9,2025-11-20,79.0,72.7,0.000,65,75.7,0.000,15.7,27.3
9,2025-11-21,79.9,72.1,0.000,60,75.9,0.000,15.5,27.7
9,2025-11-22,84.0,71.8,0.000,61,77.2,0.000,16.0,28.9
9,2025-11-23,85.9,73.1,0.000,63,79.4,0.000,15.3,27.5
9,2025-11-24,85.6,75.8,0.000,64,80.6,0.000,15.0,27.1
9,2025-11-25,82.3,71.5,0.000,64,78.2,0.000,19.4,35.3
9,2025-11-26,82.8,68.7,0.000,60,76.4,0.000,14.8,27.3
9,2025-11-27,82.3,65.5,0.000,56,75.3,0.000,17.3,31.5
9,2025-11-28,80.0,65.0,0.000,47,71.6,0.000,18.1,33.1
9,2025-11-29,82.8,65.1,0.000,57,73.1,0.000,12.6,23.7
9,2025-11-30,84.8,66.5,0.000,60,74.9,0.000,9.6,19.0
9,2025-12-01,86.1,67.6,0.000,66,76.2,0.000,8.1,17.4
9,2025-12-02,87.0,68.4,0.000,69,77.3,0.000,6.9,15.9
9,2025-12-03,89.3,70.6,0.000,64,82.1,0.000,9.7,19.9
9,2025-12-04,86.8,74.8,0.307,65,82.2,0.307,16.2,30.4
9,2025-12-05,83.2,74.8,0.110,83,78.5,0.110,13.1,23.7
9,2025-12-06,85.9,74.2,0.000,73,80.0,0.000,13.1,25.1
9,2025-12-07,86.8,75.3,0.004,68,80.7,0.004,11.7,23.3
9,2025-12-08,83.0,73.4,0.000,62,79.1,0.000,15.4,28.2
9,2025-12-09,83.3,72.1,0.000,67,78.0,0.000,16.0,29.3
9,2025-12-10,85.2,72.4,0.000,64,78.8,0.000,14.5,27.7
9,2025-12-11,83.8,73.5,0.000,69,77.4,0.000,14.1,28.0
9,2025-12-12,81.9,73.9,0.008,75,78.5,0.008,12.9,23.9
9,2025-12-13,86.7,75.1,0.000,72,80.9,0.000,14.7,27.3
9,2025-12-14,86.3,76.1,0.004,70,81.0,0.004,15.6,29.1
9,2025-12-15,85.8,75.1,0.000,67,80.4,0.000,14.7,27.7
9,2025-12-16,87.5,75.5,0.000,60,81.2,0.000,12.7,24.8
9,2025-12-17,87.6,75.9,0.000,62,82.0,0.000,13.6,26.4
9,2025-12-18,85.2,74.1,0.004,69,80.3,0.004,14.3,27.5
9,2025-12-19,88.1,73.8,0.000,62,80.2,0.000,11.3,22.1
9,2025-12-20,88.0,73.0,0.000,56,80.5,0.000,12.1,24.4
9,2025-12-21,87.1,72.8,0.000,52,79.3,0.000,12.4,24.2
9,2025-12-22,87.4,73.0,0.000,63,80.2,0.000,12.1,24.2
9,2025-12-23,87.9,73.6,0.020,76,79.8,0.020,8.9,19.0
9,2025-12-24,89.2,74.7,0.000,61,81.7,0.000,10.2,21.3
9,2025-12-25,90.3,75.6,0.000,52,83.3,0.000,13.2,26.2
9,2025-12-26,85.9,75.7,0.008,68,80.7,0.008,12.1,23.7
9,2025-12-27,85.8,76.0,0.000,63,81.4,0.000,13.0,25.1
9,2025-12-28,86.8,75.2,0.000,60,81.2,0.000,13.3,25.5
9,2025-12-29,87.1,71.9,0.000,65,79.6,0.000,11.9,23.3
9,2025-12-30,87.0,68.4,0.000,71,77.8,0.000,10.2,21.0
9,2025-12-31,86.5,67.6,0.000,70,77.2,0.000,8.4,18.6
10,2025-01-01,87.8,69.9,0.000,50,78.7,0.000,12.1,26.2
10,2025-01-02,88.6,70.0,0.000,48,79.7,0.000,12.1,23.9
10,2025-01-03,88.2,72.0,0.000,51,79.7,0.000,15.7,32.2
10,2025-01-04,88.1,71.3,0.000,43,78.9,0.000,13.7,27.5
10,2025-01-05,85.5,68.5,0.000,46,76.6,0.000,16.0,33.1
10,2025-01-06,86.3,65.5,0.000,46,75.7,0.000,13.4,28.0
10,2025-01-07,88.6,65.2,0.000,51,77.5,0.000,7.4,16.8
10,2025-01-08,90.5,66.0,0.000,53,79.7,0.000,5.9,14.5
10,2025-01-09,91.8,69.9,0.000,48,82.2,0.000,13.4,24.4
10,2025-01-10,87.3,67.9,0.000,53,78.3,0.000,16.5,33.8
10,2025-01-11,84.7,62.7,0.000,48,74.1,0.000,19.2,35.6
10,2025-01-12,78.8,62.2,0.000,47,70.5,0.000,17.5,35.3
10,2025-01-13,80.8,62.5,0.000,47,71.5,0.000,13.0,26.8
10,2025-01-14,83.6,65.0,0.000,48,74.1,0.000,11.3,24.6
10,2025-01-15,87.9,67.6,0.000,50,80.1,0.000,14.6,30.4
10,2025-01-16,86.6,70.3,0.000,50,78.6,0.000,16.3,32.2
10,2025-01-17,86.1,67.8,0.000,48,76.7,0.000,13.7,28.4
10,2025-01-18,87.8,65.2,0.000,47,76.5,0.000,11.6,24.8
10,2025-01-19,87.5,63.4,0.000,49,75.8,0.000,11.1,24.6
10,2025-01-20,89.7,63.5,0.000,51,77.0,0.000,6.7,15.4
10,2025-01-21,89.5,64.7,0.000,53,76.9,0.000,5.7,14.3
10,2025-01-22,91.1,64.8,0.000,55,77.9,0.000,6.4,15.4
10,2025-01-23,92.2,65.1,0.000,56,79.4,0.000,5.2,14.5
10,2025-01-24,93.8,66.9,0.000,53,80.4,0.000,6.7,14.1
10,2025-01-25,96.1,66.5,0.000,56,82.2,0.000,7.0,13.0
10,2025-01-26,95.2,68.8,0.000,52,83.2,0.000,12.4,23.7
10,2025-01-27,85.9,67.6,0.000,48,76.3,0.000,11.0,23.0
10,2025-01-28,85.2,67.6,0.000,49,75.9,0.000,9.7,20.4
10,2025-01-29,87.8,65.3,0.000,57,75.5,0.000,9.2,20.1
10,2025-01-30,88.6,64.7,0.000,55,77.4,0.000,6.3,15.2
10,2025-01-31,91.1,67.0,0.000,52,79.6,0.000,6.8,14.1
10,2025-02-01,93.8,67.6,0.000,54,80.8,0.000,6.4,14.1
10,2025-02-02,96.4,68.3,0.000,55,83.1,0.000,7.1,15.7
10,2025-02-03,96.9,71.0,0.000,58,84.3,0.000,8.1,16.3
10,2025-02-04,92.3,73.3,0.008,59,81.7,0.008,9.3,18.8
10,2025-02-05,92.1,72.6,0.000,57,82.1,0.000,7.4,18.6
10,2025-02-06,93.8,72.3,0.000,60,83.4,0.000,8.0,16.8
10,2025-02-07,93.9,73.1,0.000,59,84.1,0.000,6.3,15.9
10,2025-02-08,91.3,70.6,0.000,50,82.1,0.000,11.9,21.7
10,2025-02-09,88.8,69.5,0.000,48,78.5,0.000,12.8,23.3
10,2025-02-10,90.1,68.5,0.000,51,78.8,0.000,8.9,19.9
10,2025-02-11,92.9,68.3,0.000,51,80.3,0.000,7.0,16.6
10,2025-02-12,95.7,69.0,0.000,48,82.7,0.000,7.7,15.0
10,2025-02-13,97.1,70.3,0.000,47,84.9,0.000,7.5,16.3
10,2025-02-14,96.7,72.0,0.000,59,85.4,0.000,8.7,16.1
10,2025-02-15,98.5,74.4,0.000,53,86.3,0.000,7.9,17.4
10,2025-02-16,99.1,74.4,0.000,56,87.1,0.000,5.8,15.4
10,2025-02-17,94.3,73.0,0.992,71,83.5,0.992,10.3,23.0
10,2025-02-18,91.3,71.9,0.976,78,80.2,0.976,8.7,23.9
10,2025-02-19,91.5,72.0,0.299,79,80.3,0.299,7.0,17.2
10,2025-02-20,90.8,73.5,0.307,76,82.0,0.307,6.0,18.6
10,2025-02-21,89.9,73.0,0.094,77,81.3,0.094,8.9,24.4
10,2025-02-22,92.1,73.5,0.157,73,82.1,0.157,10.7,21.0
10,2025-02-23,92.7,75.5,0.016,68,83.9,0.016,9.4,21.5
10,2025-02-24,84.2,73.7,0.146,71,77.7,0.146,13.3,27.5
10,2025-02-25,85.6,72.0,0.035,65,77.3,0.035,12.4,23.7
10,2025-02-26,91.9,71.9,0.000,62,81.9,0.000,12.4,25.1
10,2025-02-27,95.9,75.3,0.016,61,84.7,0.016,5.2,15.2
10,2025-02-28,97.3,76.0,0.000,64,86.1,0.000,6.7,15.7
10,2025-03-01,98.9,77.3,0.016,69,86.4,0.016,8.5,17.7
10,2025-03-02,100.9,78.7,0.000,62,89.0,0.000,9.4,17.0
10,2025-03-03,99.1,78.4,0.122,71,85.9,0.122,8.9,26.8
10,2025-03-04,99.2,78.9,0.000,64,87.7,0.000,11.1,20.1
10,2025-03-05,100.0,78.1,0.000,64,87.9,0.000,9.7,18.6
10,2025-03-06,98.6,78.4,0.012,64,87.6,0.012,10.8,19.7
10,2025-03-07,93.7,72.7,1.083,81,80.1,1.083,8.6,21.0
10,2025-03-08,89.5,73.2,0.004,68,79.3,0.004,8.4,15.7
10,2025-03-09,91.8,73.9,0.004,65,82.8,0.004,7.4,13.9
10,2025-03-10,95.4,77.9,0.000,57,86.8,0.000,8.8,19.2
10,2025-03-11,96.4,75.6,0.240,66,85.6,0.240,7.9,23.3
10,2025-03-12,95.3,76.5,0.000,71,85.5,0.000,9.3,21.3
10,2025-03-13,93.2,75.7,0.173,77,83.4,0.173,9.1,20.1
10,2025-03-14,94.6,76.5,0.012,75,85.0,0.012,6.6,15.0
10,2025-03-15,97.2,78.4,0.000,69,87.3,0.000,7.5,14.8
10,2025-03-16,98.5,77.9,0.008,69,86.2,0.008,15.1,29.8
10,2025-03-17,95.3,77.3,0.071,70,85.2,0.071,11.3,23.3
10,2025-03-18,95.4,75.1,0.004,56,86.5,0.004,11.5,20.8
10,2025-03-19,92.8,73.6,0.000,47,82.7,0.000,13.7,25.3
10,2025-03-20,89.2,72.8,0.000,44,80.0,0.000,15.1,31.3
10,2025-03-21,90.0,72.1,0.000,50,80.3,0.000,12.8,26.6
10,2025-03-22,92.8,71.2,0.000,55,81.5,0.000,7.4,17.4
10,2025-03-23,95.2,72.7,0.000,53,84.6,0.000,6.2,15.2
10,2025-03-24,97.9,75.7,0.000,59,86.6,0.000,7.6,13.4
10,2025-03-25,98.9,78.1,0.000,64,88.1,0.000,8.5,16.1
10,2025-03-26,97.9,79.6,0.020,70,87.0,0.020,11.4,23.9
10,2025-03-27,99.5,78.6,0.004,64,87.9,0.004,9.3,17.7
10,2025-03-28,99.1,76.9,0.000,57,87.1,0.000,8.5,17.4
10,2025-03-29,98.3,78.3,0.016,64,88.7,0.016,7.3,14.8
10,2025-03-30,92.1,74.8,1.087,80,82.3,1.087,11.5,23.7
10,2025-03-31,88.3,75.6,0.390,87,80.1,0.390,5.0,19.0
10,2025-04-01,92.3,76.8,0.012,77,83.9,0.012,7.2,15.2
10,2025-04-02,93.1,78.1,0.000,67,85.7,0.000,6.5,16.3
10,2025-04-03,93.2,77.9,0.000,69,85.6,0.000,7.1,15.7
10,2025-04-04,96.7,79.3,0.016,70,86.7,0.016,11.6,23.7
10,2025-04-05,97.0,78.7,0.012,68,87.2,0.012,9.7,18.6
10,2025-04-06,98.1,77.3,0.024,66,87.9,0.024,8.8,17.4
10,2025-04-07,95.2,73.9,0.118,72,85.4,0.118,9.9,19.7
10,2025-04-08,94.6,79.4,0.087,74,85.6,0.087,7.5,19.7
10,2025-04-09,96.9,75.9,0.272,72,85.8,0.272,10.4,22.6
10,2025-04-10,92.8,77.5,0.063,79,83.5,0.063,7.7,18.3
10,2025-04-11,95.0,77.7,0.358,79,84.0,0.358,9.5,20.4
10,2025-04-12,94.6,79.0,0.130,76,85.1,0.130,8.5,19.0
10,2025-04-13,95.8,75.9,0.957,77,84.7,0.957,8.5,22.4
10,2025-04-14,91.2,76.3,0.283,79,82.4,0.283,8.8,17.4
10,2025-04-15,96.0,78.4,0.067,72,85.6,0.067,10.2,21.5
10,2025-04-16,91.3,77.6,0.457,82,82.9,0.457,7.0,15.0
10,2025-04-17,95.0,77.7,0.091,79,83.8,0.091,9.5,25.9
10,2025-04-18,93.8,77.6,0.441,79,83.1,0.441,11.8,23.0
10,2025-04-19,91.9,79.1,0.067,80,84.8,0.067,10.8,22.4
10,2025-04-20,96.4,78.6,0.000,68,87.6,0.000,11.0,19.7
10,2025-04-21,96.6,79.2,0.028,67,87.7,0.028,8.6,19.9
10,2025-04-22,99.2,79.9,0.004,64,88.8,0.004,8.1,18.8
10,2025-04-23,99.6,81.0,0.004,63,89.4,0.004,10.7,22.1
10,2025-04-24,99.4,81.2,0.016,66,89.1,0.016,11.5,24.2
10,2025-04-25,100.7,81.9,0.000,62,90.5,0.000,9.6,19.5
10,2025-04-26,100.0,81.0,0.098,65,88.3,0.098,8.4,34.4
10,2025-04-27,95.2,80.0,0.307,75,84.7,0.307,10.6,28.2
10,2025-04-28,100.0,78.0,0.067,68,87.3,0.067,8.1,19.7
10,2025-04-29,95.0,77.9,0.000,68,85.9,0.000,6.2,14.3
10,2025-04-30,98.2,76.3,0.614,64,87.7,0.614,8.0,18.1
10,2025-05-01,94.1,77.6,0.028,72,85.6,0.028,8.3,17.4
10,2025-05-02,93.9,77.3,0.177,76,84.3,0.177,8.5,17.0
10,2025-05-03,94.3,77.7,0.031,77,83.7,0.031,5.9,13.9
10,2025-05-04,95.5,79.3,0.000,71,86.9,0.000,6.2,12.1
10,2025-05-05,95.4,79.5,0.012,73,86.3,0.012,9.7,22.8
10,2025-05-06,95.9,80.0,0.102,73,86.1,0.102,12.2,25.7
10,2025-05-07,97.4,80.9,0.071,69,87.6,0.071,11.0,23.3
10,2025-05-08,99.2,81.5,0.051,70,88.0,0.051,7.3,15.2
10,2025-05-09,98.3,81.4,0.110,68,88.5,0.110,9.2,19.9
10,2025-05-10,94.9,76.2,0.610,83,82.3,0.610,6.7,16.3
10,2025-05-11,90.5,75.4,0.272,83,81.8,0.272,7.8,18.3
10,2025-05-12,92.8,76.3,0.398,83,81.8,0.398,6.4,19.9
10,2025-05-13,87.7,76.6,0.331,85,81.0,0.331,7.1,15.2
10,2025-05-14,90.2,76.7,0.417,85,81.8,0.417,10.6,22.8
10,2025-05-15,91.6,76.7,0.224,85,82.0,0.224,8.2,16.8
10,2025-05-16,93.5,78.6,0.067,81,83.7,0.067,7.8,17.7
10,2025-05-17,92.0,77.8,0.205,84,83.2,0.205,8.4,18.1
10,2025-05-18,93.3,78.2,0.059,76,85.4,0.059,6.7,13.6
10,2025-05-19,95.1,79.3,0.091,79,85.3,0.091,12.0,25.3
10,2025-05-20,94.4,77.7,0.594,73,86.8,0.594,7.4,16.1
10,2025-05-21,91.7,79.5,0.197,81,84.1,0.197,7.5,26.4
10,2025-05-22,96.4,81.1,0.000,70,87.7,0.000,9.1,18.3
10,2025-05-23,99.0,78.1,0.516,72,86.5,0.516,8.2,17.9
10,2025-05-24,94.6,77.4,0.319,79,84.1,0.319,10.2,21.7
10,2025-05-25,91.9,76.5,0.252,85,81.9,0.252,13.4,25.5
10,2025-05-26,90.4,76.7,0.335,85,81.5,0.335,9.8,22.6
10,2025-05-27,90.1,77.9,0.075,83,83.0,0.075,9.2,21.3
10,2025-05-28,92.1,79.4,0.067,80,84.8,0.067,8.3,17.2
10,2025-05-29,92.2,77.2,0.240,82,83.5,0.240,11.6,24.4
10,2025-05-30,90.6,78.2,1.075,87,81.9,1.075,10.0,24.4
10,2025-05-31,90.5,77.4,0.382,86,81.6,0.382,11.8,25.3
10,2025-06-01,91.0,78.8,0.441,82,82.7,0.441,12.1,29.8
10,2025-06-02,91.4,77.3,0.421,81,83.6,0.421,10.0,25.1
10,2025-06-03,89.3,79.3,0.020,77,83.8,0.020,10.1,21.3
10,2025-06-04,94.5,78.8,0.280,73,84.7,0.280,10.9,26.2
10,2025-06-05,95.1,79.8,0.051,69,86.4,0.051,9.7,24.8
10,2025-06-06,96.0,80.4,0.020,64,87.9,0.020,9.4,20.1
10,2025-06-07,96.9,78.4,0.386,77,85.4,0.386,11.3,20.4
10,2025-06-08,93.1,76.5,0.421,77,84.7,0.421,9.8,20.4
10,2025-06-09,91.6,77.9,0.224,84,83.0,0.224,10.3,21.7
10,2025-06-10,90.9,79.3,0.031,76,84.4,0.031,8.9,20.8
10,2025-06-11,87.7,79.0,0.110,80,82.0,0.110,8.5,22.4
10,2025-06-12,91.9,78.7,0.764,81,82.3,0.764,8.8,20.1
10,2025-06-13,87.6,78.6,0.866,86,81.2,0.866,11.7,25.5
10,2025-06-14,87.7,77.9,0.382,86,81.6,0.382,10.5,28.0
10,2025-06-15,87.8,77.6,0.059,84,81.9,0.059,11.3,26.2
10,2025-06-16,90.8,78.0,0.000,74,83.8,0.000,9.5,20.8
10,2025-06-17,92.0,79.2,0.098,71,85.2,0.098,9.6,22.6
10,2025-06-18,96.0,78.7,0.252,73,84.9,0.252,11.1,22.8
10,2025-06-19,92.8,78.1,0.252,73,84.4,0.252,9.2,19.9
10,2025-06-20,92.1,78.3,0.091,74,83.9,0.091,7.8,21.0
10,2025-06-21,94.8,76.9,0.315,75,84.0,0.315,9.2,20.8
10,2025-06-22,93.5,76.6,0.669,78,83.7,0.669,12.4,27.3
10,2025-06-23,94.1,77.1,0.130,76,83.3,0.130,12.6,27.7
10,2025-06-24,91.0,78.4,0.098,75,84.0,0.098,11.5,25.1
10,2025-06-25,93.8,79.0,0.496,78,83.5,0.496,9.6,23.9
10,2025-06-26,91.3,76.1,0.319,76,83.1,0.319,10.6,25.5
10,2025-06-27,94.0,76.0,0.343,80,81.6,0.343,10.5,23.5
10,2025-06-28,88.2,75.7,0.315,78,81.1,0.315,11.2,23.7
10,2025-06-29,92.4,75.9,0.465,85,80.3,0.465,11.0,23.5
10,2025-06-30,86.7,76.8,0.134,79,81.4,0.134,11.7,24.6
10,2025-07-01,89.9,76.3,0.260,82,81.2,0.260,9.7,23.5
10,2025-07-02,86.2,76.3,0.764,86,79.8,0.764,9.3,26.2
10,2025-07-03,86.5,76.6,0.087,82,80.9,0.087,7.6,17.9
10,2025-07-04,89.1,77.8,0.114,76,82.9,0.114,9.0,23.7
10,2025-07-05,93.7,78.4,0.276,73,83.5,0.276,11.7,25.5
10,2025-07-06,87.4,77.9,0.240,77,82.6,0.240,8.8,23.3
10,2025-07-07,90.5,78.4,0.067,79,83.1,0.067,10.9,24.4
10,2025-07-08,88.6,77.1,0.390,85,81.1,0.390,10.2,23.3
10,2025-07-09,89.2,78.0,0.051,76,83.2,0.051,12.6,29.5
10,2025-07-10,91.9,79.1,0.043,75,84.3,0.043,10.8,24.2
10,2025-07-11,90.0,79.0,0.012,69,84.1,0.012,12.8,29.5
10,2025-07-12,94.3,77.1,0.102,72,84.3,0.102,11.3,23.5
10,2025-07-13,92.7,78.8,0.496,79,83.8,0.496,8.6,21.9
10,2025-07-14,90.1,78.2,0.957,84,82.6,0.957,8.2,24.2
10,2025-07-15,92.8,78.8,0.618,83,83.8,0.618,13.6,27.1
10,2025-07-16,90.0,76.3,0.299,86,81.1,0.299,8.5,18.3
10,2025-07-17,89.8,77.0,0.394,88,80.7,0.394,8.4,21.0
10,2025-07-18,87.7,76.4,0.343,84,81.6,0.343,9.1,23.7
10,2025-07-19,89.9,77.5,0.500,82,81.6,0.500,10.2,23.9
10,2025-07-20,89.1,76.7,0.370,84,80.7,0.370,14.0,31.3
10,2025-07-21,87.3,76.6,0.165,86,80.3,0.165,11.3,28.6
10,2025-07-22,82.0,76.2,0.744,93,78.6,0.744,10.7,24.8
10,2025-07-23,86.2,76.9,0.268,87,80.6,0.268,14.0,30.2
10,2025-07-24,88.6,78.3,0.039,76,83.3,0.039,11.9,29.1
10,2025-07-25,92.8,78.9,0.016,72,85.0,0.016,11.5,28.9
10,2025-07-26,91.1,77.1,0.689,84,82.2,0.689,10.6,25.9
10,2025-07-27,90.0,77.7,0.008,78,83.4,0.008,11.9,26.4
10,2025-07-28,86.5,77.4,0.504,85,81.6,0.504,10.5,22.4
10,2025-07-29,89.5,77.7,0.350,78,83.4,0.350,12.2,27.3
10,2025-07-30,90.1,77.5,0.016,79,82.9,0.016,11.9,25.3
10,2025-07-31,94.0,78.2,0.028,71,85.4,0.028,11.4,25.9
10,2025-08-01,96.3,79.5,0.008,68,86.7,0.008,11.3,21.9
10,2025-08-02,95.7,79.4,0.031,68,87.2,0.031,9.1,20.6
10,2025-08-03,97.6,79.8,0.031,70,86.9,0.031,10.1,22.8
10,2025-08-04,97.5,80.4,0.016,66,87.9,0.016,9.5,19.5
10,2025-08-05,96.4,79.7,0.189,71,86.2,0.189,11.1,24.6
10,2025-08-06,93.4,75.8,0.654,82,82.0,0.654,13.2,27.7
10,2025-08-07,91.1,76.8,0.445,86,81.6,0.445,10.1,22.6
10,2025-08-08,93.6,77.4,0.035,77,84.1,0.035,7.9,17.0
10,2025-08-09,94.3,78.9,0.051,69,85.5,0.051,9.5,24.6
10,2025-08-10,95.5,78.6,0.224,68,85.9,0.224,10.5,23.7
10,2025-08-11,90.4,76.8,0.618,80,81.7,0.618,10.0,20.1
10,2025-08-12,92.0,76.7,0.331,82,82.0,0.331,9.8,22.6
10,2025-08-13,92.0,77.8,0.055,73,83.2,0.055,9.8,22.6
10,2025-08-14,94.6,76.7,0.248,75,83.8,0.248,10.3,21.0
10,2025-08-15,93.1,76.6,1.173,83,81.4,1.173,9.4,19.2
10,2025-08-16,88.3,76.0,0.382,87,79.8,0.382,10.1,22.8
10,2025-08-17,84.8,76.5,0.055,81,79.9,0.055,6.9,15.4
10,2025-08-18,93.3,76.5,0.248,75,82.8,0.248,9.7,23.0
10,2025-08-19,90.1,76.5,0.118,78,82.4,0.118,12.5,25.9
10,2025-08-20,95.8,76.8,0.122,71,84.9,0.122,12.8,23.9
10,2025-08-21,97.1,75.5,0.626,77,83.5,0.626,10.5,23.7
10,2025-08-22,88.2,76.0,1.181,85,80.4,1.181,8.1,19.2
10,2025-08-23,88.4,75.7,0.839,83,80.3,0.839,10.0,20.8
10,2025-08-24,89.1,76.1,0.791,83,81.0,0.791,8.9,23.5
10,2025-08-25,90.3,76.9,0.571,81,81.2,0.571,10.5,22.6
10,2025-08-26,87.4,75.6,0.701,85,79.7,0.701,12.7,27.1
10,2025-08-27,86.7,76.6,0.008,77,81.4,0.008,10.9,26.6
10,2025-08-28,90.1,76.1,0.063,78,81.8,0.063,11.1,23.9
10,2025-08-29,92.8,77.7,0.004,66,84.9,0.004,9.1,19.5
10,2025-08-30,93.2,76.9,0.110,71,84.3,0.110,8.4,19.2
10,2025-08-31,87.9,74.8,0.094,81,81.0,0.094,10.8,22.8
10,2025-09-01,93.7,76.6,0.583,80,82.9,0.583,9.7,21.7
10,2025-09-02,91.0,76.8,0.213,78,82.9,0.213,8.5,18.6
10,2025-09-03,93.9,76.9,0.524,78,83.0,0.524,8.6,21.5
10,2025-09-04,88.0,76.7,0.394,86,81.3,0.394,6.3,14.8
10,2025-09-05,89.4,76.7,0.165,87,81.2,0.165,6.7,17.0
10,2025-09-06,89.6,76.2,0.748,87,81.6,0.748,6.9,12.8
10,2025-09-07,88.5,75.4,0.764,88,80.3,0.764,7.1,15.9
10,2025-09-08,87.6,76.3,0.673,91,79.2,0.673,12.0,23.7
10,2025-09-09,87.4,75.8,1.327,89,79.6,1.327,11.4,24.8
10,2025-09-10,86.3,75.0,0.059,86,80.2,0.059,7.8,16.3
10,2025-09-11,89.2,76.7,0.028,84,82.2,0.028,6.5,18.8
10,2025-09-12,89.9,76.5,0.358,88,81.9,0.358,5.9,13.4
10,2025-09-13,90.7,76.1,0.614,85,82.0,0.614,9.4,19.0
10,2025-09-14,88.3,75.6,0.213,87,80.6,0.213,6.2,14.5
10,2025-09-15,89.3,75.3,0.075,82,81.5,0.075,8.6,17.9
10,2025-09-16,90.1,76.5,0.004,78,82.9,0.004,7.2,13.4
10,2025-09-17,90.6,76.6,0.457,84,81.9,0.457,8.0,16.8
10,2025-09-18,89.2,76.1,0.236,85,80.9,0.236,6.5,15.7
10,2025-09-19,87.0,76.9,0.319,86,80.8,0.319,8.2,17.7
10,2025-09-20,89.0,77.3,0.531,88,81.1,0.531,8.7,23.7
10,2025-09-21,89.0,77.5,0.283,80,82.5,0.283,9.9,23.3
10,2025-09-22,88.6,78.1,0.043,78,82.3,0.043,10.4,25.3
10,2025-09-23,88.9,76.4,0.866,86,80.5,0.866,10.1,25.9
10,2025-09-24,87.3,76.9,0.563,82,81.0,0.563,9.2,22.4
10,2025-09-25,87.9,77.1,0.185,81,81.9,0.185,9.7,23.3
10,2025-09-26,85.7,76.0,0.949,87,80.4,0.949,10.3,20.1
10,2025-09-27,85.8,75.1,0.173,89,78.9,0.173,7.2,15.4
10,2025-09-28,89.4,76.5,0.449,87,80.8,0.449,7.5,14.1
10,2025-09-29,89.7,77.7,0.693,85,81.4,0.693,13.4,25.3
10,2025-09-30,86.4,75.5,0.744,88,79.8,0.744,11.4,25.3
10,2025-10-01,87.8,76.6,0.031,84,81.7,0.031,7.4,16.6
10,2025-10-02,90.8,75.6,0.343,84,82.3,0.343,8.7,17.0
10,2025-10-03,90.6,76.3,0.028,84,82.3,0.028,9.2,15.0
10,2025-10-04,87.9,76.4,0.047,85,81.4,0.047,5.2,13.2
10,2025-10-05,89.3,75.7,0.008,81,82.2,0.008,9.8,21.0
10,2025-10-06,92.1,77.2,0.476,82,82.5,0.476,10.7,22.8
10,2025-10-07,91.6,76.4,0.047,81,82.1,0.047,9.2,19.5
10,2025-10-08,90.9,76.3,0.575,83,81.9,0.575,9.7,20.1
10,2025-10-09,89.3,76.5,0.134,87,81.3,0.134,9.5,20.4
10,2025-10-10,90.6,76.5,0.366,84,81.7,0.366,9.0,20.1
10,2025-10-11,87.4,75.7,0.803,85,81.3,0.803,6.8,20.4
10,2025-10-12,88.8,76.4,0.102,86,81.5,0.102,6.2,14.1
10,2025-10-13,89.8,76.3,0.650,87,81.1,0.650,5.9,20.1
10,2025-10-14,86.2,75.7,0.094,89,79.7,0.094,5.2,12.5
10,2025-10-15,89.2,76.6,0.165,85,81.5,0.165,4.8,11.9
10,2025-10-16,90.7,77.5,0.185,84,82.1,0.185,9.0,19.0
10,2025-10-17,91.2,76.7,0.264,80,83.1,0.264,8.9,19.2
10,2025-10-18,92.5,75.9,0.055,78,83.3,0.055,10.3,23.9
10,2025-10-19,91.4,78.0,0.114,73,84.1,0.114,12.1,25.3
10,2025-10-20,93.5,77.7,0.004,70,84.9,0.004,10.9,22.4
10,2025-10-21,93.8,78.1,0.012,63,85.1,0.012,9.9,22.1
10,2025-10-22,93.2,77.3,0.000,61,83.9,0.000,11.1,23.3
10,2025-10-23,90.3,77.5,0.000,58,83.2,0.000,14.8,30.6
10,2025-10-24,91.4,78.2,0.000,58,84.3,0.000,13.4,26.2
10,2025-10-25,92.2,78.2,0.008,63,84.2,0.008,11.9,24.6
10,2025-10-26,93.4,78.6,0.004,59,85.0,0.004,13.6,29.3
10,2025-10-27,91.3,77.1,0.047,64,82.9,0.047,9.9,21.0
10,2025-10-28,90.0,78.2,0.020,68,83.2,0.020,10.9,24.8
10,2025-10-29,94.6,79.1,0.063,67,85.1,0.063,12.8,26.6
10,2025-10-30,83.9,75.5,0.791,85,79.7,0.791,12.4,27.1
10,2025-10-31,88.6,75.5,1.917,86,80.8,1.917,9.4,16.8
10,2025-11-01,86.6,75.6,0.697,90,78.9,0.697,8.0,16.6
10,2025-11-02,87.4,75.4,0.866,88,79.7,0.866,5.3,10.7
10,2025-11-03,87.5,75.3,0.650,86,79.6,0.650,6.5,15.4
10,2025-11-04,85.3,75.1,0.024,78,79.4,0.024,9.0,16.3
10,2025-11-05,85.6,76.8,0.031,78,80.3,0.031,7.7,17.0
10,2025-11-06,88.4,76.8,0.020,79,82.0,0.020,9.1,19.9
10,2025-11-07,86.5,75.8,0.035,84,80.8,0.035,8.5,16.3
10,2025-11-08,88.0,76.3,0.020,80,80.9,0.020,6.0,13.9
10,2025-11-09,90.8,76.4,0.067,82,83.1,0.067,8.2,16.8
10,2025-11-10,88.8,75.9,0.161,87,80.9,0.161,6.7,15.7
10,2025-11-11,92.2,77.3,0.008,78,83.9,0.008,5.1,10.7
10,2025-11-12,92.1,77.0,0.118,82,83.1,0.118,7.4,16.3
10,2025-11-13,90.6,76.6,0.177,82,81.1,0.177,7.9,19.2
10,2025-11-14,91.2,73.8,0.004,60,81.8,0.004,9.5,19.7
10,2025-11-15,88.3,75.0,0.000,56,80.8,0.000,14.7,30.4
10,2025-11-16,90.5,76.5,0.000,61,82.4,0.000,13.7,29.1
10,2025-11-17,88.1,76.6,0.028,71,80.9,0.028,14.1,30.9
10,2025-11-18,87.1,74.8,0.094,67,80.8,0.094,14.1,28.9
10,2025-11-19,85.4,71.6,0.000,56,77.8,0.000,18.1,35.6
10,2025-11-20,81.1,71.9,0.000,56,76.0,0.000,17.0,33.8
10,2025-11-21,81.1,72.0,0.000,52,76.1,0.000,17.8,35.6
10,2025-11-22,86.9,72.5,0.000,52,78.8,0.000,16.5,32.4
10,2025-11-23,88.3,73.1,0.000,56,80.7,0.000,15.2,31.1
10,2025-11-24,91.0,74.4,0.000,55,82.2,0.000,14.8,30.9
10,2025-11-25,86.5,71.7,0.000,51,79.1,0.000,15.3,31.1
10,2025-11-26,85.6,69.8,0.000,52,77.1,0.000,15.4,31.8
10,2025-11-27,83.6,63.3,0.000,48,74.0,0.000,16.5,33.6
10,2025-11-28,81.9,64.0,0.000,43,71.5,0.000,14.6,30.2
10,2025-11-29,84.7,64.4,0.000,53,73.2,0.000,11.4,24.4
10,2025-11-30,87.4,65.6,0.000,58,75.8,0.000,7.9,18.3
10,2025-12-01,89.8,68.4,0.000,60,78.7,0.000,7.0,16.1
10,2025-12-02,91.5,71.1,0.000,63,81.1,0.000,7.1,13.4
10,2025-12-03,93.0,74.4,0.000,59,84.1,0.000,10.6,19.0
10,2025-12-04,90.9,77.0,0.016,58,83.4,0.016,13.4,28.0
10,2025-12-05,88.1,75.8,0.496,79,79.5,0.496,13.3,24.6
10,2025-12-06,91.0,73.5,0.020,61,82.1,0.020,11.0,23.3
10,2025-12-07,92.6,73.6,0.000,56,82.5,0.000,10.8,23.5
10,2025-12-08,89.1,72.2,0.000,50,79.9,0.000,13.1,27.5
10,2025-12-09,87.2,71.7,0.000,53,78.9,0.000,13.2,27.1
10,2025-12-10,88.2,72.4,0.000,55,80.2,0.000,13.6,28.4
10,2025-12-11,80.2,72.5,0.004,78,75.0,0.004,10.2,21.3
10,2025-12-12,85.4,71.6,0.000,79,78.1,0.000,9.3,22.4
10,2025-12-13,88.4,73.8,0.051,81,78.8,0.051,10.5,22.8
10,2025-12-14,88.4,73.9,0.000,62,80.9,0.000,13.8,27.3
10,2025-12-15,88.2,73.6,0.000,62,80.3,0.000,9.5,19.9
10,2025-12-16,90.7,74.7,0.000,61,81.9,0.000,10.8,23.0
10,2025-12-17,90.3,75.1,0.000,60,82.2,0.000,12.4,22.4
10,2025-12-18,88.5,73.6,0.004,61,80.4,0.004,10.9,21.3
10,2025-12-19,90.1,70.5,0.000,59,79.9,0.000,11.7,24.6
10,2025-12-20,91.6,70.6,0.000,51,80.0,0.000,7.8,17.2
10,2025-12-21,88.8,73.4,0.000,58,79.7,0.000,12.6,26.4
10,2025-12-22,90.6,74.2,0.000,65,81.3,0.000,10.6,22.8
10,2025-12-23,90.1,74.2,0.000,65,82.0,0.000,6.0,12.5
10,2025-12-24,92.0,74.6,0.000,62,82.2,0.000,6.8,12.1
10,2025-12-25,92.7,74.7,0.000,51,83.6,0.000,13.2,24.2
10,2025-12-26,88.6,72.8,0.000,57,80.4,0.000,11.9,22.8
10,2025-12-27,88.8,71.7,0.000,58,79.4,0.000,11.8,25.1
10,2025-12-28,89.5,69.0,0.000,57,79.4,0.000,9.1,19.2
10,2025-12-29,89.3,68.3,0.000,59,78.9,0.000,6.3,15.7
10,2025-12-30,88.4,67.6,0.000,63,78.0,0.000,5.2,12.5
10,2025-12-31,88.5,68.2,0.000,66,77.8,0.000,5.2,12.8
