location_id,destination,date,month,max_temp_f,min_temp_f,precipitation_in,avg_humidity_pct,avg_temp_f,rain_in,rainy_day,max_wind_speed_mph,max_wind_gust_mph
0,Bangkok,2025-01-01,January,92.4,72.2,0,49,82.1,0,No,4.3,15
0,Bangkok,2025-01-02,January,92.6,71.5,0,46,82.7,0,No,6.8,18.6
0,Bangkok,2025-01-03,January,92.4,72.8,0,50,82.5,0,No,7.2,19
0,Bangkok,2025-01-04,January,92.9,72.3,0,44,82.6,0,No,4.9,14.8
0,Bangkok,2025-01-05,January,90.4,69.7,0,43,80.5,0,No,6.9,18.1
0,Bangkok,2025-01-06,January,90.4,68.9,0,42,80.2,0,No,4.8,13.9
0,Bangkok,2025-01-07,January,91.8,69.8,0,44,82,0,No,4.3,15.7
0,Bangkok,2025-01-08,January,93.4,73.1,0,43,84.3,0,No,5.4,17.4
0,Bangkok,2025-01-09,January,93,74.3,0,47,83.9,0,No,8.1,23
0,Bangkok,2025-01-10,January,87.9,71.9,0,50,80.9,0,No,9.6,26.4
0,Bangkok,2025-01-11,January,86.2,67,0,47,77.3,0,No,9.2,24.8
0,Bangkok,2025-01-12,January,84.2,65.7,0,46,74.2,0,No,7.1,16.8
0,Bangkok,2025-01-13,January,84.9,65.3,0,43,75.4,0,No,5.4,16.1
0,Bangkok,2025-01-14,January,88.6,65.3,0,42,77.9,0,No,7,16.6
0,Bangkok,2025-01-15,January,94.2,69.1,0,46,83.2,0,No,9.4,24.6
0,Bangkok,2025-01-16,January,91.2,73.8,0,48,82.5,0,No,7.9,19.9
0,Bangkok,2025-01-17,January,90.1,71.6,0,45,81,0,No,8.3,19.9
0,Bangkok,2025-01-18,January,92.8,70.2,0,40,81.5,0,No,6.1,18.8
0,Bangkok,2025-01-19,January,92.4,69.5,0,39,81.7,0,No,5,15.9
0,Bangkok,2025-01-20,January,93.5,70.7,0,42,82,0,No,3.2,12.8
0,Bangkok,2025-01-21,January,93.5,71.9,0,44,82.2,0,No,4.6,15.9
0,Bangkok,2025-01-22,January,94.4,71.8,0,43,82.9,0,No,4.5,15.2
0,Bangkok,2025-01-23,January,95.5,73.3,0,45,83.2,0,No,6.8,18.6
0,Bangkok,2025-01-24,January,96.8,73.2,0,50,83.8,0,No,5.7,17.7
0,Bangkok,2025-01-25,January,96.4,73,0,62,83.5,0,No,7.7,22.1
0,Bangkok,2025-01-26,January,97.4,74.6,0.008,64,84.7,0.008,Yes,8.8,21.5
0,Bangkok,2025-01-27,January,84.9,72.6,0,48,78.5,0,No,11.3,27.7
0,Bangkok,2025-01-28,January,87.3,71.9,0,44,79.4,0,No,7.9,22.8
0,Bangkok,2025-01-29,January,87.4,70.9,0,46,79.7,0,No,7.3,22.1
0,Bangkok,2025-01-30,January,91.8,71.2,0,47,81.4,0,No,5.5,17.9
0,Bangkok,2025-01-31,January,94.6,71.7,0,50,82.7,0,No,7.4,20.8
0,Bangkok,2025-02-01,February,96.2,73.5,0,53,83.8,0,No,9.1,24.6
0,Bangkok,2025-02-02,February,96.2,73.9,0,59,84.4,0,No,7,21
0,Bangkok,2025-02-03,February,95.5,75,0,64,85,0,No,6.8,19.9
0,Bangkok,2025-02-04,February,93.1,76.7,0.039,59,84.5,0.039,Yes,8,21.9
0,Bangkok,2025-02-05,February,94.9,76.1,0,61,83.8,0,No,6.4,19.7
0,Bangkok,2025-02-06,February,93,76.3,0,68,83.7,0,No,7.1,20.4
0,Bangkok,2025-02-07,February,91.2,76.5,0.004,64,84.5,0.004,Yes,5.6,18.6
0,Bangkok,2025-02-08,February,94,75.2,0,45,85.2,0,No,8.4,23.7
0,Bangkok,2025-02-09,February,90.6,72.6,0,44,81.9,0,No,8.7,24.6
0,Bangkok,2025-02-10,February,92.9,72.2,0,44,82.8,0,No,4.1,15.7
0,Bangkok,2025-02-11,February,96.8,73,0,42,85.1,0,No,4.1,13.6
0,Bangkok,2025-02-12,February,99.3,74.4,0,42,86.8,0,No,8,21.5
0,Bangkok,2025-02-13,February,98.2,76.9,0,54,86.8,0,No,9.3,25.1
0,Bangkok,2025-02-14,February,95.1,77,0,66,84.9,0,No,6.6,19.5
0,Bangkok,2025-02-15,February,98.6,77,0,53,86.9,0,No,7.1,20.4
0,Bangkok,2025-02-16,February,99.1,77.5,0,62,86.7,0,No,9.4,25.3
0,Bangkok,2025-02-17,February,89.8,77.4,0.181,74,83.5,0.181,Yes,8.2,20.8
0,Bangkok,2025-02-18,February,89.4,73,0.689,78,81,0.689,Yes,7.2,21.7
0,Bangkok,2025-02-19,February,90.2,73,0.406,82,80.1,0.406,Yes,5.2,20.6
0,Bangkok,2025-02-20,February,90.2,73.9,0.02,74,82.9,0.02,Yes,5.7,15
0,Bangkok,2025-02-21,February,90.3,73.7,0.209,80,81.1,0.209,Yes,8.1,23.3
0,Bangkok,2025-02-22,February,94.6,74.4,0.071,67,84.2,0.071,Yes,7.7,16.3
0,Bangkok,2025-02-23,February,96.6,76.3,0.197,63,85.5,0.197,Yes,8.3,23.5
0,Bangkok,2025-02-24,February,82.2,73.6,0.394,80,77.3,0.394,Yes,6.5,22.4
0,Bangkok,2025-02-25,February,83.9,71.4,0.059,74,76.9,0.059,Yes,8.4,18.6
0,Bangkok,2025-02-26,February,90.8,71.2,0,66,82,0,No,5.5,17.4
0,Bangkok,2025-02-27,February,95,75.3,0.004,62,85.6,0.004,Yes,5.6,17.7
0,Bangkok,2025-02-28,February,97.1,78.3,0.047,67,86.1,0.047,Yes,6.3,20.6
0,Bangkok,2025-03-01,March,94.1,79.6,0.004,73,85.8,0.004,Yes,6.6,19.2
0,Bangkok,2025-03-02,March,96.1,80.7,0,71,86.7,0,No,7.1,20.1
0,Bangkok,2025-03-03,March,94.2,81.3,0,72,86.4,0,No,7.9,23
0,Bangkok,2025-03-04,March,94.5,81,0,68,86.4,0,No,8.2,23.7
0,Bangkok,2025-03-05,March,96.1,80.1,0,72,86.4,0,No,7.1,20.4
0,Bangkok,2025-03-06,March,95,80.6,0,71,86.3,0,No,7.7,21.7
0,Bangkok,2025-03-07,March,92.7,75.5,0.283,79,81,0.283,Yes,9.7,26.8
0,Bangkok,2025-03-08,March,91,74.9,0,69,82,0,No,7.5,20.1
0,Bangkok,2025-03-09,March,93.7,74.8,0,58,85.4,0,No,6,18.3
0,Bangkok,2025-03-10,March,98.1,78.6,0,50,89.9,0,No,7,21
0,Bangkok,2025-03-11,March,98.7,81.1,0.091,64,88,0.091,Yes,6.8,19.2
0,Bangkok,2025-03-12,March,95.5,81.8,0.02,66,87.7,0.02,Yes,7.3,21.3
0,Bangkok,2025-03-13,March,94.5,80.7,0.287,72,85.5,0.287,Yes,7.7,21.9
0,Bangkok,2025-03-14,March,95.3,81.1,0.024,68,87,0.024,Yes,6.9,21
0,Bangkok,2025-03-15,March,95.7,81.6,0.004,68,87.9,0.004,Yes,6,17.7
0,Bangkok,2025-03-16,March,98.1,82,0.012,69,88,0.012,Yes,5.8,19
0,Bangkok,2025-03-17,March,94.6,79.3,0.169,74,85.1,0.169,Yes,7,21
0,Bangkok,2025-03-18,March,94.6,78.9,0.055,63,87.2,0.055,Yes,6.7,22.1
0,Bangkok,2025-03-19,March,94.5,74.4,0,48,84.7,0,No,9.3,25.9
0,Bangkok,2025-03-20,March,92.8,72.8,0,47,82.9,0,No,5.9,16.8
0,Bangkok,2025-03-21,March,92.5,73.1,0,46,83.9,0,No,5.9,18.3
0,Bangkok,2025-03-22,March,97.1,76.1,0,49,86.9,0,No,5.3,18.1
0,Bangkok,2025-03-23,March,100.1,78.1,0,50,88.7,0,No,8.9,23.5
0,Bangkok,2025-03-24,March,98.7,79.9,0.031,62,88.1,0.031,Yes,6.7,21
0,Bangkok,2025-03-25,March,98.1,81.4,0,68,88.1,0,No,7.9,21.3
0,Bangkok,2025-03-26,March,97.5,82.7,0.114,71,87.8,0.114,Yes,7.6,20.6
0,Bangkok,2025-03-27,March,96.8,81.4,0.028,68,87.8,0.028,Yes,7.5,20.1
0,Bangkok,2025-03-28,March,101.4,81.6,0,54,89.2,0,No,8.4,22.6
0,Bangkok,2025-03-29,March,98.2,82.9,0.012,62,89.3,0.012,Yes,8,23.3
0,Bangkok,2025-03-30,March,94.4,75.5,0.626,76,84,0.626,Yes,7.3,20.1
0,Bangkok,2025-03-31,March,88.6,74.7,0.665,85,80.8,0.665,Yes,7,20.4
0,Bangkok,2025-04-01,April,89.8,77.2,0.055,81,83.1,0.055,Yes,4.4,15
0,Bangkok,2025-04-02,April,91.5,78.5,0.091,77,83.8,0.091,Yes,6.8,18.6
0,Bangkok,2025-04-03,April,94.6,79.3,0.008,73,85.2,0.008,Yes,7,17.9
0,Bangkok,2025-04-04,April,92.4,79.9,0.024,70,86.1,0.024,Yes,7.6,20.6
0,Bangkok,2025-04-05,April,93.4,81.1,0.016,70,86.3,0.016,Yes,8.7,24.4
0,Bangkok,2025-04-06,April,95.7,82,0,66,87.5,0,No,7.8,23.3
0,Bangkok,2025-04-07,April,93.5,79.3,0.079,77,84.4,0.079,Yes,8,22.8
0,Bangkok,2025-04-08,April,93.1,80,0.079,77,85.2,0.079,Yes,7.9,22.1
0,Bangkok,2025-04-09,April,92.2,76.6,0.024,75,85,0.024,Yes,7.3,20.6
0,Bangkok,2025-04-10,April,88.3,77.3,0.122,82,83,0.122,Yes,6.4,16.3
0,Bangkok,2025-04-11,April,91.9,77.6,0.224,79,84.1,0.224,Yes,7.6,19
0,Bangkok,2025-04-12,April,94.3,78.6,0.031,66,87.2,0.031,Yes,8.1,23
0,Bangkok,2025-04-13,April,97.5,76,0.173,66,88.2,0.173,Yes,7,23
0,Bangkok,2025-04-14,April,90,77.8,0.335,80,82.6,0.335,Yes,6.6,19.2
0,Bangkok,2025-04-15,April,96.7,78.9,0.24,76,84.7,0.24,Yes,7.9,25.7
0,Bangkok,2025-04-16,April,87,79.2,0.547,86,82.6,0.547,Yes,5.2,15.4
0,Bangkok,2025-04-17,April,93.7,78.2,0.118,77,84.8,0.118,Yes,6.8,17.2
0,Bangkok,2025-04-18,April,94.5,79.3,0.224,74,85.6,0.224,Yes,6.7,20.8
0,Bangkok,2025-04-19,April,96.3,79.8,0.157,71,87.3,0.157,Yes,7,22.4
0,Bangkok,2025-04-20,April,96.6,83.7,0.008,63,89.2,0.008,Yes,8.9,25.1
0,Bangkok,2025-04-21,April,97.8,82.9,0,60,89.6,0,No,7.7,23
0,Bangkok,2025-04-22,April,97.3,82.7,0,62,89.5,0,No,9.2,25.1
0,Bangkok,2025-04-23,April,100.1,83.8,0.028,62,89.5,0.028,Yes,7.5,23.9
0,Bangkok,2025-04-24,April,96.6,83.3,0,64,89.5,0,No,9.2,22.8
0,Bangkok,2025-04-25,April,101.7,84.5,0.004,61,91,0.004,Yes,8.9,21.7
0,Bangkok,2025-04-26,April,95.9,84.5,0.094,68,88.3,0.094,Yes,10.1,28.4
0,Bangkok,2025-04-27,April,90.9,80,0.354,78,84.1,0.354,Yes,8.7,23.3
0,Bangkok,2025-04-28,April,95.3,78.8,0.031,69,86.6,0.031,Yes,7.4,22.4
0,Bangkok,2025-04-29,April,93.9,79.7,0.071,64,87,0.071,Yes,5.7,14.3
0,Bangkok,2025-04-30,April,100.3,75.8,1.287,68,87.3,1.287,Yes,8.4,24.2
0,Bangkok,2025-05-01,May,92.7,77.9,0.157,78,85.5,0.157,Yes,4.5,13
0,Bangkok,2025-05-02,May,93.2,77.9,0.161,80,84.5,0.161,Yes,5.3,14.3
0,Bangkok,2025-05-03,May,88.8,78.4,0.043,84,82.7,0.043,Yes,4.9,12.8
0,Bangkok,2025-05-04,May,91.6,80.9,0.063,78,85.1,0.063,Yes,4.6,13.2
0,Bangkok,2025-05-05,May,91.8,80.6,0.004,77,85.7,0.004,Yes,7.1,17.9
0,Bangkok,2025-05-06,May,89.4,79.8,0.264,83,84,0.264,Yes,6.9,19
0,Bangkok,2025-05-07,May,90.1,80.9,0.114,79,85,0.114,Yes,7.1,19
0,Bangkok,2025-05-08,May,95.5,81.3,0.134,77,86.7,0.134,Yes,7.6,18.3
0,Bangkok,2025-05-09,May,94.9,81.5,0.193,74,87.7,0.193,Yes,6.2,13.9
0,Bangkok,2025-05-10,May,96.4,77,1.22,81,83.5,1.22,Yes,5.6,17.4
0,Bangkok,2025-05-11,May,88.9,75.7,0.394,86,81.9,0.394,Yes,6,17
0,Bangkok,2025-05-12,May,89.3,75.7,0.406,86,80.6,0.406,Yes,6.3,19.5
0,Bangkok,2025-05-13,May,86.6,75.7,0.626,85,81.2,0.626,Yes,5.1,14.8
0,Bangkok,2025-05-14,May,87.1,77.1,0.571,87,81.1,0.571,Yes,9,22.4
0,Bangkok,2025-05-15,May,87.4,76.7,0.228,87,81.4,0.228,Yes,5.6,15.9
0,Bangkok,2025-05-16,May,89.4,78.4,0.496,88,82.6,0.496,Yes,4.6,18.1
0,Bangkok,2025-05-17,May,88.8,78.3,0.815,88,82.3,0.815,Yes,6.4,18.1
0,Bangkok,2025-05-18,May,90.8,79.2,0.004,82,84.5,0.004,Yes,4.9,12.8
0,Bangkok,2025-05-19,May,89.3,80.6,0.071,83,84.4,0.071,Yes,6.5,18.6
0,Bangkok,2025-05-20,May,90.2,81.3,0.024,78,85.3,0.024,Yes,4.7,12.8
0,Bangkok,2025-05-21,May,87.7,79.7,0.276,85,83.6,0.276,Yes,7,17.9
0,Bangkok,2025-05-22,May,90.9,80.2,0.134,79,85,0.134,Yes,6.2,15.9
0,Bangkok,2025-05-23,May,93.8,78.9,0.142,78,84.9,0.142,Yes,7.5,17.7
0,Bangkok,2025-05-24,May,91,76.3,0.39,82,83,0.39,Yes,7.3,19.9
0,Bangkok,2025-05-25,May,88.4,77.5,0.528,86,81.8,0.528,Yes,8.3,19.5
0,Bangkok,2025-05-26,May,86.5,78.4,0.417,87,81.1,0.417,Yes,8.9,20.4
0,Bangkok,2025-05-27,May,85.6,79,0.079,86,82.1,0.079,Yes,6.7,18.3
0,Bangkok,2025-05-28,May,90.1,80.2,0.102,82,84.4,0.102,Yes,5.7,15.4
0,Bangkok,2025-05-29,May,88.5,81.5,0.157,83,84.1,0.157,Yes,6.5,19.2
0,Bangkok,2025-05-30,May,87.8,80.8,0.646,85,83,0.646,Yes,9.6,21.5
0,Bangkok,2025-05-31,May,87.4,78.4,0.287,86,82.3,0.287,Yes,9.2,24.8
0,Bangkok,2025-06-01,June,89.3,80.1,0.646,80,83.5,0.646,Yes,7.8,23
0,Bangkok,2025-06-02,June,89.1,78.4,0.335,83,83,0.335,Yes,8.6,23.5
0,Bangkok,2025-06-03,June,88.3,78.4,0,81,82.9,0,No,7.9,20.1
0,Bangkok,2025-06-04,June,92.8,79,0.252,79,84.3,0.252,Yes,6.9,20.4
0,Bangkok,2025-06-05,June,93.7,79.6,0.142,76,84.7,0.142,Yes,7,18.3
0,Bangkok,2025-06-06,June,93.3,79.5,0.016,76,85.7,0.016,Yes,6.1,17.2
0,Bangkok,2025-06-07,June,93.7,78.3,0.319,78,84.6,0.319,Yes,9.2,21.5
0,Bangkok,2025-06-08,June,90.9,79.7,0.043,78,85.3,0.043,Yes,7.2,18.1
0,Bangkok,2025-06-09,June,90.7,78.8,0.079,79,83.8,0.079,Yes,8,22.8
0,Bangkok,2025-06-10,June,91.1,78.3,0.028,75,84.4,0.028,Yes,7.7,18.8
0,Bangkok,2025-06-11,June,91.5,78.1,0.083,77,83.9,0.083,Yes,5.3,19.9
0,Bangkok,2025-06-12,June,91.6,78,0.236,81,82.7,0.236,Yes,9.2,24.6
0,Bangkok,2025-06-13,June,86.1,79.4,0.193,85,81.8,0.193,Yes,7.6,23.9
0,Bangkok,2025-06-14,June,87.4,78.5,0.52,86,81.7,0.52,Yes,9.5,27.1
0,Bangkok,2025-06-15,June,88,77.6,0.059,82,82.4,0.059,Yes,7.6,18.1
0,Bangkok,2025-06-16,June,90.7,77.4,0.051,77,83.6,0.051,Yes,7,18.3
0,Bangkok,2025-06-17,June,91.7,77.5,0.189,77,84.1,0.189,Yes,6,18.6
0,Bangkok,2025-06-18,June,92.2,78.4,0.11,76,84,0.11,Yes,5.5,18.1
0,Bangkok,2025-06-19,June,90.4,77.5,0.539,81,82.7,0.539,Yes,6.9,17.7
0,Bangkok,2025-06-20,June,89,78.1,0.071,77,83,0.071,Yes,6.6,21.5
0,Bangkok,2025-06-21,June,91.3,77.8,0.827,80,83.2,0.827,Yes,6.3,19.2
0,Bangkok,2025-06-22,June,90.1,77.5,0.205,76,83.4,0.205,Yes,8.9,23.9
0,Bangkok,2025-06-23,June,90.5,77.9,0.217,79,82.8,0.217,Yes,8.9,24.6
0,Bangkok,2025-06-24,June,87.5,78.2,0.071,78,82.7,0.071,Yes,7.1,18.6
0,Bangkok,2025-06-25,June,89.7,78,0.217,81,83.1,0.217,Yes,6.5,19.2
0,Bangkok,2025-06-26,June,90.5,75.7,0.26,74,83.1,0.26,Yes,7.6,19.5
0,Bangkok,2025-06-27,June,88.7,76.1,0.528,81,81.3,0.528,Yes,6.6,21.5
0,Bangkok,2025-06-28,June,85.2,77.2,0.386,85,80.4,0.386,Yes,5.9,19.2
0,Bangkok,2025-06-29,June,86.7,76.2,0.528,85,80.5,0.528,Yes,5.8,22.1
0,Bangkok,2025-06-30,June,85.5,78.3,0.118,82,81.1,0.118,Yes,7.6,20.4
0,Bangkok,2025-07-01,July,88,76.6,0.791,85,80.9,0.791,Yes,6.2,20.4
0,Bangkok,2025-07-02,July,82.9,76.9,0.406,89,79.2,0.406,Yes,7.6,17.4
0,Bangkok,2025-07-03,July,87.2,76.4,0.657,85,80.3,0.657,Yes,6.4,17
0,Bangkok,2025-07-04,July,88.8,77.8,0.409,80,82,0.409,Yes,6.7,22.1
0,Bangkok,2025-07-05,July,90.3,76.8,0.189,80,81.7,0.189,Yes,8.7,23.3
0,Bangkok,2025-07-06,July,88.4,78.6,0.126,81,82.3,0.126,Yes,5.8,21.5
0,Bangkok,2025-07-07,July,87.2,78,0.185,83,82.5,0.185,Yes,7.1,23
0,Bangkok,2025-07-08,July,85.8,77.1,0.472,89,80.7,0.472,Yes,7.5,23.3
0,Bangkok,2025-07-09,July,87.1,77.2,0.138,82,82.4,0.138,Yes,6.6,20.1
0,Bangkok,2025-07-10,July,89.3,77.4,0.098,79,82.8,0.098,Yes,8.7,25.3
0,Bangkok,2025-07-11,July,87.6,77.5,0.067,77,82.5,0.067,Yes,8.9,25.1
0,Bangkok,2025-07-12,July,90.9,78.4,0.437,78,83.2,0.437,Yes,6.3,21.7
0,Bangkok,2025-07-13,July,91.2,78.4,0.657,83,83.6,0.657,Yes,4.9,18.8
0,Bangkok,2025-07-14,July,89.4,79,0.071,83,83.3,0.071,Yes,6.9,18.6
0,Bangkok,2025-07-15,July,89.2,79,0.295,83,83.7,0.295,Yes,6.9,16.3
0,Bangkok,2025-07-16,July,87.4,77.5,0.177,85,81.7,0.177,Yes,8.4,19.5
0,Bangkok,2025-07-17,July,88.1,78.6,0.283,86,81.6,0.283,Yes,6.1,16.1
0,Bangkok,2025-07-18,July,86.3,78.1,0.094,82,82,0.094,Yes,7.8,21.7
0,Bangkok,2025-07-19,July,88.6,78.3,0.508,84,81.7,0.508,Yes,7.8,23
0,Bangkok,2025-07-20,July,87.4,77.8,0.303,86,80.5,0.303,Yes,8,26.2
0,Bangkok,2025-07-21,July,85.3,77.5,0.118,85,80.7,0.118,Yes,8.3,28.9
0,Bangkok,2025-07-22,July,84.7,78.6,0.299,86,80.4,0.299,Yes,9.2,23.7
0,Bangkok,2025-07-23,July,86.2,79.9,0.083,82,82.1,0.083,Yes,7.9,29.1
0,Bangkok,2025-07-24,July,88.7,79,0.004,79,83.4,0.004,Yes,8.2,23.7
0,Bangkok,2025-07-25,July,90.3,78.7,0.051,75,84.3,0.051,Yes,9.4,23.9
0,Bangkok,2025-07-26,July,89.9,77.6,0.177,79,83.3,0.177,Yes,8.6,25.5
0,Bangkok,2025-07-27,July,86.5,79.2,0.055,84,82.4,0.055,Yes,6.2,19
0,Bangkok,2025-07-28,July,85.4,79.3,0.807,85,82.2,0.807,Yes,7.7,25.3
0,Bangkok,2025-07-29,July,87.4,79.2,0.244,83,82.7,0.244,Yes,8.5,25.3
0,Bangkok,2025-07-30,July,90,77.3,0.224,83,81.6,0.224,Yes,8.1,21.3
0,Bangkok,2025-07-31,July,90.8,77.7,0.114,77,83.9,0.114,Yes,7,21.9
0,Bangkok,2025-08-01,August,91.7,78,0.031,76,84.5,0.031,Yes,7.5,20.8
0,Bangkok,2025-08-02,August,92.1,78.8,0,75,85.4,0,No,6.7,17.2
0,Bangkok,2025-08-03,August,93.6,78.7,0,74,85.8,0,No,8.3,20.1
0,Bangkok,2025-08-04,August,95.4,80.1,0,70,87.2,0,No,7.4,18.3
0,Bangkok,2025-08-05,August,95.5,80.5,0.008,67,87.7,0.008,Yes,6.3,20.8
0,Bangkok,2025-08-06,August,95.9,79,0.374,76,84.4,0.374,Yes,7.9,21.5
0,Bangkok,2025-08-07,August,91.7,79.1,0.016,77,84.7,0.016,Yes,8.8,24.2
0,Bangkok,2025-08-08,August,90.1,78.9,0.11,76,83.8,0.11,Yes,10.2,20.6
0,Bangkok,2025-08-09,August,94.4,78.6,0.067,72,84.9,0.067,Yes,9.6,27.1
0,Bangkok,2025-08-10,August,93.2,79.6,0.024,67,85.7,0.024,Yes,9.1,27.1
0,Bangkok,2025-08-11,August,87.9,77.3,0.417,80,82,0.417,Yes,7,21.3
0,Bangkok,2025-08-12,August,89.3,77.2,0.043,78,83.1,0.043,Yes,7.7,20.6
0,Bangkok,2025-08-13,August,89,76,0.193,77,82.3,0.193,Yes,6.2,17.2
0,Bangkok,2025-08-14,August,91.7,76.9,0.122,76,83.1,0.122,Yes,7.4,20.1
0,Bangkok,2025-08-15,August,89.2,77.5,0.575,81,82,0.575,Yes,9.5,21.7
0,Bangkok,2025-08-16,August,84.7,75.5,0.307,86,79.5,0.307,Yes,6.8,18.8
0,Bangkok,2025-08-17,August,83.8,75.3,0.047,80,79.8,0.047,Yes,5.8,12.1
0,Bangkok,2025-08-18,August,89.9,76.9,0.205,82,80.9,0.205,Yes,6.8,18.1
0,Bangkok,2025-08-19,August,85.8,76.3,0.291,85,80.9,0.291,Yes,5.1,18.6
0,Bangkok,2025-08-20,August,91.7,77.5,0.039,78,83.1,0.039,Yes,8.1,20.1
0,Bangkok,2025-08-21,August,92.3,75.8,0.528,81,82.3,0.528,Yes,8.5,19.7
0,Bangkok,2025-08-22,August,85.9,76.6,0.744,88,79.6,0.744,Yes,8,21
0,Bangkok,2025-08-23,August,88.3,75.8,0.728,84,80,0.728,Yes,8,21.7
0,Bangkok,2025-08-24,August,87.7,76.5,0.524,84,80.4,0.524,Yes,6,20.1
0,Bangkok,2025-08-25,August,87.4,76.6,0.469,84,80.7,0.469,Yes,7.6,21.9
0,Bangkok,2025-08-26,August,86.2,76.8,0.657,84,80.2,0.657,Yes,8.4,24.4
0,Bangkok,2025-08-27,August,86.3,76.4,0.079,81,80.5,0.079,Yes,6,22.8
0,Bangkok,2025-08-28,August,88.8,77,0.059,76,82.3,0.059,Yes,9,25.1
0,Bangkok,2025-08-29,August,91.6,77.9,0,71,84.1,0,No,8.4,22.8
0,Bangkok,2025-08-30,August,92,77.5,0.059,76,83.6,0.059,Yes,8.4,21.9
0,Bangkok,2025-08-31,August,87.3,75.6,0.528,88,80.1,0.528,Yes,6.3,20.6
0,Bangkok,2025-09-01,September,88,77.2,0.311,83,82.1,0.311,Yes,7.4,15.7
0,Bangkok,2025-09-02,September,87.3,78.4,0.13,82,82.2,0.13,Yes,4.8,16.1
0,Bangkok,2025-09-03,September,87.5,76.9,0.102,83,81,0.102,Yes,6,16.1
0,Bangkok,2025-09-04,September,86.9,76.6,0.52,88,80.5,0.52,Yes,6.3,14.5
0,Bangkok,2025-09-05,September,90.1,77.7,0.098,83,81.9,0.098,Yes,5.7,15.9
0,Bangkok,2025-09-06,September,88.8,76.3,0.728,88,81.1,0.728,Yes,4.4,16.8
0,Bangkok,2025-09-07,September,87.8,76.3,0.969,88,80.7,0.969,Yes,5.9,16.8
0,Bangkok,2025-09-08,September,84.6,77.4,0.768,88,79.8,0.768,Yes,7.5,21
0,Bangkok,2025-09-09,September,85.5,75.9,0.677,87,80.2,0.677,Yes,9.8,24.2
0,Bangkok,2025-09-10,September,83.6,76.8,0.118,88,79.7,0.118,Yes,7.1,16.1
0,Bangkok,2025-09-11,September,88.5,78.2,0.043,83,82.9,0.043,Yes,4.5,14.5
0,Bangkok,2025-09-12,September,89.7,77.1,0.398,86,82.4,0.398,Yes,4.9,13.6
0,Bangkok,2025-09-13,September,91.7,75.6,0.142,83,82.4,0.142,Yes,4.9,15
0,Bangkok,2025-09-14,September,86.4,76.5,0.091,85,81,0.091,Yes,5.6,16.1
0,Bangkok,2025-09-15,September,87.9,76.3,0.161,84,81.2,0.161,Yes,7.6,19.5
0,Bangkok,2025-09-16,September,88.7,77.8,0.016,84,81.8,0.016,Yes,5.4,13.4
0,Bangkok,2025-09-17,September,89.3,76.8,0.543,86,81.4,0.543,Yes,6,18.3
0,Bangkok,2025-09-18,September,89.2,77.1,0.283,84,81.4,0.283,Yes,6.4,17.7
0,Bangkok,2025-09-19,September,85.4,78.3,0.307,85,80.9,0.307,Yes,9,19.9
0,Bangkok,2025-09-20,September,87,78.9,0.173,81,82.6,0.173,Yes,8.2,23.3
0,Bangkok,2025-09-21,September,87.6,77.2,0.677,80,82.2,0.677,Yes,6.8,22.1
0,Bangkok,2025-09-22,September,89.1,78.4,0.098,77,83.2,0.098,Yes,6.4,21.7
0,Bangkok,2025-09-23,September,87.2,78.8,0.106,82,82.1,0.106,Yes,6.9,22.1
0,Bangkok,2025-09-24,September,86,78,0.165,82,81.4,0.165,Yes,7.1,23.5
0,Bangkok,2025-09-25,September,87.6,78.3,0.236,82,81.9,0.236,Yes,6.4,21.7
0,Bangkok,2025-09-26,September,85.8,75.9,0.807,87,80.1,0.807,Yes,6.4,18.6
0,Bangkok,2025-09-27,September,85.7,75.6,0.61,90,78.8,0.61,Yes,5.9,19
0,Bangkok,2025-09-28,September,89.2,76.6,0.15,82,81.8,0.15,Yes,5.2,13
0,Bangkok,2025-09-29,September,89.2,77.5,0.244,81,82.2,0.244,Yes,8.3,22.6
0,Bangkok,2025-09-30,September,84.6,76.4,0.717,88,79.6,0.717,Yes,9.4,23
0,Bangkok,2025-10-01,October,88,77.4,0.035,84,82.1,0.035,Yes,6,16.1
0,Bangkok,2025-10-02,October,91,76.2,0.126,81,83,0.126,Yes,3.2,10.3
0,Bangkok,2025-10-03,October,89.8,75.7,0.839,82,82.3,0.839,Yes,4.7,13.2
0,Bangkok,2025-10-04,October,87,76.9,0.059,85,81.3,0.059,Yes,3.6,12.5
0,Bangkok,2025-10-05,October,87.6,76.4,0.094,84,81.6,0.094,Yes,8.4,19.7
0,Bangkok,2025-10-06,October,91,78.4,0.016,81,82.8,0.016,Yes,6.2,18.8
0,Bangkok,2025-10-07,October,89.9,76.9,0.476,85,81.5,0.476,Yes,9.2,22.1
0,Bangkok,2025-10-08,October,89.1,75.7,0.571,84,81.2,0.571,Yes,6.2,18.6
0,Bangkok,2025-10-09,October,88.3,76.9,0.035,85,81.7,0.035,Yes,6.1,16.8
0,Bangkok,2025-10-10,October,90.5,77.7,0.236,85,82.1,0.236,Yes,8.8,22.6
0,Bangkok,2025-10-11,October,88.4,76.7,0.453,86,81.3,0.453,Yes,4.5,14.3
0,Bangkok,2025-10-12,October,90,77.5,0.311,87,81,0.311,Yes,6.3,18.1
0,Bangkok,2025-10-13,October,89.3,75.8,1.657,87,80.4,1.657,Yes,5.1,13.2
0,Bangkok,2025-10-14,October,84.4,76.6,0.291,89,79.8,0.291,Yes,3.9,13
0,Bangkok,2025-10-15,October,87.5,76.9,0.13,86,81.3,0.13,Yes,4,14.3
0,Bangkok,2025-10-16,October,90.6,77.7,0.028,82,82.7,0.028,Yes,6,17
0,Bangkok,2025-10-17,October,91,75.8,0.154,81,83.1,0.154,Yes,9.7,21.7
0,Bangkok,2025-10-18,October,91.7,76,0.185,84,82.5,0.185,Yes,8.2,21.7
0,Bangkok,2025-10-19,October,90.2,74.5,0.343,81,82.3,0.343,Yes,7.1,23.7
0,Bangkok,2025-10-20,October,90.4,75.4,0.276,83,82.3,0.276,Yes,4.2,15.9
0,Bangkok,2025-10-21,October,90.8,77.1,0,74,83.9,0,No,4.3,15.9
0,Bangkok,2025-10-22,October,88.1,75.9,0.012,74,82.1,0.012,Yes,5.8,18.8
0,Bangkok,2025-10-23,October,87.2,74.6,0,73,80.9,0,No,8.2,21.7
0,Bangkok,2025-10-24,October,88.5,76.2,0.008,72,82.1,0.008,Yes,6.3,18.6
0,Bangkok,2025-10-25,October,89.5,77.8,0.035,74,82.6,0.035,Yes,5.6,19.7
0,Bangkok,2025-10-26,October,91,76.7,0.004,66,83.7,0.004,Yes,9.1,26.2
0,Bangkok,2025-10-27,October,88.6,77.5,0.012,70,82.5,0.012,Yes,4.8,19.5
0,Bangkok,2025-10-28,October,86.6,79.4,0.031,70,83.1,0.031,Yes,7.4,19
0,Bangkok,2025-10-29,October,89.4,78.4,0.087,72,83.4,0.087,Yes,7.9,21.5
0,Bangkok,2025-10-30,October,85.7,76.7,0.327,86,79.7,0.327,Yes,7,20.6
0,Bangkok,2025-10-31,October,89.3,75.7,0.685,84,81,0.685,Yes,5.9,16.1
0,Bangkok,2025-11-01,November,84.5,76.4,1.976,93,78.5,1.976,Yes,5.2,14.1
0,Bangkok,2025-11-02,November,86.6,75.4,1.291,92,78.7,1.291,Yes,6.2,15.9
0,Bangkok,2025-11-03,November,85.3,75.2,0.197,87,79.1,0.197,Yes,5.9,12.5
0,Bangkok,2025-11-04,November,85,75.7,0.024,85,79.9,0.024,Yes,3.1,11.4
0,Bangkok,2025-11-05,November,84.7,75.8,0.012,81,80.2,0.012,Yes,3.3,10.7
0,Bangkok,2025-11-06,November,87.6,77.5,0.051,80,81.7,0.051,Yes,5.6,12.5
0,Bangkok,2025-11-07,November,86.1,76,0.154,84,81.3,0.154,Yes,5.6,14.8
0,Bangkok,2025-11-08,November,85.9,76.9,0.138,88,80.7,0.138,Yes,3.3,12.1
0,Bangkok,2025-11-09,November,91,75.4,0.413,82,82.9,0.413,Yes,5.6,12.5
0,Bangkok,2025-11-10,November,88.1,77,0.028,87,80.8,0.028,Yes,5.2,15
0,Bangkok,2025-11-11,November,93.4,79.2,0.016,77,85.2,0.016,Yes,3.5,12.3
0,Bangkok,2025-11-12,November,92.9,76.2,0.76,78,83.2,0.76,Yes,5.8,19.2
0,Bangkok,2025-11-13,November,87.4,76.1,0.386,88,80.1,0.386,Yes,6.2,13.2
0,Bangkok,2025-11-14,November,88.5,72.9,0.004,70,80.7,0.004,Yes,7.3,15.2
0,Bangkok,2025-11-15,November,85.4,72.5,0,68,78.6,0,No,8.2,22.4
0,Bangkok,2025-11-16,November,86.9,73.8,0.008,71,80.5,0.008,Yes,6.5,17.9
0,Bangkok,2025-11-17,November,86.3,75.5,0.291,82,78.9,0.291,Yes,8.5,24.2
0,Bangkok,2025-11-18,November,86,74.1,0.567,81,78.4,0.567,Yes,6.9,22.6
0,Bangkok,2025-11-19,November,82.4,69.5,0,70,76,0,No,8.7,21
0,Bangkok,2025-11-20,November,78.1,69.7,0,69,73.6,0,No,7.8,19
0,Bangkok,2025-11-21,November,78.4,69.6,0,65,73.7,0,No,8.2,19.5
0,Bangkok,2025-11-22,November,84.9,70.3,0,64,76.7,0,No,6.7,17.2
0,Bangkok,2025-11-23,November,87,71.6,0,64,79.3,0,No,7.9,20.4
0,Bangkok,2025-11-24,November,88.3,73.3,0,64,80.6,0,No,8.2,19
0,Bangkok,2025-11-25,November,85.6,69.1,0,62,77.9,0,No,6.6,16.6
0,Bangkok,2025-11-26,November,86.4,68.9,0,56,77.6,0,No,8.8,21.9
0,Bangkok,2025-11-27,November,84.5,64.2,0,50,75.1,0,No,9,19.9
0,Bangkok,2025-11-28,November,82.7,63.5,0,43,72.8,0,No,7.8,21.7
0,Bangkok,2025-11-29,November,85.8,65.1,0,50,75.2,0,No,6.8,17.7
0,Bangkok,2025-11-30,November,88.6,67.1,0,52,78.2,0,No,6,18.3
0,Bangkok,2025-12-01,December,91.7,70.2,0,55,80.9,0,No,5.6,17
0,Bangkok,2025-12-02,December,94.5,73.1,0,57,83.3,0,No,4.9,15.2
0,Bangkok,2025-12-03,December,95.2,75.9,0.004,56,86.2,0.004,Yes,6.1,17.4
0,Bangkok,2025-12-04,December,91.2,77.7,0.028,59,84.7,0.028,Yes,6.9,20.4
0,Bangkok,2025-12-05,December,88.3,74.4,0.205,80,79.6,0.205,Yes,8.4,23.5
0,Bangkok,2025-12-06,December,86.5,74.3,0,75,80.7,0,No,5.2,15
0,Bangkok,2025-12-07,December,88.4,72.7,0,69,80.7,0,No,4.9,12.3
0,Bangkok,2025-12-08,December,85.6,72,0,62,78.1,0,No,8.9,22.8
0,Bangkok,2025-12-09,December,85.6,70,0,66,77.3,0,No,5.9,16.6
0,Bangkok,2025-12-10,December,88.9,70.3,0,64,79.2,0,No,9.4,22.8
0,Bangkok,2025-12-11,December,80.2,73,0.012,78,75.3,0.012,Yes,6.9,17
0,Bangkok,2025-12-12,December,83.9,73.3,0.004,78,78.3,0.004,Yes,6.8,15.7
0,Bangkok,2025-12-13,December,89.2,74.8,0.094,78,80,0.094,Yes,7.4,19
0,Bangkok,2025-12-14,December,88.6,74.4,0.004,70,81.3,0.004,Yes,5.7,16.1
0,Bangkok,2025-12-15,December,89.8,74,0,64,81.9,0,No,5.8,15.9
0,Bangkok,2025-12-16,December,92.6,74.4,0,61,83.1,0,No,4.9,14.3
0,Bangkok,2025-12-17,December,91.6,75.7,0,63,83.3,0,No,5.4,15.7
0,Bangkok,2025-12-18,December,89,73,0.008,65,81.8,0.008,Yes,6.1,18.6
0,Bangkok,2025-12-19,December,91,73.4,0,59,81.7,0,No,5.8,17
0,Bangkok,2025-12-20,December,93.3,73.7,0,46,83.3,0,No,5.7,16.3
0,Bangkok,2025-12-21,December,91.2,74.3,0,48,82.1,0,No,6.1,17.7
0,Bangkok,2025-12-22,December,92.6,74.8,0.004,57,84.4,0.004,Yes,5.1,18.3
0,Bangkok,2025-12-23,December,91.9,75.9,0,62,84,0,No,4.5,14.8
0,Bangkok,2025-12-24,December,92.9,76,0,56,84.5,0,No,4.8,15
0,Bangkok,2025-12-25,December,94.6,76.6,0,50,85.7,0,No,5.9,17.9
0,Bangkok,2025-12-26,December,89.5,74.9,0,58,82.5,0,No,7.8,21.9
0,Bangkok,2025-12-27,December,90.5,73.9,0,56,82.3,0,No,6,15.2
0,Bangkok,2025-12-28,December,91.4,74.2,0,54,82.8,0,No,6.4,17.4
0,Bangkok,2025-12-29,December,92,72.6,0,53,82.6,0,No,8.4,22.1
0,Bangkok,2025-12-30,December,93.1,73.2,0,50,82.8,0,No,3.8,14.3
0,Bangkok,2025-12-31,December,92.2,73,0,54,82.5,0,No,5.9,17.9
1,Chiang Mai,2025-01-01,January,80.3,62.7,0,74,71.4,0,No,3.8,12.3
1,Chiang Mai,2025-01-02,January,81.1,62.3,0,72,71,0,No,4,12.8
1,Chiang Mai,2025-01-03,January,80.6,62.2,0,71,71.2,0,No,3.2,9.4
1,Chiang Mai,2025-01-04,January,79.1,61.6,0,69,69.7,0,No,4.7,11.6
1,Chiang Mai,2025-01-05,January,78.8,58.7,0,70,68.5,0,No,3.8,11.9
1,Chiang Mai,2025-01-06,January,78.4,58.3,0,69,67.9,0,No,4.3,13.4
1,Chiang Mai,2025-01-07,January,78,59.4,0,67,67.7,0,No,3.9,12.5
1,Chiang Mai,2025-01-08,January,78.9,59.6,0,74,69.3,0,No,4.6,13
1,Chiang Mai,2025-01-09,January,79.1,62.7,0,72,71.3,0,No,4.3,13
1,Chiang Mai,2025-01-10,January,79.9,62.1,0,67,71.7,0,No,4.2,11.9
1,Chiang Mai,2025-01-11,January,79,59.5,0.012,70,69.5,0.012,Yes,8.1,18.8
1,Chiang Mai,2025-01-12,January,73.8,53.9,0,65,64,0,No,7,17.2
1,Chiang Mai,2025-01-13,January,73.9,53.2,0,69,63.6,0,No,3.8,11.9
1,Chiang Mai,2025-01-14,January,77.3,55.3,0,70,65.5,0,No,3.7,10.1
1,Chiang Mai,2025-01-15,January,78.9,55.6,0,68,67.3,0,No,5.6,11
1,Chiang Mai,2025-01-16,January,79.9,58.6,0,69,68.4,0,No,5,11.2
1,Chiang Mai,2025-01-17,January,79.9,58.4,0,68,68.6,0,No,4.6,12.1
1,Chiang Mai,2025-01-18,January,80.2,59.5,0,68,69.3,0,No,4.3,13
1,Chiang Mai,2025-01-19,January,80.4,59.2,0,64,69.8,0,No,4.9,14.5
1,Chiang Mai,2025-01-20,January,80.2,61.3,0,67,70.3,0,No,4,13
1,Chiang Mai,2025-01-21,January,80.7,61.5,0,70,70.5,0,No,4.6,13.9
1,Chiang Mai,2025-01-22,January,81.2,61.3,0,66,70.4,0,No,3.3,11.6
1,Chiang Mai,2025-01-23,January,82.5,61.3,0,70,70.9,0,No,3.6,12.3
1,Chiang Mai,2025-01-24,January,82.7,60.3,0,69,71.1,0,No,4.1,12.8
1,Chiang Mai,2025-01-25,January,83.3,58.8,0,71,71,0,No,3.6,11.4
1,Chiang Mai,2025-01-26,January,83.9,62.5,0,66,72.5,0,No,4.4,13.2
1,Chiang Mai,2025-01-27,January,72.1,59.5,0.055,81,66.7,0.055,Yes,8.9,20.6
1,Chiang Mai,2025-01-28,January,77.5,59.7,0,70,68.1,0,No,7.9,19.2
1,Chiang Mai,2025-01-29,January,78.9,60.2,0,70,69.2,0,No,6,16.3
1,Chiang Mai,2025-01-30,January,80.4,61.2,0,68,71.2,0,No,5.1,14.5
1,Chiang Mai,2025-01-31,January,81.9,61.4,0,73,72.2,0,No,5,15.4
1,Chiang Mai,2025-02-01,February,85.2,61.4,0,66,72.3,0,No,4.7,13.2
1,Chiang Mai,2025-02-02,February,84.7,62.5,0,65,72.2,0,No,4,11.6
1,Chiang Mai,2025-02-03,February,86.8,63,0,56,74.3,0,No,4.3,12.1
1,Chiang Mai,2025-02-04,February,85,64.7,0,63,75,0,No,6.8,17.9
1,Chiang Mai,2025-02-05,February,86.5,64.5,0,67,75.1,0,No,6.4,17.7
1,Chiang Mai,2025-02-06,February,84.2,64,0,63,73.4,0,No,4.1,12.8
1,Chiang Mai,2025-02-07,February,87.1,64.2,0,60,75.8,0,No,4.8,14.3
1,Chiang Mai,2025-02-08,February,85.3,68.7,0.035,65,76.8,0.035,Yes,7.5,19.5
1,Chiang Mai,2025-02-09,February,83.6,65.6,0,62,75,0,No,6.8,17.7
1,Chiang Mai,2025-02-10,February,83.5,65,0,65,73.9,0,No,4.2,14.3
1,Chiang Mai,2025-02-11,February,85.6,65.8,0,64,75.2,0,No,5.7,16.3
1,Chiang Mai,2025-02-12,February,86.3,65.3,0,61,75.5,0,No,4.7,13.6
1,Chiang Mai,2025-02-13,February,87.4,65.2,0,54,75,0,No,4.5,14.1
1,Chiang Mai,2025-02-14,February,87.7,62.3,0,51,73.4,0,No,3.8,12.5
1,Chiang Mai,2025-02-15,February,85.5,60.8,0,54,73.4,0,No,4.7,14.8
1,Chiang Mai,2025-02-16,February,87.4,63.2,0,54,74.2,0,No,4.7,13.9
1,Chiang Mai,2025-02-17,February,89.1,64.1,0,51,76.1,0,No,5.9,15.7
1,Chiang Mai,2025-02-18,February,88.6,66.4,0,52,77.4,0,No,5,15.2
1,Chiang Mai,2025-02-19,February,87.2,67.8,0,60,77.4,0,No,5.5,14.5
1,Chiang Mai,2025-02-20,February,87.1,68.6,0,63,77.5,0,No,6.3,16.6
1,Chiang Mai,2025-02-21,February,88.1,68.1,0,67,77.2,0,No,10.8,25.9
1,Chiang Mai,2025-02-22,February,88.5,67.5,0,57,77.8,0,No,5.2,13.4
1,Chiang Mai,2025-02-23,February,86.7,67.1,1.039,74,76.1,1.039,Yes,7.4,19.5
1,Chiang Mai,2025-02-24,February,78.9,67.6,0.709,85,72.3,0.709,Yes,6.9,16.1
1,Chiang Mai,2025-02-25,February,80.2,65.5,0.272,83,72.4,0.272,Yes,8.1,20.8
1,Chiang Mai,2025-02-26,February,84.4,65,0,76,74.5,0,No,3.7,13.2
1,Chiang Mai,2025-02-27,February,87.6,66.5,0,74,76.7,0,No,4.4,12.1
1,Chiang Mai,2025-02-28,February,89.3,67.3,0,65,78.5,0,No,6.4,15.2
1,Chiang Mai,2025-03-01,March,89.5,67.6,0,59,78,0,No,6.3,16.3
1,Chiang Mai,2025-03-02,March,89.9,65.6,0,56,77.2,0,No,3.7,12.1
1,Chiang Mai,2025-03-03,March,90.2,64.1,0,54,76.2,0,No,5.3,13
1,Chiang Mai,2025-03-04,March,89,64,0,56,75.7,0,No,4.1,13
1,Chiang Mai,2025-03-05,March,89.4,66.4,0,58,76.7,0,No,5.5,15
1,Chiang Mai,2025-03-06,March,88.9,65.8,0,59,76.2,0,No,4.7,13.6
1,Chiang Mai,2025-03-07,March,90.3,66.4,0.138,66,78.6,0.138,Yes,7.2,17.9
1,Chiang Mai,2025-03-08,March,85.7,67.7,0,72,77.1,0,No,8.6,21.3
1,Chiang Mai,2025-03-09,March,86.9,67.7,0.004,73,77,0.004,Yes,5.5,15.2
1,Chiang Mai,2025-03-10,March,90.1,69.2,0.055,66,80.2,0.055,Yes,4.3,13.4
1,Chiang Mai,2025-03-11,March,92.1,70.3,0.004,64,81.5,0.004,Yes,5.9,14.8
1,Chiang Mai,2025-03-12,March,92,69.5,0,64,80.1,0,No,7.2,17.2
1,Chiang Mai,2025-03-13,March,91.9,70,0,52,81.5,0,No,7.9,18.6
1,Chiang Mai,2025-03-14,March,92.8,69,0,50,81.3,0,No,3.7,11.9
1,Chiang Mai,2025-03-15,March,93.7,68.8,0,50,81.1,0,No,4.2,11
1,Chiang Mai,2025-03-16,March,94.4,68.2,0,52,81.3,0,No,3.9,11.2
1,Chiang Mai,2025-03-17,March,93.6,71.5,0,53,83.4,0,No,5.5,13.9
1,Chiang Mai,2025-03-18,March,93.6,69.6,0.189,63,82.3,0.189,Yes,11.2,30
1,Chiang Mai,2025-03-19,March,86.6,65,0.02,72,75.2,0.02,Yes,7.4,15.7
1,Chiang Mai,2025-03-20,March,85.5,64.5,0,67,74.5,0,No,5.6,12.5
1,Chiang Mai,2025-03-21,March,88.1,66.7,0,65,76.9,0,No,5.1,14.1
1,Chiang Mai,2025-03-22,March,89,69.5,0,62,78.9,0,No,3.6,12.1
1,Chiang Mai,2025-03-23,March,91.2,69.9,0,60,80.3,0,No,4.3,11
1,Chiang Mai,2025-03-24,March,92.8,70.6,0,58,80.4,0,No,5.8,14.1
1,Chiang Mai,2025-03-25,March,92.8,69.1,0,54,80.4,0,No,4.4,11.9
1,Chiang Mai,2025-03-26,March,91.9,68.8,0,53,79.6,0,No,5.8,14.8
1,Chiang Mai,2025-03-27,March,93,68,0,50,79.6,0,No,5.6,14.8
1,Chiang Mai,2025-03-28,March,92.2,68.8,0,49,79.6,0,No,7,17
1,Chiang Mai,2025-03-29,March,93.5,69.7,0,52,82.1,0,No,5.8,14.8
1,Chiang Mai,2025-03-30,March,94.3,72.4,0,55,84.9,0,No,5.3,14.5
1,Chiang Mai,2025-03-31,March,94.4,76.7,0,59,85.3,0,No,7.2,16.6
1,Chiang Mai,2025-04-01,April,94,74.2,0,60,83.9,0,No,9.8,25.3
1,Chiang Mai,2025-04-02,April,93.5,75.1,0,59,84.1,0,No,9.4,25.7
1,Chiang Mai,2025-04-03,April,94.2,75.7,0,60,84.8,0,No,7,15
1,Chiang Mai,2025-04-04,April,95.1,75.7,0,66,84,0,No,7.9,15
1,Chiang Mai,2025-04-05,April,92.7,75.7,0,65,83.3,0,No,6.5,17.9
1,Chiang Mai,2025-04-06,April,90.6,71.1,0.028,70,80.4,0.028,Yes,4.1,13.9
1,Chiang Mai,2025-04-07,April,90.7,72.5,0.008,66,81.2,0.008,Yes,5.3,14.3
1,Chiang Mai,2025-04-08,April,94.1,73.4,0,59,82.1,0,No,9.5,22.4
1,Chiang Mai,2025-04-09,April,94.9,74.2,0,50,84.9,0,No,5.1,13.2
1,Chiang Mai,2025-04-10,April,94.4,74.8,0,59,84,0,No,8.4,19.2
1,Chiang Mai,2025-04-11,April,93.1,75.2,0.055,63,83.9,0.055,Yes,5.9,15.7
1,Chiang Mai,2025-04-12,April,88.7,76.4,0,67,82.8,0,No,5,15.2
1,Chiang Mai,2025-04-13,April,87.6,71.5,1.815,85,77.4,1.815,Yes,8.8,19.9
1,Chiang Mai,2025-04-14,April,83.4,71.3,0.091,84,76.9,0.091,Yes,4.5,14.1
1,Chiang Mai,2025-04-15,April,88.3,72.7,0.02,78,80.6,0.02,Yes,4.8,10.7
1,Chiang Mai,2025-04-16,April,89,73.8,0.031,75,81.6,0.031,Yes,4.6,11.4
1,Chiang Mai,2025-04-17,April,89.2,72.3,0.016,77,81.2,0.016,Yes,9.2,18.1
1,Chiang Mai,2025-04-18,April,91.2,74,0.035,75,81.2,0.035,Yes,5.9,16.8
1,Chiang Mai,2025-04-19,April,92.5,74.3,0,64,83.3,0,No,5.6,13.9
1,Chiang Mai,2025-04-20,April,94.5,74.8,0,62,83.6,0,No,7.4,21.9
1,Chiang Mai,2025-04-21,April,95.5,76.1,0,58,85.7,0,No,10.6,25.5
1,Chiang Mai,2025-04-22,April,98,75.8,0.016,59,86.3,0.016,Yes,10.2,23.7
1,Chiang Mai,2025-04-23,April,99.5,77.2,0,53,88.2,0,No,7.1,17.9
1,Chiang Mai,2025-04-24,April,99.1,77.2,0,52,88.4,0,No,5.9,12.8
1,Chiang Mai,2025-04-25,April,99.7,78,0,46,89.1,0,No,5,12.5
1,Chiang Mai,2025-04-26,April,99.2,79.1,0,51,88.7,0,No,5.7,17
1,Chiang Mai,2025-04-27,April,99.1,76.8,0,51,87.2,0,No,9.8,24.2
1,Chiang Mai,2025-04-28,April,93.8,73.3,0.114,62,82.6,0.114,Yes,9,25.5
1,Chiang Mai,2025-04-29,April,88.9,72.6,0.035,71,80.4,0.035,Yes,8,21.3
1,Chiang Mai,2025-04-30,April,90.5,72.7,0.087,74,79.6,0.087,Yes,8.6,24.8
1,Chiang Mai,2025-05-01,May,89.2,71.2,0.331,75,79.8,0.331,Yes,13.3,24.8
1,Chiang Mai,2025-05-02,May,93.4,73.1,0,70,82.4,0,No,5.1,16.3
1,Chiang Mai,2025-05-03,May,92.8,71.9,0.272,76,80.7,0.272,Yes,9.5,19.7
1,Chiang Mai,2025-05-04,May,91.6,74.4,0.063,71,82.7,0.063,Yes,5.6,19.2
1,Chiang Mai,2025-05-05,May,96,76,0,57,86,0,No,4.9,12.3
1,Chiang Mai,2025-05-06,May,99.3,78.3,0,50,89.2,0,No,5,12.1
1,Chiang Mai,2025-05-07,May,100.9,79.2,0.008,54,89.1,0.008,Yes,9.6,26.4
1,Chiang Mai,2025-05-08,May,99.2,77.4,0.035,63,86,0.035,Yes,6.9,19.7
1,Chiang Mai,2025-05-09,May,99.7,78.4,0,60,86.8,0,No,7.7,20.4
1,Chiang Mai,2025-05-10,May,96.7,78.2,0,63,86.7,0,No,6.5,18.3
1,Chiang Mai,2025-05-11,May,97.6,73.9,0.307,74,82.4,0.307,Yes,8.6,19.9
1,Chiang Mai,2025-05-12,May,88.8,73.1,0.146,75,80.6,0.146,Yes,5.9,18.3
1,Chiang Mai,2025-05-13,May,90.9,74.8,0.142,77,80.8,0.142,Yes,8.5,21
1,Chiang Mai,2025-05-14,May,91,75.7,0.354,77,81.1,0.354,Yes,10.6,24.4
1,Chiang Mai,2025-05-15,May,83,73.7,0.268,86,78.3,0.268,Yes,5.6,19.5
1,Chiang Mai,2025-05-16,May,83.6,73.7,0.594,85,78.6,0.594,Yes,4.7,15.7
1,Chiang Mai,2025-05-17,May,88.4,74.2,0.634,84,79.9,0.634,Yes,5.4,18.3
1,Chiang Mai,2025-05-18,May,88.5,75.5,0.035,80,81.1,0.035,Yes,5.4,15
1,Chiang Mai,2025-05-19,May,90.2,77.1,0.236,77,82.7,0.236,Yes,5.2,17.2
1,Chiang Mai,2025-05-20,May,89.7,75.6,0.303,78,82.5,0.303,Yes,5.8,18.8
1,Chiang Mai,2025-05-21,May,89.4,77.3,0.209,77,83.3,0.209,Yes,5,16.1
1,Chiang Mai,2025-05-22,May,90.1,76,0.528,81,82.2,0.528,Yes,7.6,15.9
1,Chiang Mai,2025-05-23,May,89.7,76.7,0.35,85,80.8,0.35,Yes,5.2,14.3
1,Chiang Mai,2025-05-24,May,88.6,73.6,0.543,83,80.3,0.543,Yes,7.2,17.7
1,Chiang Mai,2025-05-25,May,86.9,73,1.709,87,77.8,1.709,Yes,6.3,17.7
1,Chiang Mai,2025-05-26,May,84.7,73.2,0.5,87,77.5,0.5,Yes,8.9,23
1,Chiang Mai,2025-05-27,May,84.4,73.9,0.752,89,77.2,0.752,Yes,9.7,25.1
1,Chiang Mai,2025-05-28,May,86.1,74.9,0.047,81,80,0.047,Yes,7.1,21.5
1,Chiang Mai,2025-05-29,May,84.9,75.7,0.657,85,79.3,0.657,Yes,8.3,25.7
1,Chiang Mai,2025-05-30,May,86.6,75.5,1.146,87,78.9,1.146,Yes,7.4,24.4
1,Chiang Mai,2025-05-31,May,83.5,75.2,0.512,87,79.4,0.512,Yes,5.4,17
1,Chiang Mai,2025-06-01,June,86.7,75.7,0.48,80,80.8,0.48,Yes,7.7,20.8
1,Chiang Mai,2025-06-02,June,89.6,74.4,0.5,80,81.2,0.5,Yes,8.4,22.6
1,Chiang Mai,2025-06-03,June,85.3,74.2,0.091,86,78.8,0.091,Yes,4.1,18.3
1,Chiang Mai,2025-06-04,June,89.2,74.7,0.35,81,81.2,0.35,Yes,5.2,17.2
1,Chiang Mai,2025-06-05,June,88.9,75.3,0.146,82,81.7,0.146,Yes,4.4,13.9
1,Chiang Mai,2025-06-06,June,90.4,75.9,0.122,80,82.7,0.122,Yes,4.9,16.1
1,Chiang Mai,2025-06-07,June,91,75.5,0.024,78,83.6,0.024,Yes,4.8,14.8
1,Chiang Mai,2025-06-08,June,91.3,74.9,0.161,78,83.1,0.161,Yes,6.1,15.4
1,Chiang Mai,2025-06-09,June,91.5,75.4,0.22,79,81.8,0.22,Yes,6.9,17.9
1,Chiang Mai,2025-06-10,June,85.6,73.9,0.307,83,79.2,0.307,Yes,8,18.8
1,Chiang Mai,2025-06-11,June,82.9,74.9,0.941,89,78.3,0.941,Yes,5.9,15.2
1,Chiang Mai,2025-06-12,June,88,75,0.091,83,80.7,0.091,Yes,4.5,13.6
1,Chiang Mai,2025-06-13,June,89.2,76,0.331,81,81.7,0.331,Yes,6.3,16.8
1,Chiang Mai,2025-06-14,June,87.4,76,0.618,85,79.6,0.618,Yes,5.8,14.1
1,Chiang Mai,2025-06-15,June,88.3,75.2,0.374,81,80.7,0.374,Yes,6,17.7
1,Chiang Mai,2025-06-16,June,86.1,74.2,0.465,83,79.9,0.465,Yes,6.7,17.7
1,Chiang Mai,2025-06-17,June,87.9,75.6,0.878,86,79.4,0.878,Yes,6.6,19.5
1,Chiang Mai,2025-06-18,June,88.3,75.7,0.079,77,81.4,0.079,Yes,5.6,17.9
1,Chiang Mai,2025-06-19,June,87.8,75.7,0.567,83,80.6,0.567,Yes,9.6,21.9
1,Chiang Mai,2025-06-20,June,87.1,75.1,0.11,85,80.4,0.11,Yes,5.1,17.2
1,Chiang Mai,2025-06-21,June,89.9,76.8,0.02,76,82.4,0.02,Yes,7.2,16.3
1,Chiang Mai,2025-06-22,June,88.3,76.1,1.366,83,80.3,1.366,Yes,7.2,20.6
1,Chiang Mai,2025-06-23,June,89.1,72.9,0.665,85,78.8,0.665,Yes,6.4,20.4
1,Chiang Mai,2025-06-24,June,85.2,73.5,0.484,85,79,0.484,Yes,6.9,22.4
1,Chiang Mai,2025-06-25,June,88.3,74.7,0.476,83,80.5,0.476,Yes,4.4,11.9
1,Chiang Mai,2025-06-26,June,87.1,75.4,1.075,85,80.2,1.075,Yes,6,15.9
1,Chiang Mai,2025-06-27,June,85.3,73.8,0.909,89,78.2,0.909,Yes,5.4,17.2
1,Chiang Mai,2025-06-28,June,85.8,73.3,0.657,86,78.3,0.657,Yes,5.6,18.3
1,Chiang Mai,2025-06-29,June,85.5,73.9,0.126,82,79.3,0.126,Yes,6.9,19
1,Chiang Mai,2025-06-30,June,86.9,73.6,0.65,81,79.8,0.65,Yes,6.3,15.7
1,Chiang Mai,2025-07-01,July,85.8,75.2,0.512,83,80,0.512,Yes,5,16.3
1,Chiang Mai,2025-07-02,July,84.8,75,1.094,84,79.6,1.094,Yes,6.5,19.5
1,Chiang Mai,2025-07-03,July,84.1,73.9,0.559,86,78.3,0.559,Yes,3.7,16.6
1,Chiang Mai,2025-07-04,July,86.9,74.7,0.583,83,79.5,0.583,Yes,3,16.1
1,Chiang Mai,2025-07-05,July,86.8,74.2,1.059,84,79.4,1.059,Yes,5.4,15.2
1,Chiang Mai,2025-07-06,July,83.8,73.7,0.433,85,78.6,0.433,Yes,7.4,17.9
1,Chiang Mai,2025-07-07,July,84.5,74.4,0.244,85,78.6,0.244,Yes,7.4,17.7
1,Chiang Mai,2025-07-08,July,86.8,73.9,0.339,83,79.9,0.339,Yes,6.3,19.2
1,Chiang Mai,2025-07-09,July,87.4,74.8,0.862,84,80.4,0.862,Yes,4.7,18.8
1,Chiang Mai,2025-07-10,July,87.4,74.3,0.106,87,79.1,0.106,Yes,6.1,20.1
1,Chiang Mai,2025-07-11,July,86.1,74.2,1.642,90,78.8,1.642,Yes,3.5,13
1,Chiang Mai,2025-07-12,July,81.4,74.5,0.63,90,77.6,0.63,Yes,5.1,14.5
1,Chiang Mai,2025-07-13,July,88.4,74.4,1.465,85,80.1,1.465,Yes,5.9,21.3
1,Chiang Mai,2025-07-14,July,88,75,0.551,84,81,0.551,Yes,5.7,15
1,Chiang Mai,2025-07-15,July,85.9,75.5,0.988,89,79.6,0.988,Yes,5.4,16.1
1,Chiang Mai,2025-07-16,July,82.9,75.1,0.299,89,78.9,0.299,Yes,6.4,19
1,Chiang Mai,2025-07-17,July,83.6,74,0.63,91,78,0.63,Yes,2.6,13
1,Chiang Mai,2025-07-18,July,85,73.3,0.504,87,79.1,0.504,Yes,5,16.1
1,Chiang Mai,2025-07-19,July,86.3,74.9,0.102,84,80.3,0.102,Yes,4.6,16.8
1,Chiang Mai,2025-07-20,July,83.7,74.2,0.287,87,78.9,0.287,Yes,3.9,15
1,Chiang Mai,2025-07-21,July,88.3,74.5,0.114,81,80.6,0.114,Yes,6.7,18.1
1,Chiang Mai,2025-07-22,July,83.4,74.1,0.547,90,78.1,0.547,Yes,4.8,17.4
1,Chiang Mai,2025-07-23,July,80.9,74.3,2.165,93,76.5,2.165,Yes,7.6,19.9
1,Chiang Mai,2025-07-24,July,84.3,73.9,1.063,90,77.5,1.063,Yes,7.8,21.7
1,Chiang Mai,2025-07-25,July,83.7,74.9,0.402,90,78.4,0.402,Yes,5.5,14.5
1,Chiang Mai,2025-07-26,July,83,74.8,0.291,89,78.8,0.291,Yes,4.5,19.5
1,Chiang Mai,2025-07-27,July,83.4,73,1.445,92,77.4,1.445,Yes,6.5,20.6
1,Chiang Mai,2025-07-28,July,80.4,73.6,0.783,93,77.2,0.783,Yes,4.4,17.4
1,Chiang Mai,2025-07-29,July,84.1,74.9,0.61,90,79.2,0.61,Yes,5.6,17.2
1,Chiang Mai,2025-07-30,July,85.7,74.6,0.15,85,80,0.15,Yes,5.6,17.9
1,Chiang Mai,2025-07-31,July,89.7,74.8,0.232,84,81,0.232,Yes,6.6,20.8
1,Chiang Mai,2025-08-01,August,89.2,75.7,0.315,84,81.2,0.315,Yes,6,19.7
1,Chiang Mai,2025-08-02,August,88.5,75.2,0.744,86,80.8,0.744,Yes,5.9,18.3
1,Chiang Mai,2025-08-03,August,89.8,72.9,0.126,80,81.2,0.126,Yes,5.8,19.5
1,Chiang Mai,2025-08-04,August,90.6,74.5,0.028,78,82.5,0.028,Yes,6.4,20.4
1,Chiang Mai,2025-08-05,August,87.1,75.4,0.461,84,80.9,0.461,Yes,5.9,18.8
1,Chiang Mai,2025-08-06,August,79.5,74.2,1.343,94,76.6,1.343,Yes,5.1,13.2
1,Chiang Mai,2025-08-07,August,87.2,74.7,0.799,87,78.8,0.799,Yes,6.9,17.9
1,Chiang Mai,2025-08-08,August,85.8,73.9,0.378,87,78.6,0.378,Yes,3.5,15
1,Chiang Mai,2025-08-09,August,87.5,73.4,0.299,85,79.9,0.299,Yes,4.7,17.7
1,Chiang Mai,2025-08-10,August,88,73.9,0.823,83,80.7,0.823,Yes,5.9,16.6
1,Chiang Mai,2025-08-11,August,88,74.8,0.299,83,80.6,0.299,Yes,4.6,12.3
1,Chiang Mai,2025-08-12,August,88.1,72.8,0.681,84,79.3,0.681,Yes,7,21.5
1,Chiang Mai,2025-08-13,August,88.2,74.6,0.209,85,80.3,0.209,Yes,5,14.5
1,Chiang Mai,2025-08-14,August,87.3,74.1,0.441,86,79.8,0.441,Yes,5.7,13.9
1,Chiang Mai,2025-08-15,August,86.2,73,1.378,86,78.3,1.378,Yes,6.8,16.6
1,Chiang Mai,2025-08-16,August,83.8,72.2,1.157,88,76.8,1.157,Yes,8.9,20.6
1,Chiang Mai,2025-08-17,August,84.6,72.2,0.732,87,77.1,0.732,Yes,6.2,15.7
1,Chiang Mai,2025-08-18,August,84.7,73.6,0.512,85,78.8,0.512,Yes,4.7,15.4
1,Chiang Mai,2025-08-19,August,88.3,73.7,0.063,80,80.7,0.063,Yes,7.5,18.8
1,Chiang Mai,2025-08-20,August,90.1,74.8,0.067,80,80.9,0.067,Yes,5.4,15.7
1,Chiang Mai,2025-08-21,August,88,74.8,0.307,83,80.9,0.307,Yes,5,14.8
1,Chiang Mai,2025-08-22,August,87.1,71.8,0.728,87,78.3,0.728,Yes,6.3,15
1,Chiang Mai,2025-08-23,August,83.8,73.9,0.433,86,78,0.433,Yes,6.1,15.4
1,Chiang Mai,2025-08-24,August,85.1,72.9,0.181,85,79,0.181,Yes,3.9,14.3
1,Chiang Mai,2025-08-25,August,86.4,73.9,0.665,86,80,0.665,Yes,6.6,16.6
1,Chiang Mai,2025-08-26,August,81.2,72.5,1.228,92,75.9,1.228,Yes,4.5,14.5
1,Chiang Mai,2025-08-27,August,79.3,72.7,1.122,94,75.4,1.122,Yes,2.6,12.8
1,Chiang Mai,2025-08-28,August,82.2,72.4,0.244,88,76.2,0.244,Yes,3.8,17.7
1,Chiang Mai,2025-08-29,August,87.5,73.5,0.177,83,79.7,0.177,Yes,5.5,15.7
1,Chiang Mai,2025-08-30,August,89.2,75.2,0.63,83,80.8,0.63,Yes,5.2,19.7
1,Chiang Mai,2025-08-31,August,86.4,73.8,0.996,88,77.9,0.996,Yes,8.7,23.5
1,Chiang Mai,2025-09-01,September,83.8,73.3,0.378,86,77.7,0.378,Yes,6.6,18.3
1,Chiang Mai,2025-09-02,September,84.9,73.1,0.193,86,78.5,0.193,Yes,7.3,18.3
1,Chiang Mai,2025-09-03,September,86.7,73.5,0.075,86,79.3,0.075,Yes,6.7,18.3
1,Chiang Mai,2025-09-04,September,90.1,74.6,0.012,80,81.7,0.012,Yes,5.3,14.1
1,Chiang Mai,2025-09-05,September,89,74.8,0.047,81,81.8,0.047,Yes,4.6,14.3
1,Chiang Mai,2025-09-06,September,88.5,74.8,0.067,84,80.7,0.067,Yes,7.7,20.1
1,Chiang Mai,2025-09-07,September,88,73.6,0.047,84,80.2,0.047,Yes,4.6,13.9
1,Chiang Mai,2025-09-08,September,88,73.7,0.063,82,80.3,0.063,Yes,5.2,15.7
1,Chiang Mai,2025-09-09,September,86.1,74.4,0.378,85,79,0.378,Yes,6,13.9
1,Chiang Mai,2025-09-10,September,84.1,73.8,0.906,88,77.5,0.906,Yes,6.9,17
1,Chiang Mai,2025-09-11,September,85.2,72.5,0.441,87,78,0.441,Yes,5.3,17
1,Chiang Mai,2025-09-12,September,85.9,74,0.22,83,79.8,0.22,Yes,6.5,16.8
1,Chiang Mai,2025-09-13,September,86.8,73.9,0.134,86,79,0.134,Yes,4.7,15.9
1,Chiang Mai,2025-09-14,September,87.3,73,0.039,86,78.8,0.039,Yes,5.6,14.1
1,Chiang Mai,2025-09-15,September,88,73,0.232,80,80.1,0.232,Yes,5.1,15.2
1,Chiang Mai,2025-09-16,September,85.5,72.6,0.047,79,79.5,0.047,Yes,5.5,14.8
1,Chiang Mai,2025-09-17,September,88.2,73.9,0,80,80.6,0,No,5.5,15.4
1,Chiang Mai,2025-09-18,September,87.8,74.9,0.035,82,81,0.035,Yes,6.3,16.8
1,Chiang Mai,2025-09-19,September,86.2,72.9,0.457,84,79.3,0.457,Yes,3.7,14.8
1,Chiang Mai,2025-09-20,September,84.9,73.9,0.417,85,78.7,0.417,Yes,5.4,15.7
1,Chiang Mai,2025-09-21,September,84,74,0.453,88,78,0.453,Yes,5.5,21
1,Chiang Mai,2025-09-22,September,83.5,74,0.791,90,77.3,0.791,Yes,6.1,17.4
1,Chiang Mai,2025-09-23,September,84,73.3,0.972,89,77.6,0.972,Yes,5.5,14.1
1,Chiang Mai,2025-09-24,September,83.7,73.6,0.39,88,77.5,0.39,Yes,5.7,15.2
1,Chiang Mai,2025-09-25,September,84.7,73.5,0.421,87,78.4,0.421,Yes,6.1,15.4
1,Chiang Mai,2025-09-26,September,84.3,73.3,1.189,89,77.9,1.189,Yes,3.8,13.4
1,Chiang Mai,2025-09-27,September,83.8,72.8,0.248,87,78,0.248,Yes,5.1,16.6
1,Chiang Mai,2025-09-28,September,90.5,73.9,0.031,76,81.1,0.031,Yes,7.7,18.6
1,Chiang Mai,2025-09-29,September,91.4,74.8,0.016,75,81.9,0.016,Yes,6.6,16.8
1,Chiang Mai,2025-09-30,September,80.4,71.9,0.728,92,75.2,0.728,Yes,8.7,19.2
1,Chiang Mai,2025-10-01,October,83.4,73,0.504,88,77.1,0.504,Yes,6.8,20.8
1,Chiang Mai,2025-10-02,October,87,73.9,0.106,85,79.5,0.106,Yes,4,12.1
1,Chiang Mai,2025-10-03,October,88.9,74.8,0.031,82,81.3,0.031,Yes,5.1,12.5
1,Chiang Mai,2025-10-04,October,86.1,72.2,0.146,88,78.4,0.146,Yes,4.1,12.5
1,Chiang Mai,2025-10-05,October,88.4,73.3,0.012,84,80.1,0.012,Yes,6.8,13.6
1,Chiang Mai,2025-10-06,October,86.9,73,0.043,86,79.4,0.043,Yes,4.6,14.8
1,Chiang Mai,2025-10-07,October,86.9,72.5,0.315,85,78.8,0.315,Yes,4.6,15.4
1,Chiang Mai,2025-10-08,October,85.3,72.8,0.106,83,78.9,0.106,Yes,5.5,15.2
1,Chiang Mai,2025-10-09,October,87.9,72,0.091,83,79.3,0.091,Yes,5.7,15.7
1,Chiang Mai,2025-10-10,October,87.8,72.3,0,73,80.8,0,No,4.4,12.8
1,Chiang Mai,2025-10-11,October,88.3,74,0.008,72,81.3,0.008,Yes,3.1,9.4
1,Chiang Mai,2025-10-12,October,88.7,73.3,0.256,76,81.5,0.256,Yes,3.6,10.7
1,Chiang Mai,2025-10-13,October,85.8,72.8,0.201,84,79.1,0.201,Yes,4.4,12.1
1,Chiang Mai,2025-10-14,October,84.9,72.3,0.827,86,77.8,0.827,Yes,5,13.9
1,Chiang Mai,2025-10-15,October,81.9,72.3,0.614,89,75.9,0.614,Yes,8.4,20.1
1,Chiang Mai,2025-10-16,October,85.3,71.3,0.22,86,78,0.22,Yes,4.4,14.1
1,Chiang Mai,2025-10-17,October,87.2,72.6,0.165,86,78.6,0.165,Yes,5.8,15.7
1,Chiang Mai,2025-10-18,October,88.9,71.3,0.224,82,79,0.224,Yes,4.7,11.6
1,Chiang Mai,2025-10-19,October,87.6,72.2,0.083,82,79.1,0.083,Yes,4.4,18.3
1,Chiang Mai,2025-10-20,October,87.3,72.4,0.004,76,79.2,0.004,Yes,5.9,14.5
1,Chiang Mai,2025-10-21,October,88.3,71.3,0.004,73,79.5,0.004,Yes,6.4,13
1,Chiang Mai,2025-10-22,October,87.5,69.4,0,67,77.8,0,No,9.1,20.8
1,Chiang Mai,2025-10-23,October,86.8,69.9,0.031,72,77.9,0.031,Yes,8.4,19.9
1,Chiang Mai,2025-10-24,October,84.5,69.5,0.008,76,76.9,0.008,Yes,6.4,15.9
1,Chiang Mai,2025-10-25,October,85.5,71.1,0.004,75,78,0.004,Yes,3.5,10.5
1,Chiang Mai,2025-10-26,October,86.6,71.1,0.004,77,78.5,0.004,Yes,4.1,10.5
1,Chiang Mai,2025-10-27,October,88,69.4,0,72,77.9,0,No,5.7,14.1
1,Chiang Mai,2025-10-28,October,88.6,69.4,0,67,78.3,0,No,6.2,13.6
1,Chiang Mai,2025-10-29,October,89,69.1,0,72,79.1,0,No,4.3,10.5
1,Chiang Mai,2025-10-30,October,91.1,70.4,0,67,81,0,No,5.2,13
1,Chiang Mai,2025-10-31,October,86.9,72.1,1.079,78,79.6,1.079,Yes,6.6,18.1
1,Chiang Mai,2025-11-01,November,83.4,72.3,0.866,88,76.4,0.866,Yes,6.6,15.4
1,Chiang Mai,2025-11-02,November,83.6,71.6,0.933,90,75.8,0.933,Yes,6.1,20.6
1,Chiang Mai,2025-11-03,November,82.1,71.8,1.346,88,75.5,1.346,Yes,7.7,19.7
1,Chiang Mai,2025-11-04,November,82.8,71.5,0.106,85,76.5,0.106,Yes,5.2,16.8
1,Chiang Mai,2025-11-05,November,83.4,72.3,0.067,82,77.2,0.067,Yes,4.4,13.4
1,Chiang Mai,2025-11-06,November,82.9,72.5,0.063,85,77.3,0.063,Yes,5.4,15.2
1,Chiang Mai,2025-11-07,November,87.9,72.5,0.217,78,79.5,0.217,Yes,4.9,13
1,Chiang Mai,2025-11-08,November,82,72.4,1.173,91,76.3,1.173,Yes,3.1,13.6
1,Chiang Mai,2025-11-09,November,80,71.2,1.098,91,75.2,1.098,Yes,4.7,14.8
1,Chiang Mai,2025-11-10,November,81.9,71.4,0.087,90,75.8,0.087,Yes,5,15.7
1,Chiang Mai,2025-11-11,November,86.5,72.1,0.008,84,77.9,0.008,Yes,5.9,13.4
1,Chiang Mai,2025-11-12,November,87.5,71.5,0.004,78,78.8,0.004,Yes,4.6,11.4
1,Chiang Mai,2025-11-13,November,86.9,71.1,0.016,79,78.7,0.016,Yes,4.9,10.1
1,Chiang Mai,2025-11-14,November,84,70.5,0.291,84,76.7,0.291,Yes,4,15.4
1,Chiang Mai,2025-11-15,November,83.7,68.7,0.012,81,76.2,0.012,Yes,4.6,12.1
1,Chiang Mai,2025-11-16,November,85.3,69,0,67,76.6,0,No,7,17.2
1,Chiang Mai,2025-11-17,November,82.7,70.3,0.327,77,75.4,0.327,Yes,7.6,19.5
1,Chiang Mai,2025-11-18,November,77.9,70.1,0.382,86,72.7,0.382,Yes,5.3,16.1
1,Chiang Mai,2025-11-19,November,73.2,65,0.059,84,70,0.059,Yes,9.3,19.2
1,Chiang Mai,2025-11-20,November,78.9,65.1,0,67,71.7,0,No,9.8,20.8
1,Chiang Mai,2025-11-21,November,80.9,61.8,0,66,71,0,No,9.8,21.7
1,Chiang Mai,2025-11-22,November,81.3,61.8,0,75,71,0,No,4.6,11
1,Chiang Mai,2025-11-23,November,82,62.2,0,78,71.5,0,No,4.8,12.8
1,Chiang Mai,2025-11-24,November,83.1,61.4,0,71,71.5,0,No,7.1,13.9
1,Chiang Mai,2025-11-25,November,80.7,59.8,0,67,69.7,0,No,10.6,23.5
1,Chiang Mai,2025-11-26,November,79.5,58.8,0,66,67.6,0,No,7.3,16.6
1,Chiang Mai,2025-11-27,November,79.3,57.2,0,60,67.3,0,No,11.9,26.4
1,Chiang Mai,2025-11-28,November,76.9,51.6,0,59,63.4,0,No,8.1,19.9
1,Chiang Mai,2025-11-29,November,76.8,51.1,0,71,63.4,0,No,3.5,8.3
1,Chiang Mai,2025-11-30,November,78.2,53.3,0,72,65.8,0,No,3.8,9.8
1,Chiang Mai,2025-12-01,December,79.5,56.4,0,72,67.3,0,No,3.9,11
1,Chiang Mai,2025-12-02,December,81.1,57.4,0,69,68.9,0,No,3.7,9.2
1,Chiang Mai,2025-12-03,December,82.9,58.9,0,76,71.3,0,No,3.6,9.4
1,Chiang Mai,2025-12-04,December,82.6,61.1,0,75,71.6,0,No,3.7,9.2
1,Chiang Mai,2025-12-05,December,82.6,62.9,0.004,76,73.6,0.004,Yes,3.7,10.1
1,Chiang Mai,2025-12-06,December,83.4,65.1,0.028,80,74.6,0.028,Yes,4.5,13.2
1,Chiang Mai,2025-12-07,December,84.8,66.7,0.024,78,75.6,0.024,Yes,3.3,9.2
1,Chiang Mai,2025-12-08,December,82.1,66.6,0.043,79,74.3,0.043,Yes,5.1,12.3
1,Chiang Mai,2025-12-09,December,80.4,63.8,0,74,72.1,0,No,3.7,11.9
1,Chiang Mai,2025-12-10,December,80.2,60.9,0,73,70.2,0,No,3.7,9.4
1,Chiang Mai,2025-12-11,December,80.5,59.4,0.043,72,72.5,0.043,Yes,4.5,9.8
1,Chiang Mai,2025-12-12,December,80.1,66.4,0,78,72.6,0,No,4.2,9.8
1,Chiang Mai,2025-12-13,December,80.2,65.7,0,82,72.5,0,No,5.8,22.6
1,Chiang Mai,2025-12-14,December,82,65.4,0.024,83,71.9,0.024,Yes,6.4,16.1
1,Chiang Mai,2025-12-15,December,81.6,64.7,0,80,73,0,No,3.4,10.3
1,Chiang Mai,2025-12-16,December,82.3,64.5,0.24,75,73.4,0.24,Yes,4.9,16.6
1,Chiang Mai,2025-12-17,December,81.7,63.8,0.11,78,72.8,0.11,Yes,6.5,17
1,Chiang Mai,2025-12-18,December,80.6,64.7,0.024,79,71.9,0.024,Yes,6.8,13.4
1,Chiang Mai,2025-12-19,December,80.9,63.5,0.004,75,71.6,0.004,Yes,4.3,10.1
1,Chiang Mai,2025-12-20,December,81.5,62.3,0,71,71.1,0,No,4,10.5
1,Chiang Mai,2025-12-21,December,81.8,60.6,0,72,70.8,0,No,4.5,11
1,Chiang Mai,2025-12-22,December,81.3,60.7,0,72,70.7,0,No,4.9,13.9
1,Chiang Mai,2025-12-23,December,81.9,62.8,0,71,72.6,0,No,4.5,13.9
1,Chiang Mai,2025-12-24,December,84.2,63.5,0,67,73.1,0,No,4.1,11.6
1,Chiang Mai,2025-12-25,December,84.1,62.2,0,66,72.7,0,No,5.3,10.5
1,Chiang Mai,2025-12-26,December,82.4,61.5,0,71,72,0,No,4.7,13.6
1,Chiang Mai,2025-12-27,December,81.4,62.2,0.008,69,71.3,0.008,Yes,4.6,13.4
1,Chiang Mai,2025-12-28,December,81.5,61.8,0,70,71.2,0,No,4.4,14.1
1,Chiang Mai,2025-12-29,December,83,60.4,0,70,70.9,0,No,4.9,12.5
1,Chiang Mai,2025-12-30,December,81,60,0,69,70,0,No,3.7,11.2
1,Chiang Mai,2025-12-31,December,81.4,60.5,0,73,70.3,0,No,3.9,11.4
2,Chiang Rai,2025-01-01,January,78.6,61,0,72,69.5,0,No,3.5,11.4
2,Chiang Rai,2025-01-02,January,79.1,60.9,0,74,69.3,0,No,3,10.1
2,Chiang Rai,2025-01-03,January,78.9,59.4,0.004,71,68.6,0.004,Yes,4.7,13
2,Chiang Rai,2025-01-04,January,78.1,58.7,0,71,66.9,0,No,3,10.7
2,Chiang Rai,2025-01-05,January,76.8,57.6,0,68,65.8,0,No,5.2,13.2
2,Chiang Rai,2025-01-06,January,75.8,55.7,0,71,65.4,0,No,4.1,10.3
2,Chiang Rai,2025-01-07,January,75.3,55,0,70,66.3,0,No,3.8,11.6
2,Chiang Rai,2025-01-08,January,77.1,56.7,0,70,67.8,0,No,4.5,12.5
2,Chiang Rai,2025-01-09,January,78.2,60,0.004,73,69,0.004,Yes,3.6,11.2
2,Chiang Rai,2025-01-10,January,78.9,61.7,0.012,70,69.9,0.012,Yes,4.9,13.4
2,Chiang Rai,2025-01-11,January,74.6,53.8,0.039,67,65.2,0.039,Yes,8.2,16.6
2,Chiang Rai,2025-01-12,January,70.2,53.1,0,66,60.3,0,No,7,17
2,Chiang Rai,2025-01-13,January,71.8,52.7,0,69,60.8,0,No,3.7,11.6
2,Chiang Rai,2025-01-14,January,73.6,53.2,0,70,62.8,0,No,3,10.5
2,Chiang Rai,2025-01-15,January,75.9,53.9,0,67,64.7,0,No,7.7,17.7
2,Chiang Rai,2025-01-16,January,74.8,55.2,0,71,64.2,0,No,7.3,17.2
2,Chiang Rai,2025-01-17,January,76.2,54.2,0,74,64.8,0,No,2.9,10.7
2,Chiang Rai,2025-01-18,January,77.8,53.3,0,73,67,0,No,4.2,10.5
2,Chiang Rai,2025-01-19,January,78.6,56.4,0,71,67.7,0,No,4,12.1
2,Chiang Rai,2025-01-20,January,79,55.4,0,73,68.6,0,No,4.2,10.7
2,Chiang Rai,2025-01-21,January,79.5,57.4,0,75,68.3,0,No,5.9,13.4
2,Chiang Rai,2025-01-22,January,79.9,56.8,0,75,68.8,0,No,3.6,10.3
2,Chiang Rai,2025-01-23,January,81.1,56.8,0,75,69.1,0,No,5.4,12.1
2,Chiang Rai,2025-01-24,January,82.1,57,0,74,69.5,0,No,5.2,11.2
2,Chiang Rai,2025-01-25,January,82.9,56.3,0,70,70.1,0,No,5.1,10.3
2,Chiang Rai,2025-01-26,January,83.3,57.6,0.039,63,70.7,0.039,Yes,12.2,23.5
2,Chiang Rai,2025-01-27,January,60.1,57.2,0.067,74,58.8,0.067,Yes,10.3,20.1
2,Chiang Rai,2025-01-28,January,71.3,57.7,0,73,64.2,0,No,5.1,13.6
2,Chiang Rai,2025-01-29,January,73.7,59.5,0,73,66.3,0,No,5.8,14.5
2,Chiang Rai,2025-01-30,January,79.3,59,0,73,68.3,0,No,7.7,16.1
2,Chiang Rai,2025-01-31,January,82.8,57.5,0,72,70.2,0,No,3.7,11.6
2,Chiang Rai,2025-02-01,February,83.8,56.1,0,68,69,0,No,4.2,10.3
2,Chiang Rai,2025-02-02,February,83.7,55.6,0,70,69.1,0,No,5.5,11.2
2,Chiang Rai,2025-02-03,February,83.9,55.8,0,60,71.3,0,No,5.3,13.6
2,Chiang Rai,2025-02-04,February,81.5,62.2,0,72,71.7,0,No,7.9,17.7
2,Chiang Rai,2025-02-05,February,83.7,61.1,0,71,71.7,0,No,9,19
2,Chiang Rai,2025-02-06,February,84.3,59.1,0,72,71,0,No,6.1,13.9
2,Chiang Rai,2025-02-07,February,84.9,58.8,0,66,73.6,0,No,5.5,12.8
2,Chiang Rai,2025-02-08,February,82.8,65.5,0.075,74,73.8,0.075,Yes,6,15.2
2,Chiang Rai,2025-02-09,February,79.8,62.5,0,68,71.8,0,No,7.2,17.2
2,Chiang Rai,2025-02-10,February,82.8,62.2,0,66,71.9,0,No,7.3,15.2
2,Chiang Rai,2025-02-11,February,83.9,60.6,0,66,72.3,0,No,6.9,14.1
2,Chiang Rai,2025-02-12,February,85.1,59.7,0,66,72.9,0,No,7.1,13.9
2,Chiang Rai,2025-02-13,February,86.5,57.8,0,61,71,0,No,6.7,15.4
2,Chiang Rai,2025-02-14,February,87.8,57.2,0,56,70.9,0,No,7.2,14.5
2,Chiang Rai,2025-02-15,February,85.6,56.7,0,59,71.4,0,No,5.3,10.5
2,Chiang Rai,2025-02-16,February,86.3,56.3,0,61,71,0,No,5.7,14.5
2,Chiang Rai,2025-02-17,February,86.4,57.7,0,61,72.4,0,No,7.2,14.8
2,Chiang Rai,2025-02-18,February,85.5,61,0,63,73.9,0,No,5.9,13.9
2,Chiang Rai,2025-02-19,February,83.4,62.5,0,70,73.1,0,No,5.6,12.3
2,Chiang Rai,2025-02-20,February,83.2,63.6,0.016,71,73.9,0.016,Yes,7.4,17.4
2,Chiang Rai,2025-02-21,February,84.5,64.2,0,74,74,0,No,7.6,17.7
2,Chiang Rai,2025-02-22,February,83.4,64.2,0,73,73.9,0,No,2.7,12.3
2,Chiang Rai,2025-02-23,February,83.9,65,0.126,78,73.8,0.126,Yes,5,16.1
2,Chiang Rai,2025-02-24,February,80.1,64,0.083,84,71.1,0.083,Yes,5.2,19.2
2,Chiang Rai,2025-02-25,February,80.2,64.6,0.35,83,70.7,0.35,Yes,5.6,12.8
2,Chiang Rai,2025-02-26,February,81.2,62.2,0.024,82,71,0.024,Yes,3.6,13.2
2,Chiang Rai,2025-02-27,February,85.9,62.4,0,67,74.4,0,No,4.1,9.6
2,Chiang Rai,2025-02-28,February,90.1,60.9,0,61,75.7,0,No,3.8,10.3
2,Chiang Rai,2025-03-01,March,92.1,60.7,0,61,74.8,0,No,4.4,10.5
2,Chiang Rai,2025-03-02,March,90.7,60.4,0,57,75.1,0,No,4.5,9.4
2,Chiang Rai,2025-03-03,March,91,59.5,0,57,74.5,0,No,6,13.2
2,Chiang Rai,2025-03-04,March,91.5,59,0,55,74.4,0,No,4.2,8.9
2,Chiang Rai,2025-03-05,March,90.5,60.5,0,58,73.9,0,No,4.6,11.2
2,Chiang Rai,2025-03-06,March,89.1,59.9,0,57,73.1,0,No,6.8,14.5
2,Chiang Rai,2025-03-07,March,87.9,62.9,0.016,66,76.1,0.016,Yes,10.4,20.1
2,Chiang Rai,2025-03-08,March,84,67.4,0.118,78,74.2,0.118,Yes,7.8,18.3
2,Chiang Rai,2025-03-09,March,84.5,64.9,0.008,79,73.9,0.008,Yes,4.5,13.6
2,Chiang Rai,2025-03-10,March,87.4,65.7,0,68,78,0,No,4.7,12.3
2,Chiang Rai,2025-03-11,March,91.1,64.5,0,64,78.5,0,No,4.3,11.9
2,Chiang Rai,2025-03-12,March,92.6,63,0,61,76.8,0,No,7.4,15
2,Chiang Rai,2025-03-13,March,92.2,63.2,0,57,78.1,0,No,9,17.4
2,Chiang Rai,2025-03-14,March,93.2,62.4,0,59,76.7,0,No,3,8.9
2,Chiang Rai,2025-03-15,March,93.6,62.4,0,59,76.5,0,No,4,8.5
2,Chiang Rai,2025-03-16,March,94.5,63.2,0,54,78.4,0,No,5.3,9.6
2,Chiang Rai,2025-03-17,March,93.3,69.9,0,60,79.8,0,No,7.5,14.8
2,Chiang Rai,2025-03-18,March,88,67,0.126,73,75.5,0.126,Yes,11.1,21.3
2,Chiang Rai,2025-03-19,March,72.1,63.1,0.008,69,66.2,0.008,Yes,7.7,16.3
2,Chiang Rai,2025-03-20,March,78,62.1,0,71,68.3,0,No,6.4,15.4
2,Chiang Rai,2025-03-21,March,82.7,62.5,0.004,75,72,0.004,Yes,3.8,9.6
2,Chiang Rai,2025-03-22,March,86.2,65.6,0.016,69,76.2,0.016,Yes,6.2,13
2,Chiang Rai,2025-03-23,March,89,66.5,0,71,76.9,0,No,5.1,11.6
2,Chiang Rai,2025-03-24,March,90.6,64.7,0,66,77.2,0,No,3.4,9.8
2,Chiang Rai,2025-03-25,March,91,64,0,64,76.2,0,No,5.5,14.1
2,Chiang Rai,2025-03-26,March,91.4,63.6,0,62,76.1,0,No,7.4,14.8
2,Chiang Rai,2025-03-27,March,92.9,63.8,0,57,77,0,No,5.5,10.7
2,Chiang Rai,2025-03-28,March,91.7,64.9,0,60,76.5,0,No,9,17.7
2,Chiang Rai,2025-03-29,March,91.9,66.7,0,60,77.6,0,No,8.2,15.2
2,Chiang Rai,2025-03-30,March,92,68.3,0,65,80.3,0,No,8.2,18.3
2,Chiang Rai,2025-03-31,March,92.1,71.6,0,69,80.6,0,No,7.7,15.7
2,Chiang Rai,2025-04-01,April,89.2,70.7,0.02,74,79.5,0.02,Yes,8.4,22.8
2,Chiang Rai,2025-04-02,April,89.7,71.5,0.008,74,79.4,0.008,Yes,3.4,10.7
2,Chiang Rai,2025-04-03,April,90.7,71.3,0,68,80.7,0,No,4.5,12.1
2,Chiang Rai,2025-04-04,April,94.2,70,0,67,81.1,0,No,6.2,14.5
2,Chiang Rai,2025-04-05,April,94,70.4,0,72,80.5,0,No,9.4,19.7
2,Chiang Rai,2025-04-06,April,89.3,69.7,0.02,80,76.6,0.02,Yes,12.1,25.7
2,Chiang Rai,2025-04-07,April,87.1,68.5,0.035,80,76,0.035,Yes,4,8.9
2,Chiang Rai,2025-04-08,April,91.2,67.7,0,66,78.9,0,No,3.4,11.9
2,Chiang Rai,2025-04-09,April,92.8,68.5,0,56,79.8,0,No,8.2,16.1
2,Chiang Rai,2025-04-10,April,93.3,68.4,0.008,63,80.3,0.008,Yes,5.3,12.3
2,Chiang Rai,2025-04-11,April,92.8,70.1,0.012,71,80.5,0.012,Yes,9.7,19.7
2,Chiang Rai,2025-04-12,April,90.7,71.2,0.559,70,81.3,0.559,Yes,6.7,14.5
2,Chiang Rai,2025-04-13,April,82.5,70.6,1.122,87,74.4,1.122,Yes,9,19.9
2,Chiang Rai,2025-04-14,April,82.1,67.8,0.004,78,74.2,0.004,Yes,4.5,12.5
2,Chiang Rai,2025-04-15,April,84.7,69.7,0,77,77.3,0,No,5.8,13.9
2,Chiang Rai,2025-04-16,April,90.7,70.4,0,76,79.6,0,No,5.4,12.8
2,Chiang Rai,2025-04-17,April,92.1,69.6,0.055,73,80.1,0.055,Yes,4.9,14.3
2,Chiang Rai,2025-04-18,April,90,69.5,0.413,78,78.3,0.413,Yes,7.2,18.1
2,Chiang Rai,2025-04-19,April,89.8,69.5,0,72,80,0,No,5.2,13.6
2,Chiang Rai,2025-04-20,April,91.6,70.2,0,67,80.9,0,No,10.4,21
2,Chiang Rai,2025-04-21,April,94.1,71.5,0,62,82.4,0,No,8.3,19
2,Chiang Rai,2025-04-22,April,94.9,71.2,0.012,67,82.3,0.012,Yes,5.5,14.1
2,Chiang Rai,2025-04-23,April,95.9,73,0,62,84.4,0,No,7.6,14.3
2,Chiang Rai,2025-04-24,April,97.7,71.1,0,56,85,0,No,8.5,18.6
2,Chiang Rai,2025-04-25,April,97.8,73,0,53,84.7,0,No,4.7,9.8
2,Chiang Rai,2025-04-26,April,95.8,74,0,61,84.5,0,No,6.9,17.2
2,Chiang Rai,2025-04-27,April,95.1,71.4,0.004,67,82.4,0.004,Yes,9.8,19.5
2,Chiang Rai,2025-04-28,April,89.7,71.7,0.004,71,80.3,0.004,Yes,7.3,14.5
2,Chiang Rai,2025-04-29,April,80.2,71.5,0.39,89,75,0.39,Yes,5.7,16.3
2,Chiang Rai,2025-04-30,April,85.1,70.9,0.055,82,77.3,0.055,Yes,8,17
2,Chiang Rai,2025-05-01,May,85.8,70,0.051,77,77.3,0.051,Yes,5.4,12.5
2,Chiang Rai,2025-05-02,May,87.3,71.5,0.016,75,79.2,0.016,Yes,5,14.3
2,Chiang Rai,2025-05-03,May,89.2,70.7,0.004,77,79.3,0.004,Yes,7.3,17.2
2,Chiang Rai,2025-05-04,May,90.1,70.7,0.004,75,80,0.004,Yes,8.3,18.6
2,Chiang Rai,2025-05-05,May,94,70.8,0,64,82.2,0,No,4.6,11.2
2,Chiang Rai,2025-05-06,May,94.4,73.8,0.004,60,84.2,0.004,Yes,6.2,13
2,Chiang Rai,2025-05-07,May,96.1,74.3,0.004,60,85.4,0.004,Yes,7.4,16.1
2,Chiang Rai,2025-05-08,May,95.7,74.2,0.028,69,84,0.028,Yes,7.9,19.7
2,Chiang Rai,2025-05-09,May,95.3,74.8,0.031,66,84.3,0.031,Yes,7.4,16.6
2,Chiang Rai,2025-05-10,May,92.7,75.7,0.004,68,84.3,0.004,Yes,7.2,15.7
2,Chiang Rai,2025-05-11,May,87.4,70.7,0.48,79,79,0.48,Yes,10.4,23
2,Chiang Rai,2025-05-12,May,86.3,71.6,0.035,79,78.1,0.035,Yes,3.8,10.5
2,Chiang Rai,2025-05-13,May,87.5,72.5,0.035,79,79.2,0.035,Yes,5.8,14.8
2,Chiang Rai,2025-05-14,May,87.2,73,0.374,80,79.2,0.374,Yes,6.3,15.4
2,Chiang Rai,2025-05-15,May,86,73.1,0.642,89,76.9,0.642,Yes,9.4,19.5
2,Chiang Rai,2025-05-16,May,84,74.1,0.063,87,78,0.063,Yes,8.6,20.4
2,Chiang Rai,2025-05-17,May,81.1,72.2,0.606,90,76.4,0.606,Yes,5.4,15.7
2,Chiang Rai,2025-05-18,May,86.8,73,0.039,84,78.4,0.039,Yes,5.5,14.5
2,Chiang Rai,2025-05-19,May,88.7,74.7,0.24,79,80.8,0.24,Yes,6.1,14.8
2,Chiang Rai,2025-05-20,May,89,73.8,0.445,80,81.2,0.445,Yes,6.1,15.2
2,Chiang Rai,2025-05-21,May,86,74.2,0.059,83,80.4,0.059,Yes,6.4,14.8
2,Chiang Rai,2025-05-22,May,89,74.6,0.173,81,81.3,0.173,Yes,6.7,15.2
2,Chiang Rai,2025-05-23,May,89.2,74.1,1.264,84,80.2,1.264,Yes,6.4,16.3
2,Chiang Rai,2025-05-24,May,82.9,72.4,1.161,90,76.3,1.161,Yes,5.7,13.9
2,Chiang Rai,2025-05-25,May,83.8,71.7,1.539,90,76.1,1.539,Yes,9.8,21.9
2,Chiang Rai,2025-05-26,May,84.2,71.7,0.173,89,76,0.173,Yes,4.3,17.7
2,Chiang Rai,2025-05-27,May,83.2,72.5,1.622,90,76,1.622,Yes,9.2,19.5
2,Chiang Rai,2025-05-28,May,85.9,72.7,0.122,84,78.8,0.122,Yes,5.9,16.1
2,Chiang Rai,2025-05-29,May,83.9,73.2,0.193,86,78.5,0.193,Yes,9,22.8
2,Chiang Rai,2025-05-30,May,83.4,73.8,0.303,89,77.8,0.303,Yes,9.7,20.6
2,Chiang Rai,2025-05-31,May,84.8,73.6,0.091,87,78.7,0.091,Yes,9.8,23.5
2,Chiang Rai,2025-06-01,June,87.8,73,0.071,81,79.9,0.071,Yes,10.4,25.1
2,Chiang Rai,2025-06-02,June,88.2,74,0.319,82,80.5,0.319,Yes,9.5,24.6
2,Chiang Rai,2025-06-03,June,84.2,73.2,0.213,87,78.1,0.213,Yes,7.4,18.1
2,Chiang Rai,2025-06-04,June,88.1,73.8,0.228,82,80.2,0.228,Yes,5.4,15.4
2,Chiang Rai,2025-06-05,June,89.1,74.4,0.012,82,80.9,0.012,Yes,8,19.2
2,Chiang Rai,2025-06-06,June,88.2,75.1,0.043,83,81.2,0.043,Yes,6.2,17.9
2,Chiang Rai,2025-06-07,June,89.5,75.1,0.126,79,82.3,0.126,Yes,7.9,16.8
2,Chiang Rai,2025-06-08,June,89.4,75,0.165,82,81.5,0.165,Yes,7.1,17.2
2,Chiang Rai,2025-06-09,June,86.7,75.2,0.496,85,80.3,0.496,Yes,5.9,15
2,Chiang Rai,2025-06-10,June,83.9,72.6,0.799,89,77.6,0.799,Yes,3.7,10.1
2,Chiang Rai,2025-06-11,June,84,72.9,0.22,88,77.4,0.22,Yes,6.8,16.3
2,Chiang Rai,2025-06-12,June,88.1,74.8,0.047,84,79.9,0.047,Yes,3.5,10.7
2,Chiang Rai,2025-06-13,June,88.7,73.5,0.13,83,80.8,0.13,Yes,5.3,12.5
2,Chiang Rai,2025-06-14,June,85.8,74.3,1,86,79.2,1,Yes,7.1,15.4
2,Chiang Rai,2025-06-15,June,85.6,74.8,0.461,85,79.1,0.461,Yes,6.6,16.8
2,Chiang Rai,2025-06-16,June,84.7,74.7,0.638,89,78.4,0.638,Yes,7.3,17.9
2,Chiang Rai,2025-06-17,June,85.8,74.7,0.35,87,78.8,0.35,Yes,6.5,17.4
2,Chiang Rai,2025-06-18,June,88.2,74.9,0.52,87,79.2,0.52,Yes,5.7,17.7
2,Chiang Rai,2025-06-19,June,89.2,74.7,0.315,85,79.8,0.315,Yes,6.2,18.6
2,Chiang Rai,2025-06-20,June,89.3,75.1,0.043,81,81,0.043,Yes,4.8,14.8
2,Chiang Rai,2025-06-21,June,86.3,74.5,0.689,88,79.1,0.689,Yes,5,15
2,Chiang Rai,2025-06-22,June,83.8,72.1,0.866,90,76.7,0.866,Yes,6.1,16.3
2,Chiang Rai,2025-06-23,June,82.5,72.4,0.752,91,76.5,0.752,Yes,8.5,20.1
2,Chiang Rai,2025-06-24,June,86.1,72.4,0.209,86,78.1,0.209,Yes,6.1,16.1
2,Chiang Rai,2025-06-25,June,86,73.1,0.102,86,78.9,0.102,Yes,4.7,13.6
2,Chiang Rai,2025-06-26,June,86.9,73.5,0.488,86,79.5,0.488,Yes,5.7,13.4
2,Chiang Rai,2025-06-27,June,82.1,73.1,0.921,92,76.8,0.921,Yes,5.8,14.8
2,Chiang Rai,2025-06-28,June,81.3,72.7,0.555,95,75.6,0.555,Yes,5.2,15.2
2,Chiang Rai,2025-06-29,June,83.4,73.9,0.752,91,77.3,0.752,Yes,5.9,16.3
2,Chiang Rai,2025-06-30,June,84.6,73.2,0.248,89,77.9,0.248,Yes,7,18.1
2,Chiang Rai,2025-07-01,July,83.7,73.5,0.638,87,78.1,0.638,Yes,5,13.9
2,Chiang Rai,2025-07-02,July,82,72.8,0.969,90,77,0.969,Yes,6.5,14.8
2,Chiang Rai,2025-07-03,July,81.2,72.9,0.862,95,76,0.862,Yes,3.9,9.2
2,Chiang Rai,2025-07-04,July,85.6,74.1,0.181,86,78.6,0.181,Yes,3.5,13.4
2,Chiang Rai,2025-07-05,July,82,73.1,1.024,92,76.9,1.024,Yes,3.2,10.3
2,Chiang Rai,2025-07-06,July,81.1,72.1,1.315,92,75.9,1.315,Yes,6.5,14.5
2,Chiang Rai,2025-07-07,July,82.4,72.4,0.437,90,77,0.437,Yes,7.2,17.2
2,Chiang Rai,2025-07-08,July,86.3,72.4,0.256,86,78.8,0.256,Yes,5.4,15.9
2,Chiang Rai,2025-07-09,July,86.4,74.6,0.22,83,79.8,0.22,Yes,6.4,16.8
2,Chiang Rai,2025-07-10,July,86.3,73.9,0.067,84,78.8,0.067,Yes,5.5,18.6
2,Chiang Rai,2025-07-11,July,84.7,73.1,1.201,90,77.6,1.201,Yes,5,13.4
2,Chiang Rai,2025-07-12,July,84,73.1,1.004,90,77.4,1.004,Yes,4.7,13.9
2,Chiang Rai,2025-07-13,July,85.3,73.3,0.472,88,78.3,0.472,Yes,5.3,12.5
2,Chiang Rai,2025-07-14,July,85,73.9,0.35,88,78.9,0.35,Yes,9,18.3
2,Chiang Rai,2025-07-15,July,84.2,75,0.783,91,78.6,0.783,Yes,5.7,13.9
2,Chiang Rai,2025-07-16,July,82,74.5,0.803,91,77.6,0.803,Yes,6.5,17.4
2,Chiang Rai,2025-07-17,July,82.2,72.2,0.909,94,75.9,0.909,Yes,6.5,16.8
2,Chiang Rai,2025-07-18,July,84.9,72.6,0.134,88,77.8,0.134,Yes,4.9,15.9
2,Chiang Rai,2025-07-19,July,88.4,73.8,0.039,85,80.2,0.039,Yes,5.5,14.3
2,Chiang Rai,2025-07-20,July,86.8,73.8,0.291,86,78.8,0.291,Yes,4.8,13.9
2,Chiang Rai,2025-07-21,July,87.4,74.4,0.024,85,79.8,0.024,Yes,7.1,18.6
2,Chiang Rai,2025-07-22,July,77.5,74.6,1.358,96,76.2,1.358,Yes,4,12.1
2,Chiang Rai,2025-07-23,July,80.8,73.4,1.252,95,75.7,1.252,Yes,10.8,22.4
2,Chiang Rai,2025-07-24,July,80.1,73.5,0.701,93,75.8,0.701,Yes,6.4,17.9
2,Chiang Rai,2025-07-25,July,84,73.9,0.807,91,77.6,0.807,Yes,7,19
2,Chiang Rai,2025-07-26,July,81.3,73.9,1.201,94,77.3,1.201,Yes,4.9,17
2,Chiang Rai,2025-07-27,July,79.5,72.2,1.78,95,75.4,1.78,Yes,6,13.4
2,Chiang Rai,2025-07-28,July,81.5,72.3,1.193,94,75.9,1.193,Yes,5.2,13.6
2,Chiang Rai,2025-07-29,July,87.4,74.1,0.083,88,79.4,0.083,Yes,7.8,17.4
2,Chiang Rai,2025-07-30,July,89.6,73.8,0.067,83,80.5,0.067,Yes,8,15.9
2,Chiang Rai,2025-07-31,July,90.5,74.7,0.126,79,81.1,0.126,Yes,9.8,19.7
2,Chiang Rai,2025-08-01,August,90.5,74.7,0.26,83,80.3,0.26,Yes,7.4,17.2
2,Chiang Rai,2025-08-02,August,88.8,73.6,0.228,83,80.7,0.228,Yes,4.8,15
2,Chiang Rai,2025-08-03,August,91,74.3,0.012,78,81.8,0.012,Yes,6.8,18.1
2,Chiang Rai,2025-08-04,August,90.4,73.7,0,76,81.3,0,No,5.6,15.4
2,Chiang Rai,2025-08-05,August,89.2,75.1,0.634,85,80.2,0.634,Yes,7,16.6
2,Chiang Rai,2025-08-06,August,79,72.9,1.079,95,76.1,1.079,Yes,5.6,14.5
2,Chiang Rai,2025-08-07,August,84.1,73.9,0.303,88,77.4,0.303,Yes,6.7,17.2
2,Chiang Rai,2025-08-08,August,85,74.5,0.787,89,77.4,0.787,Yes,7,18.1
2,Chiang Rai,2025-08-09,August,90.1,73.2,0.028,82,80.1,0.028,Yes,7.5,16.3
2,Chiang Rai,2025-08-10,August,88.7,73.3,0.236,85,80,0.236,Yes,6,15.4
2,Chiang Rai,2025-08-11,August,87,72.8,0.35,89,79.1,0.35,Yes,4.7,13
2,Chiang Rai,2025-08-12,August,84.6,72.4,0.169,87,78.4,0.169,Yes,6.1,15.4
2,Chiang Rai,2025-08-13,August,84.8,72.7,0.051,88,77.7,0.051,Yes,3.9,12.5
2,Chiang Rai,2025-08-14,August,85.3,73,0.138,84,79.2,0.138,Yes,5,14.8
2,Chiang Rai,2025-08-15,August,83.8,71.8,0.827,88,77.7,0.827,Yes,4.2,14.3
2,Chiang Rai,2025-08-16,August,82.8,69.8,0.744,91,74.9,0.744,Yes,7.5,19.2
2,Chiang Rai,2025-08-17,August,84,71.2,0.402,88,76.5,0.402,Yes,6.6,16.8
2,Chiang Rai,2025-08-18,August,87.3,72.4,0.004,83,79.4,0.004,Yes,4.6,10.7
2,Chiang Rai,2025-08-19,August,87.6,73.4,0.051,84,79.9,0.051,Yes,6.5,16.8
2,Chiang Rai,2025-08-20,August,87.6,74.1,0.311,87,79.1,0.311,Yes,6.4,14.1
2,Chiang Rai,2025-08-21,August,85,74.3,0.26,89,78.6,0.26,Yes,6.5,16.3
2,Chiang Rai,2025-08-22,August,84.8,71.8,0.354,88,77.5,0.354,Yes,5.3,13.6
2,Chiang Rai,2025-08-23,August,82.9,71.6,0.516,91,76,0.516,Yes,4.5,15.2
2,Chiang Rai,2025-08-24,August,85.6,71.7,0.213,88,77.4,0.213,Yes,4.4,12.3
2,Chiang Rai,2025-08-25,August,88,71.3,0.303,83,78.6,0.303,Yes,11.1,20.6
2,Chiang Rai,2025-08-26,August,84.9,71.2,0.598,89,76.1,0.598,Yes,11.4,23.3
2,Chiang Rai,2025-08-27,August,79.3,71.6,1.693,94,74.5,1.693,Yes,6.4,17.4
2,Chiang Rai,2025-08-28,August,81.4,71.9,0.209,91,75.7,0.209,Yes,4.4,13.6
2,Chiang Rai,2025-08-29,August,84.8,72,0.083,87,77.5,0.083,Yes,4.2,11.6
2,Chiang Rai,2025-08-30,August,87.3,72.1,0.48,87,78.3,0.48,Yes,7.9,19.5
2,Chiang Rai,2025-08-31,August,84.2,70.3,0.945,89,76.3,0.945,Yes,13.3,27.3
2,Chiang Rai,2025-09-01,September,83.9,71.9,0.165,87,77,0.165,Yes,7,15.9
2,Chiang Rai,2025-09-02,September,82.9,72,0.169,89,77.1,0.169,Yes,6.3,14.1
2,Chiang Rai,2025-09-03,September,85.9,73,0.043,87,78.9,0.043,Yes,6.1,13.6
2,Chiang Rai,2025-09-04,September,88.8,73.4,0.028,83,81,0.028,Yes,5.4,11.2
2,Chiang Rai,2025-09-05,September,88.1,73.3,0.02,83,80.7,0.02,Yes,5.9,12.5
2,Chiang Rai,2025-09-06,September,87.7,72.8,0.244,86,79.6,0.244,Yes,5.2,13.2
2,Chiang Rai,2025-09-07,September,85.8,71.4,0.213,88,77.6,0.213,Yes,4.1,11.4
2,Chiang Rai,2025-09-08,September,86.6,72.9,0.012,84,79.3,0.012,Yes,3.3,10.5
2,Chiang Rai,2025-09-09,September,84.5,72.8,0.13,86,78.2,0.13,Yes,7.2,15.4
2,Chiang Rai,2025-09-10,September,81.4,71.3,0.992,91,75.9,0.992,Yes,7.4,16.3
2,Chiang Rai,2025-09-11,September,82.9,71.3,0.705,91,76,0.705,Yes,5.4,15.2
2,Chiang Rai,2025-09-12,September,84.5,70.9,0.102,88,77.5,0.102,Yes,4.5,11.9
2,Chiang Rai,2025-09-13,September,81.3,71.6,0.37,93,75.8,0.37,Yes,4.6,13.2
2,Chiang Rai,2025-09-14,September,83,71.9,0.114,88,77,0.114,Yes,6.7,17.2
2,Chiang Rai,2025-09-15,September,86.1,71.5,0.339,86,77.8,0.339,Yes,6,14.5
2,Chiang Rai,2025-09-16,September,82.8,70.8,0.146,88,76.7,0.146,Yes,5.2,13.4
2,Chiang Rai,2025-09-17,September,86.2,72.1,0.165,84,78.9,0.165,Yes,2.8,17.2
2,Chiang Rai,2025-09-18,September,86,72.4,0.957,85,78.8,0.957,Yes,6.9,13
2,Chiang Rai,2025-09-19,September,85.4,72.3,0.126,86,78.1,0.126,Yes,3.7,10.7
2,Chiang Rai,2025-09-20,September,85,71.8,0.197,88,77.1,0.197,Yes,6.2,18.3
2,Chiang Rai,2025-09-21,September,80.5,72.1,0.398,91,76.6,0.398,Yes,4,13
2,Chiang Rai,2025-09-22,September,82.4,71.5,0.516,92,76.4,0.516,Yes,6.2,12.8
2,Chiang Rai,2025-09-23,September,83.8,71.4,0.567,87,77.5,0.567,Yes,4,9.8
2,Chiang Rai,2025-09-24,September,83.4,71.9,1.157,91,76.1,1.157,Yes,4.7,14.8
2,Chiang Rai,2025-09-25,September,85.3,72.2,0.244,87,78,0.244,Yes,4.6,11.2
2,Chiang Rai,2025-09-26,September,84.6,72.1,1.346,89,76.2,1.346,Yes,9.3,18.8
2,Chiang Rai,2025-09-27,September,83.8,71.2,0.953,91,75.5,0.953,Yes,8.8,21.3
2,Chiang Rai,2025-09-28,September,86.9,72.2,0,78,79.2,0,No,8.1,17.7
2,Chiang Rai,2025-09-29,September,90.4,72.9,0.346,78,80.6,0.346,Yes,8.6,18.3
2,Chiang Rai,2025-09-30,September,78.4,71,1.453,95,73.6,1.453,Yes,8.8,18.3
2,Chiang Rai,2025-10-01,October,79.3,72,0.394,94,74.4,0.394,Yes,5.8,16.3
2,Chiang Rai,2025-10-02,October,84.5,71.7,0.047,87,77.5,0.047,Yes,3.4,9.8
2,Chiang Rai,2025-10-03,October,88.3,72.7,0.004,84,79.7,0.004,Yes,6.1,14.1
2,Chiang Rai,2025-10-04,October,82.4,72.4,0.185,91,77.2,0.185,Yes,4.3,11
2,Chiang Rai,2025-10-05,October,86.6,73.3,0.024,84,79,0.024,Yes,4.9,13.4
2,Chiang Rai,2025-10-06,October,88.3,73.9,0.087,86,79.2,0.087,Yes,7.2,16.3
2,Chiang Rai,2025-10-07,October,81,71.3,0.358,92,75.8,0.358,Yes,6.2,16.3
2,Chiang Rai,2025-10-08,October,83.3,71.4,0.154,88,76,0.154,Yes,5.7,13.6
2,Chiang Rai,2025-10-09,October,85.3,71.2,0.028,86,77.5,0.028,Yes,5.2,12.3
2,Chiang Rai,2025-10-10,October,86.3,70.8,0.02,82,78,0.02,Yes,5.2,11.2
2,Chiang Rai,2025-10-11,October,86.9,72,0,78,79,0,No,2.7,9.8
2,Chiang Rai,2025-10-12,October,87.1,72.6,0,78,79.3,0,No,3,8.9
2,Chiang Rai,2025-10-13,October,85.6,71.9,0.181,85,78,0.181,Yes,4,12.5
2,Chiang Rai,2025-10-14,October,83.3,71.4,0.878,87,76.6,0.878,Yes,5.1,13
2,Chiang Rai,2025-10-15,October,82.8,72,1.169,91,74.8,1.169,Yes,5.7,19.2
2,Chiang Rai,2025-10-16,October,82,70.9,0.15,91,75.2,0.15,Yes,6.4,15
2,Chiang Rai,2025-10-17,October,85.3,71.4,0.079,87,76.5,0.079,Yes,6.1,12.8
2,Chiang Rai,2025-10-18,October,86.3,69.7,0.028,82,77.7,0.028,Yes,4.8,12.5
2,Chiang Rai,2025-10-19,October,86.1,70.3,0,78,78.2,0,No,6.8,15.9
2,Chiang Rai,2025-10-20,October,85.4,70,0,75,77.5,0,No,5.6,13.9
2,Chiang Rai,2025-10-21,October,84.7,69,0.008,76,76.8,0.008,Yes,7.5,16.8
2,Chiang Rai,2025-10-22,October,82.5,66.9,0,72,74.7,0,No,10,21.5
2,Chiang Rai,2025-10-23,October,83.4,68.7,0,72,75.2,0,No,8.8,18.8
2,Chiang Rai,2025-10-24,October,81.8,66.5,0,75,74.6,0,No,8.3,17.9
2,Chiang Rai,2025-10-25,October,82,67.6,0.008,78,74.6,0.008,Yes,5.2,13.4
2,Chiang Rai,2025-10-26,October,82.5,65.5,0,77,74.5,0,No,7.1,16.8
2,Chiang Rai,2025-10-27,October,82.5,65.8,0,77,73.3,0,No,7.9,17.7
2,Chiang Rai,2025-10-28,October,84,66.2,0,75,74.9,0,No,8.1,17.9
2,Chiang Rai,2025-10-29,October,83.5,67.4,0,77,75.7,0,No,5.9,14.3
2,Chiang Rai,2025-10-30,October,85.3,69.2,0,75,77.1,0,No,7.2,16.3
2,Chiang Rai,2025-10-31,October,84.7,70.2,1.732,82,77.3,1.732,Yes,7.6,17.9
2,Chiang Rai,2025-11-01,November,80.2,70.5,0.953,90,75,0.953,Yes,5.5,15.7
2,Chiang Rai,2025-11-02,November,81.2,70.8,0.173,88,75.7,0.173,Yes,6.6,20.1
2,Chiang Rai,2025-11-03,November,80.3,69.1,1.437,92,73.2,1.437,Yes,6.4,17.4
2,Chiang Rai,2025-11-04,November,80.2,71.3,0.075,83,74.9,0.075,Yes,5.7,13.9
2,Chiang Rai,2025-11-05,November,80.3,70.8,0.055,81,74.8,0.055,Yes,4.3,11.9
2,Chiang Rai,2025-11-06,November,83.3,68.5,0.016,82,76.3,0.016,Yes,3.5,10.7
2,Chiang Rai,2025-11-07,November,85.1,68.9,0.016,79,78,0.016,Yes,6.2,13.2
2,Chiang Rai,2025-11-08,November,83,71.6,1.528,88,75.7,1.528,Yes,7.5,17.7
2,Chiang Rai,2025-11-09,November,79.2,69.7,0.921,91,73.5,0.921,Yes,4.2,12.3
2,Chiang Rai,2025-11-10,November,82.2,70.7,0.161,90,75,0.161,Yes,6.3,14.3
2,Chiang Rai,2025-11-11,November,83.2,68.1,0.02,87,75.4,0.02,Yes,2.2,9.4
2,Chiang Rai,2025-11-12,November,85.2,68.6,0,78,76.1,0,No,3,9.8
2,Chiang Rai,2025-11-13,November,84.4,68.8,0.126,83,75.6,0.126,Yes,5.9,11.4
2,Chiang Rai,2025-11-14,November,82.9,68.7,0.091,86,74.5,0.091,Yes,3.3,9.8
2,Chiang Rai,2025-11-15,November,81.5,64,0.016,83,73.4,0.016,Yes,6.1,13.9
2,Chiang Rai,2025-11-16,November,80.8,65.4,0,70,73.3,0,No,8.1,18.1
2,Chiang Rai,2025-11-17,November,80.2,69.5,0.961,82,73.2,0.961,Yes,8.6,18.3
2,Chiang Rai,2025-11-18,November,70.8,64,0.626,91,68.8,0.626,Yes,9.6,17.4
2,Chiang Rai,2025-11-19,November,70,59.3,0.016,77,64.7,0.016,Yes,10.8,21.9
2,Chiang Rai,2025-11-20,November,73.8,60.4,0,73,67.6,0,No,8.9,19.5
2,Chiang Rai,2025-11-21,November,75.4,58.3,0,73,66.6,0,No,8.9,19.2
2,Chiang Rai,2025-11-22,November,75.8,59.2,0,77,66.7,0,No,6.2,15.2
2,Chiang Rai,2025-11-23,November,77.3,58.2,0,78,67.3,0,No,4.3,12.3
2,Chiang Rai,2025-11-24,November,78.4,59.4,0,74,68.3,0,No,6.8,15.9
2,Chiang Rai,2025-11-25,November,76.2,55.2,0,70,66.1,0,No,10.2,21.7
2,Chiang Rai,2025-11-26,November,75,55.9,0,72,64.5,0,No,6.7,16.1
2,Chiang Rai,2025-11-27,November,75.5,52.4,0,63,63.9,0,No,10.6,22.1
2,Chiang Rai,2025-11-28,November,72.8,50.4,0,66,60.6,0,No,7.5,17
2,Chiang Rai,2025-11-29,November,73.1,49.8,0,69,60.7,0,No,3.7,11.2
2,Chiang Rai,2025-11-30,November,74.2,49.6,0,77,62.2,0,No,2.9,10.3
2,Chiang Rai,2025-12-01,December,76.1,53.5,0,80,64.3,0,No,2.6,10.1
2,Chiang Rai,2025-12-02,December,78.2,54.3,0,82,66.7,0,No,3.1,9.8
2,Chiang Rai,2025-12-03,December,79.4,58.6,0,76,67.8,0,No,4.4,11.6
2,Chiang Rai,2025-12-04,December,79.4,59.5,0,79,68.4,0,No,3.2,9.6
2,Chiang Rai,2025-12-05,December,80.4,60.4,0,78,71,0,No,2.6,9.6
2,Chiang Rai,2025-12-06,December,81.5,62.9,0,81,71.9,0,No,2.8,9.4
2,Chiang Rai,2025-12-07,December,81.8,63.3,0.016,82,72.1,0.016,Yes,3.4,10.5
2,Chiang Rai,2025-12-08,December,79.5,62.1,0.028,80,70.5,0.028,Yes,4.9,12.5
2,Chiang Rai,2025-12-09,December,78.3,60.2,0,73,68.6,0,No,5.3,12.5
2,Chiang Rai,2025-12-10,December,76.6,58,0,76,66.6,0,No,4,9.4
2,Chiang Rai,2025-12-11,December,76.8,57.7,0.035,73,69.9,0.035,Yes,5.5,14.1
2,Chiang Rai,2025-12-12,December,74.2,60.7,0,82,67.8,0,No,3.3,10.1
2,Chiang Rai,2025-12-13,December,78.4,61.7,0,81,70.1,0,No,6.6,15.7
2,Chiang Rai,2025-12-14,December,79.3,62.9,0,79,70.6,0,No,7,16.3
2,Chiang Rai,2025-12-15,December,79.3,61.7,0.004,81,69.9,0.004,Yes,3.4,11
2,Chiang Rai,2025-12-16,December,79.4,62.1,0.024,80,70.3,0.024,Yes,3.5,9.8
2,Chiang Rai,2025-12-17,December,77.8,62.5,0.106,83,68.7,0.106,Yes,6,15.7
2,Chiang Rai,2025-12-18,December,76.3,59.9,0.004,84,67.2,0.004,Yes,4.4,12.8
2,Chiang Rai,2025-12-19,December,78.1,59.2,0.004,80,68.2,0.004,Yes,2.9,10.3
2,Chiang Rai,2025-12-20,December,79,58.2,0,76,67.8,0,No,2.8,10.1
2,Chiang Rai,2025-12-21,December,78.2,58.6,0,71,67.6,0,No,6,15
2,Chiang Rai,2025-12-22,December,78.3,57.1,0,72,67.5,0,No,2.8,10.3
2,Chiang Rai,2025-12-23,December,78.4,56.8,0,77,69.5,0,No,4.5,12.8
2,Chiang Rai,2025-12-24,December,79.7,61.5,0.004,78,70.6,0.004,Yes,4.9,10.3
2,Chiang Rai,2025-12-25,December,80.5,60.8,0,72,69.5,0,No,3.3,10.7
2,Chiang Rai,2025-12-26,December,79.8,59.5,0,73,69.7,0,No,3.2,10.3
2,Chiang Rai,2025-12-27,December,78.4,59.4,0,74,69,0,No,2.7,10.3
2,Chiang Rai,2025-12-28,December,78.7,57.9,0,73,68.5,0,No,3.5,10.5
2,Chiang Rai,2025-12-29,December,80.4,56.7,0,75,68.1,0,No,3.6,8.7
2,Chiang Rai,2025-12-30,December,78.5,56.4,0,74,67.5,0,No,5.1,11.6
2,Chiang Rai,2025-12-31,December,79.6,56.5,0,79,68.1,0,No,4,8.9
3,Baan Rak Thai,2025-01-01,January,71.2,58.9,0.028,77,64.5,0.028,Yes,5.6,15.2
3,Baan Rak Thai,2025-01-02,January,72.6,58.8,0,71,64.8,0,No,5,12.8
3,Baan Rak Thai,2025-01-03,January,73,59.4,0,65,65.7,0,No,6.1,15.2
3,Baan Rak Thai,2025-01-04,January,72.2,58.3,0,69,63.9,0,No,5.6,14.5
3,Baan Rak Thai,2025-01-05,January,71.1,57.4,0,64,63.6,0,No,5.2,13.6
3,Baan Rak Thai,2025-01-06,January,70.6,57.1,0,68,62.7,0,No,5.1,12.3
3,Baan Rak Thai,2025-01-07,January,68.6,57.1,0,69,62.2,0,No,5.9,15.9
3,Baan Rak Thai,2025-01-08,January,69.7,56.6,0,68,61.6,0,No,6.3,17
3,Baan Rak Thai,2025-01-09,January,70.5,57.1,0,64,63,0,No,6.3,15.7
3,Baan Rak Thai,2025-01-10,January,71.2,58.7,0,66,64.6,0,No,5.5,13.9
3,Baan Rak Thai,2025-01-11,January,70.8,53.6,0,70,61.6,0,No,6.7,15.4
3,Baan Rak Thai,2025-01-12,January,67.3,51.3,0,58,58.7,0,No,6.5,14.5
3,Baan Rak Thai,2025-01-13,January,69.2,50.9,0,58,59.8,0,No,4.4,11.9
3,Baan Rak Thai,2025-01-14,January,72,54.4,0,64,62,0,No,4,10.7
3,Baan Rak Thai,2025-01-15,January,72.5,55,0,57,63.2,0,No,5.3,13.4
3,Baan Rak Thai,2025-01-16,January,72.4,55.9,0,61,62.9,0,No,4.4,11.9
3,Baan Rak Thai,2025-01-17,January,73.9,56.5,0,65,63.7,0,No,4.4,11.9
3,Baan Rak Thai,2025-01-18,January,74.2,57.3,0,65,64.7,0,No,3.9,12.1
3,Baan Rak Thai,2025-01-19,January,74.3,58.1,0,67,64.8,0,No,4.9,14.1
3,Baan Rak Thai,2025-01-20,January,74.8,57.7,0,70,64.8,0,No,4.8,13.6
3,Baan Rak Thai,2025-01-21,January,74.3,57.3,0,66,64.5,0,No,5.2,14.8
3,Baan Rak Thai,2025-01-22,January,76,56.9,0,65,65.4,0,No,4.1,12.5
3,Baan Rak Thai,2025-01-23,January,76.9,57.6,0,65,66.2,0,No,4,12.3
3,Baan Rak Thai,2025-01-24,January,76.4,56.7,0,65,65.4,0,No,5.2,13.2
3,Baan Rak Thai,2025-01-25,January,76.6,56,0,65,65.9,0,No,4,10.3
3,Baan Rak Thai,2025-01-26,January,76.4,58.5,0,59,66.9,0,No,5,12.8
3,Baan Rak Thai,2025-01-27,January,72.3,55.4,0.008,78,63,0.008,Yes,8.9,22.8
3,Baan Rak Thai,2025-01-28,January,68.4,55,0.114,82,61.7,0.114,Yes,7.5,19.7
3,Baan Rak Thai,2025-01-29,January,69.1,58.1,0.031,78,62.8,0.031,Yes,7.8,20.4
3,Baan Rak Thai,2025-01-30,January,73.2,57.3,0.004,75,63.4,0.004,Yes,8.4,21.5
3,Baan Rak Thai,2025-01-31,January,75.4,56,0,68,64.6,0,No,5.2,15.9
3,Baan Rak Thai,2025-02-01,February,76.4,55.5,0,60,65.1,0,No,4.9,14.1
3,Baan Rak Thai,2025-02-02,February,78,55.3,0,58,66.4,0,No,4.3,12.3
3,Baan Rak Thai,2025-02-03,February,79.3,60.1,0,53,69.1,0,No,5.2,13.9
3,Baan Rak Thai,2025-02-04,February,78.5,60.2,0,58,68.1,0,No,9.7,23.5
3,Baan Rak Thai,2025-02-05,February,75.9,57.2,0,72,65.6,0,No,8.9,22.4
3,Baan Rak Thai,2025-02-06,February,77.3,56.8,0,67,66.8,0,No,4.8,13.6
3,Baan Rak Thai,2025-02-07,February,78,59.6,0,64,67.9,0,No,7.3,18.6
3,Baan Rak Thai,2025-02-08,February,77.2,61.7,0.024,66,69.6,0.024,Yes,6.9,18.3
3,Baan Rak Thai,2025-02-09,February,75.1,61.8,0.02,76,67.4,0.02,Yes,6.5,17.9
3,Baan Rak Thai,2025-02-10,February,76.8,59.9,0.028,71,66.9,0.028,Yes,6.5,17.2
3,Baan Rak Thai,2025-02-11,February,77.6,58.6,0,62,66.7,0,No,7.3,18.8
3,Baan Rak Thai,2025-02-12,February,78.5,57.8,0,54,66.9,0,No,6.2,16.1
3,Baan Rak Thai,2025-02-13,February,77.3,57.7,0,52,66.8,0,No,7.2,17.4
3,Baan Rak Thai,2025-02-14,February,77.4,57.4,0,56,66,0,No,7.8,20.4
3,Baan Rak Thai,2025-02-15,February,77.1,56.1,0,57,65.7,0,No,6.7,17.4
3,Baan Rak Thai,2025-02-16,February,77.1,56.7,0,59,66,0,No,7.1,18.6
3,Baan Rak Thai,2025-02-17,February,79.3,56.8,0,50,67.8,0,No,7.1,19
3,Baan Rak Thai,2025-02-18,February,79,57.9,0,52,67.3,0,No,8,20.8
3,Baan Rak Thai,2025-02-19,February,78.9,57.7,0,55,67.8,0,No,7.2,18.3
3,Baan Rak Thai,2025-02-20,February,80.5,58.6,0,47,68.9,0,No,5,15.2
3,Baan Rak Thai,2025-02-21,February,81.9,58.9,0,43,69.3,0,No,6.6,19.7
3,Baan Rak Thai,2025-02-22,February,81.2,61.1,0,43,71.4,0,No,4.9,15.7
3,Baan Rak Thai,2025-02-23,February,80.7,64.4,0.012,53,71.7,0.012,Yes,6.9,18.1
3,Baan Rak Thai,2025-02-24,February,75.5,60.2,1.295,85,65.5,1.295,Yes,7.2,17.9
3,Baan Rak Thai,2025-02-25,February,73.5,59.4,0.705,88,64.6,0.705,Yes,4,13.4
3,Baan Rak Thai,2025-02-26,February,79.1,59.5,0.047,67,69.2,0.047,Yes,4,12.5
3,Baan Rak Thai,2025-02-27,February,81.1,60.7,0,58,69.4,0,No,5.9,15.9
3,Baan Rak Thai,2025-02-28,February,82.4,60.6,0,57,70.3,0,No,6.3,17.2
3,Baan Rak Thai,2025-03-01,March,84,60.5,0,52,69.9,0,No,6.6,19
3,Baan Rak Thai,2025-03-02,March,83.7,60.7,0,47,70.6,0,No,6.6,17.4
3,Baan Rak Thai,2025-03-03,March,84.3,60.4,0,45,70,0,No,7.1,19.2
3,Baan Rak Thai,2025-03-04,March,82.8,59.5,0,49,70,0,No,6.3,17.2
3,Baan Rak Thai,2025-03-05,March,81.3,59.2,0,47,69.5,0,No,7.3,18.3
3,Baan Rak Thai,2025-03-06,March,79.9,60.4,0,49,69.6,0,No,6.7,17
3,Baan Rak Thai,2025-03-07,March,84.1,62.4,0,52,71.1,0,No,9.7,24.2
3,Baan Rak Thai,2025-03-08,March,80.9,61.1,0.039,67,70.1,0.039,Yes,10.1,24.4
3,Baan Rak Thai,2025-03-09,March,79.6,61.3,0.016,68,69.9,0.016,Yes,7.1,18.6
3,Baan Rak Thai,2025-03-10,March,82.7,64,0.016,59,72.4,0.016,Yes,4.3,12.3
3,Baan Rak Thai,2025-03-11,March,84.8,64,0,51,72.6,0,No,7.4,20.1
3,Baan Rak Thai,2025-03-12,March,84.2,63.6,0,54,72.5,0,No,9.2,23.7
3,Baan Rak Thai,2025-03-13,March,84.7,62.6,0,48,71.4,0,No,8.1,21.7
3,Baan Rak Thai,2025-03-14,March,86.5,62.2,0,41,73.1,0,No,6.1,17
3,Baan Rak Thai,2025-03-15,March,88.3,62,0,42,74,0,No,5.4,13.4
3,Baan Rak Thai,2025-03-16,March,87.4,63.9,0,44,75.3,0,No,6.6,18.1
3,Baan Rak Thai,2025-03-17,March,87.9,65.3,0,46,75.9,0,No,7.9,21
3,Baan Rak Thai,2025-03-18,March,87.4,66.3,0,49,75.6,0,No,6.9,19.2
3,Baan Rak Thai,2025-03-19,March,83.5,60.4,0.055,74,71,0.055,Yes,6,17.9
3,Baan Rak Thai,2025-03-20,March,82.3,60.6,0.004,67,70.9,0.004,Yes,4.8,14.1
3,Baan Rak Thai,2025-03-21,March,80.7,63.4,0.008,66,71.4,0.008,Yes,4.7,14.1
3,Baan Rak Thai,2025-03-22,March,82.1,65.8,0.043,68,72.5,0.043,Yes,5.5,15
3,Baan Rak Thai,2025-03-23,March,83.5,64,0.004,59,72.6,0.004,Yes,6.4,17.2
3,Baan Rak Thai,2025-03-24,March,84.5,62.7,0,53,72.7,0,No,6,16.3
3,Baan Rak Thai,2025-03-25,March,82.2,63,0.004,54,71.9,0.004,Yes,7.2,18.6
3,Baan Rak Thai,2025-03-26,March,82.2,61.4,0,52,71.2,0,No,8.9,21.3
3,Baan Rak Thai,2025-03-27,March,82.6,62,0,49,72,0,No,7.2,18.6
3,Baan Rak Thai,2025-03-28,March,82.6,62.7,0,55,72.2,0,No,6.6,16.6
3,Baan Rak Thai,2025-03-29,March,84.3,64.6,0,49,73.9,0,No,6.6,17.7
3,Baan Rak Thai,2025-03-30,March,85.8,66.5,0,58,74.4,0,No,7.7,19.2
3,Baan Rak Thai,2025-03-31,March,86.7,65.9,0,63,74.6,0,No,7.4,19.7
3,Baan Rak Thai,2025-04-01,April,86.7,64.9,0,60,74.9,0,No,7.2,18.8
3,Baan Rak Thai,2025-04-02,April,86.6,65.9,0.004,59,75.4,0.004,Yes,5.2,13.4
3,Baan Rak Thai,2025-04-03,April,86.1,65.9,0,67,75.1,0,No,7.2,15.7
3,Baan Rak Thai,2025-04-04,April,87.3,65.6,0.008,66,75.3,0.008,Yes,7.7,19.5
3,Baan Rak Thai,2025-04-05,April,84.4,66.7,0.075,73,73.9,0.075,Yes,7.6,22.1
3,Baan Rak Thai,2025-04-06,April,80.5,67.5,0.055,79,71.2,0.055,Yes,7.4,18.6
3,Baan Rak Thai,2025-04-07,April,81.5,66.7,0.071,67,72,0.071,Yes,6,17.4
3,Baan Rak Thai,2025-04-08,April,81.1,65.6,0,60,72.7,0,No,4,10.7
3,Baan Rak Thai,2025-04-09,April,83.8,65.4,0,53,74,0,No,6,13.2
3,Baan Rak Thai,2025-04-10,April,84,64.9,0.248,78,72,0.248,Yes,6.9,19
3,Baan Rak Thai,2025-04-11,April,84.7,65.9,0.039,78,72.9,0.039,Yes,8.7,21.5
3,Baan Rak Thai,2025-04-12,April,79.7,65.9,0.185,85,71,0.185,Yes,5.7,16.8
3,Baan Rak Thai,2025-04-13,April,80,64,1.114,85,70.6,1.114,Yes,7.3,19.2
3,Baan Rak Thai,2025-04-14,April,77.5,64.9,1.098,86,69.7,1.098,Yes,4.3,13.6
3,Baan Rak Thai,2025-04-15,April,80.1,66.2,0.201,82,71.6,0.201,Yes,4.9,13.9
3,Baan Rak Thai,2025-04-16,April,82.9,64.3,0.13,83,71.7,0.13,Yes,6.7,18.3
3,Baan Rak Thai,2025-04-17,April,82.2,64.5,0.134,80,72.1,0.134,Yes,6.7,20.1
3,Baan Rak Thai,2025-04-18,April,82,64.2,0.051,77,71.9,0.051,Yes,8.3,21.7
3,Baan Rak Thai,2025-04-19,April,81.6,65.3,0.031,74,72.2,0.031,Yes,7.2,18.8
3,Baan Rak Thai,2025-04-20,April,82.9,65.8,0.02,70,73.5,0.02,Yes,8,20.1
3,Baan Rak Thai,2025-04-21,April,83.8,67.6,0.024,73,74.2,0.024,Yes,8.1,20.4
3,Baan Rak Thai,2025-04-22,April,86,67.6,0.063,77,74.7,0.063,Yes,7.4,20.8
3,Baan Rak Thai,2025-04-23,April,87.5,66.6,0.004,68,75.8,0.004,Yes,6.6,18.8
3,Baan Rak Thai,2025-04-24,April,88.2,66.5,0,67,76.1,0,No,6.3,17.7
3,Baan Rak Thai,2025-04-25,April,88.3,68.3,0.004,62,77.3,0.004,Yes,7.1,17.4
3,Baan Rak Thai,2025-04-26,April,86.9,67.4,0.004,72,76.2,0.004,Yes,5.8,16.6
3,Baan Rak Thai,2025-04-27,April,86.6,68.8,0.043,69,76.7,0.043,Yes,6.6,16.8
3,Baan Rak Thai,2025-04-28,April,85.7,64.2,0.209,76,74.2,0.209,Yes,9.1,23
3,Baan Rak Thai,2025-04-29,April,77.1,64.9,0.15,87,69,0.15,Yes,6.8,20.4
3,Baan Rak Thai,2025-04-30,April,78,65,0.303,84,69.5,0.303,Yes,6.1,17.7
3,Baan Rak Thai,2025-05-01,May,79.7,64.5,0.559,83,70.4,0.559,Yes,8.4,19.9
3,Baan Rak Thai,2025-05-02,May,80.3,65.8,0.122,81,71.7,0.122,Yes,7.1,19.2
3,Baan Rak Thai,2025-05-03,May,79.5,64.9,0.614,87,70.2,0.614,Yes,7.4,21.5
3,Baan Rak Thai,2025-05-04,May,83,65.1,0.02,74,72.8,0.02,Yes,7.7,20.1
3,Baan Rak Thai,2025-05-05,May,81.6,66.3,0.079,72,73.3,0.079,Yes,4.9,15
3,Baan Rak Thai,2025-05-06,May,86.3,67.1,0.024,64,76,0.024,Yes,5.9,15.2
3,Baan Rak Thai,2025-05-07,May,85.7,67.2,0.039,72,75.6,0.039,Yes,6.5,18.1
3,Baan Rak Thai,2025-05-08,May,84.6,67.5,0.083,81,74.4,0.083,Yes,6.1,17
3,Baan Rak Thai,2025-05-09,May,86.9,69.2,0.055,72,76.8,0.055,Yes,6.9,14.8
3,Baan Rak Thai,2025-05-10,May,84.1,68.8,0.283,81,75.1,0.283,Yes,5.2,15
3,Baan Rak Thai,2025-05-11,May,86.1,65.5,0.76,86,72.7,0.76,Yes,6.7,16.8
3,Baan Rak Thai,2025-05-12,May,80.8,65.8,0.346,85,71.7,0.346,Yes,5.3,16.8
3,Baan Rak Thai,2025-05-13,May,81,65.9,0.394,87,71.3,0.394,Yes,5.6,15
3,Baan Rak Thai,2025-05-14,May,81.3,67.4,0.394,84,72.4,0.394,Yes,4.9,13.2
3,Baan Rak Thai,2025-05-15,May,76,66.4,0.346,91,69.7,0.346,Yes,7.9,19.7
3,Baan Rak Thai,2025-05-16,May,75.9,66.4,0.496,90,69.9,0.496,Yes,7.8,22.6
3,Baan Rak Thai,2025-05-17,May,78.4,67.2,0.358,92,70.4,0.358,Yes,6,19.5
3,Baan Rak Thai,2025-05-18,May,81.2,66.6,0.252,88,71.4,0.252,Yes,5.2,14.3
3,Baan Rak Thai,2025-05-19,May,81.4,66.4,0.496,87,71.9,0.496,Yes,6.2,17.2
3,Baan Rak Thai,2025-05-20,May,82.2,67.4,0.291,84,74,0.291,Yes,5.5,16.6
3,Baan Rak Thai,2025-05-21,May,80.3,67.6,0.354,87,72.7,0.354,Yes,7.4,19.2
3,Baan Rak Thai,2025-05-22,May,82.3,68.2,0.555,88,73,0.555,Yes,4,13.4
3,Baan Rak Thai,2025-05-23,May,82.4,68.5,0.709,91,72.4,0.709,Yes,4.1,13.6
3,Baan Rak Thai,2025-05-24,May,81.1,68.2,0.563,90,71.8,0.563,Yes,8.9,21.3
3,Baan Rak Thai,2025-05-25,May,81.2,66.3,0.323,88,71.8,0.323,Yes,7.6,19.2
3,Baan Rak Thai,2025-05-26,May,76.9,67.7,0.461,89,70.9,0.461,Yes,8.2,20.6
3,Baan Rak Thai,2025-05-27,May,75,66.8,1.39,97,69,1.39,Yes,7.3,20.4
3,Baan Rak Thai,2025-05-28,May,77.6,67.2,1.291,95,69.8,1.291,Yes,10.5,25.1
3,Baan Rak Thai,2025-05-29,May,70.6,67.5,1.098,99,68.8,1.098,Yes,8.8,25.9
3,Baan Rak Thai,2025-05-30,May,72.3,67.6,0.972,99,69.1,0.972,Yes,11.4,31.8
3,Baan Rak Thai,2025-05-31,May,72,67.8,0.803,99,69.3,0.803,Yes,7.9,22.4
3,Baan Rak Thai,2025-06-01,June,77.5,67.9,0.528,97,69.9,0.528,Yes,10.5,28.6
3,Baan Rak Thai,2025-06-02,June,74.9,67.2,0.921,97,69.3,0.921,Yes,9.4,28.2
3,Baan Rak Thai,2025-06-03,June,71.8,66.7,0.339,97,68.5,0.339,Yes,6.1,18.8
3,Baan Rak Thai,2025-06-04,June,81.4,66.9,0.039,85,72.6,0.039,Yes,5.2,14.8
3,Baan Rak Thai,2025-06-05,June,82.2,66.8,0.307,86,72.8,0.307,Yes,5.7,15.7
3,Baan Rak Thai,2025-06-06,June,83.2,68,0.102,85,73.4,0.102,Yes,6.2,17.7
3,Baan Rak Thai,2025-06-07,June,82.3,68.5,0.248,88,73.5,0.248,Yes,4.9,14.5
3,Baan Rak Thai,2025-06-08,June,82.5,68.8,0.295,88,73.1,0.295,Yes,5.3,17.4
3,Baan Rak Thai,2025-06-09,June,80.7,67.7,0.177,88,72.4,0.177,Yes,7,18.8
3,Baan Rak Thai,2025-06-10,June,81.1,67.5,0.539,90,71.4,0.539,Yes,5.4,17.2
3,Baan Rak Thai,2025-06-11,June,75.3,66.8,0.677,96,69.5,0.677,Yes,5.2,14.5
3,Baan Rak Thai,2025-06-12,June,79.1,67.6,0.417,92,71.1,0.417,Yes,5,13.9
3,Baan Rak Thai,2025-06-13,June,80.2,67.8,0.65,92,71.4,0.65,Yes,6.8,17.9
3,Baan Rak Thai,2025-06-14,June,76.2,67.7,0.728,96,69.6,0.728,Yes,6.6,17.4
3,Baan Rak Thai,2025-06-15,June,75,67.1,0.433,96,69.6,0.433,Yes,8.1,20.6
3,Baan Rak Thai,2025-06-16,June,71.9,67.3,0.701,98,68.8,0.701,Yes,7.7,24.6
3,Baan Rak Thai,2025-06-17,June,75,67.3,0.634,97,69.1,0.634,Yes,7.9,21.9
3,Baan Rak Thai,2025-06-18,June,73.9,67,0.492,94,69.6,0.492,Yes,8.1,22.4
3,Baan Rak Thai,2025-06-19,June,74.1,67.2,0.362,96,69.2,0.362,Yes,6.9,20.8
3,Baan Rak Thai,2025-06-20,June,77.7,66.5,0.268,91,71,0.268,Yes,6.6,21
3,Baan Rak Thai,2025-06-21,June,79.9,67.5,0.236,90,71.4,0.236,Yes,7.2,18.8
3,Baan Rak Thai,2025-06-22,June,75.5,67,0.819,95,70.1,0.819,Yes,6.4,16.1
3,Baan Rak Thai,2025-06-23,June,76,66.6,0.528,96,69.3,0.528,Yes,8,21.3
3,Baan Rak Thai,2025-06-24,June,75.1,66.3,0.539,95,69.1,0.539,Yes,9.4,23.3
3,Baan Rak Thai,2025-06-25,June,78.6,66.7,0.268,93,70.4,0.268,Yes,7.3,20.1
3,Baan Rak Thai,2025-06-26,June,79,66.8,0.819,93,70.4,0.819,Yes,5.9,15.9
3,Baan Rak Thai,2025-06-27,June,74.9,65.9,0.252,94,69.4,0.252,Yes,6.2,17
3,Baan Rak Thai,2025-06-28,June,77.9,66.1,0.823,94,69.4,0.823,Yes,7.7,20.6
3,Baan Rak Thai,2025-06-29,June,72.5,66.6,0.575,97,68.6,0.575,Yes,7,21.7
3,Baan Rak Thai,2025-06-30,June,76.5,66.7,0.358,91,70.2,0.358,Yes,7.3,21.7
3,Baan Rak Thai,2025-07-01,July,74.6,66.3,0.858,97,68.7,0.858,Yes,6.5,19.2
3,Baan Rak Thai,2025-07-02,July,75.6,65.9,0.484,94,69.3,0.484,Yes,6.6,20.4
3,Baan Rak Thai,2025-07-03,July,74.8,65.7,0.429,95,68.5,0.429,Yes,6.2,18.8
3,Baan Rak Thai,2025-07-04,July,75.7,66.2,0.138,92,69.5,0.138,Yes,5.8,18.6
3,Baan Rak Thai,2025-07-05,July,75.7,66.6,0.693,94,69.6,0.693,Yes,6.5,19.2
3,Baan Rak Thai,2025-07-06,July,72,66.4,0.752,98,68,0.752,Yes,7.5,20.8
3,Baan Rak Thai,2025-07-07,July,71.5,66.7,0.516,97,68.2,0.516,Yes,7.3,21.9
3,Baan Rak Thai,2025-07-08,July,77.3,66.7,0.154,91,70.5,0.154,Yes,7.2,23.7
3,Baan Rak Thai,2025-07-09,July,77.3,66.9,0.547,93,70.1,0.547,Yes,7.5,23.9
3,Baan Rak Thai,2025-07-10,July,79.8,66.6,0.35,90,70.8,0.35,Yes,7.1,24.4
3,Baan Rak Thai,2025-07-11,July,76.2,67.9,0.591,93,70.5,0.591,Yes,4,13.2
3,Baan Rak Thai,2025-07-12,July,74.5,67.1,0.563,97,69.3,0.563,Yes,5.4,13.4
3,Baan Rak Thai,2025-07-13,July,75.3,67.2,0.197,95,70.1,0.197,Yes,7.9,20.6
3,Baan Rak Thai,2025-07-14,July,77.9,67.8,0.382,96,70.6,0.382,Yes,6.6,16.8
3,Baan Rak Thai,2025-07-15,July,80.4,68.3,0.606,93,71.3,0.606,Yes,5.5,18.1
3,Baan Rak Thai,2025-07-16,July,74.6,67.3,0.398,96,69.8,0.398,Yes,6.8,18.6
3,Baan Rak Thai,2025-07-17,July,72.9,67,0.508,97,68.9,0.508,Yes,6,16.8
3,Baan Rak Thai,2025-07-18,July,75.5,66.8,0.323,95,69.4,0.323,Yes,5.8,15.9
3,Baan Rak Thai,2025-07-19,July,77.1,67.1,0.264,93,70.6,0.264,Yes,6.2,16.8
3,Baan Rak Thai,2025-07-20,July,77.5,67.4,0.524,94,70.2,0.524,Yes,5.5,13
3,Baan Rak Thai,2025-07-21,July,77.9,67.1,0.146,93,70.7,0.146,Yes,7,17
3,Baan Rak Thai,2025-07-22,July,77.3,67.9,0.287,95,70.3,0.287,Yes,7.6,18.3
3,Baan Rak Thai,2025-07-23,July,69.5,67.5,2.862,99,68.5,2.862,Yes,7.7,22.8
3,Baan Rak Thai,2025-07-24,July,70.1,66.4,1.453,100,67.8,1.453,Yes,8.5,22.4
3,Baan Rak Thai,2025-07-25,July,75,66.7,0.535,97,69,0.535,Yes,7.4,23.5
3,Baan Rak Thai,2025-07-26,July,74.4,67.4,0.382,95,69.9,0.382,Yes,8.4,24.2
3,Baan Rak Thai,2025-07-27,July,73.8,67.4,1.614,98,69.5,1.614,Yes,7.1,23.3
3,Baan Rak Thai,2025-07-28,July,74.2,67.4,0.921,97,69,0.921,Yes,6.4,21
3,Baan Rak Thai,2025-07-29,July,73.2,67.5,0.563,98,69.5,0.563,Yes,6,19.5
3,Baan Rak Thai,2025-07-30,July,77.7,66.7,0.217,93,70.8,0.217,Yes,6.5,21.7
3,Baan Rak Thai,2025-07-31,July,77.5,67.1,0.323,92,70.8,0.323,Yes,8.2,26.6
3,Baan Rak Thai,2025-08-01,August,80.2,67.8,0.252,90,71.7,0.252,Yes,8.1,23.5
3,Baan Rak Thai,2025-08-02,August,76.2,67.6,0.232,89,71.5,0.232,Yes,7.7,21.9
3,Baan Rak Thai,2025-08-03,August,82,66.1,0.004,77,73.2,0.004,Yes,9.2,25.9
3,Baan Rak Thai,2025-08-04,August,81.2,68.3,0.012,81,73.7,0.012,Yes,7.1,19.2
3,Baan Rak Thai,2025-08-05,August,76.2,67.6,0.689,95,70.5,0.689,Yes,6.7,20.1
3,Baan Rak Thai,2025-08-06,August,70.9,66.8,0.61,97,68.5,0.61,Yes,7.7,19
3,Baan Rak Thai,2025-08-07,August,71.2,66.6,0.252,97,68,0.252,Yes,7.3,22.1
3,Baan Rak Thai,2025-08-08,August,77.8,66,0.039,88,70.9,0.039,Yes,6.6,20.8
3,Baan Rak Thai,2025-08-09,August,79.3,66.4,0.256,87,71.5,0.256,Yes,6.7,19.7
3,Baan Rak Thai,2025-08-10,August,79.5,67.1,0.232,88,71.5,0.232,Yes,6.6,17.4
3,Baan Rak Thai,2025-08-11,August,78,67.4,0.772,93,70.9,0.772,Yes,4.8,12.5
3,Baan Rak Thai,2025-08-12,August,79.4,66.9,0.311,92,71,0.311,Yes,7.3,18.6
3,Baan Rak Thai,2025-08-13,August,77.1,67.1,0.358,93,70.5,0.358,Yes,5.2,15.9
3,Baan Rak Thai,2025-08-14,August,77.6,66.4,0.63,93,70.1,0.63,Yes,4.3,12.3
3,Baan Rak Thai,2025-08-15,August,78.7,65.8,0.528,92,70.6,0.528,Yes,4.3,11
3,Baan Rak Thai,2025-08-16,August,78.2,65.4,0.307,89,70.6,0.307,Yes,7.8,19.7
3,Baan Rak Thai,2025-08-17,August,77.2,64.1,0.209,93,68.8,0.209,Yes,7.8,19.9
3,Baan Rak Thai,2025-08-18,August,78.3,65.4,0.193,89,70.7,0.193,Yes,6.5,17
3,Baan Rak Thai,2025-08-19,August,79.9,65.4,0.146,89,71.1,0.146,Yes,6.5,16.6
3,Baan Rak Thai,2025-08-20,August,80.3,66.7,0.181,89,71.3,0.181,Yes,6.5,16.8
3,Baan Rak Thai,2025-08-21,August,78.9,67.2,0.236,90,71,0.236,Yes,6.5,17.4
3,Baan Rak Thai,2025-08-22,August,78.8,65.8,0.732,93,69.9,0.732,Yes,5.8,15.4
3,Baan Rak Thai,2025-08-23,August,75.3,66.4,0.335,94,69.3,0.335,Yes,4.6,13.4
3,Baan Rak Thai,2025-08-24,August,77.5,65.5,0.217,90,70.2,0.217,Yes,4.5,12.3
3,Baan Rak Thai,2025-08-25,August,82,67.5,0.276,88,72,0.276,Yes,6,16.6
3,Baan Rak Thai,2025-08-26,August,75.7,66,1.118,93,69.9,1.118,Yes,5.4,15
3,Baan Rak Thai,2025-08-27,August,70,65.7,1.197,98,67.3,1.197,Yes,6,18.3
3,Baan Rak Thai,2025-08-28,August,72,64.9,0.299,95,67.5,0.299,Yes,5.5,14.1
3,Baan Rak Thai,2025-08-29,August,77,65.8,0.232,92,69.7,0.232,Yes,5.1,13.9
3,Baan Rak Thai,2025-08-30,August,79.3,67,0.126,85,72,0.126,Yes,4.3,12.3
3,Baan Rak Thai,2025-08-31,August,79.2,67.1,1.197,90,71.8,1.197,Yes,7.5,21.9
3,Baan Rak Thai,2025-09-01,September,78.3,65.7,0.382,93,69.5,0.382,Yes,8.2,20.1
3,Baan Rak Thai,2025-09-02,September,78.4,66.4,0.142,89,71.2,0.142,Yes,6.3,17.2
3,Baan Rak Thai,2025-09-03,September,79.5,67.4,0.067,88,71.7,0.067,Yes,6.8,17.9
3,Baan Rak Thai,2025-09-04,September,82.3,67.3,0.201,86,73,0.201,Yes,3.4,10.3
3,Baan Rak Thai,2025-09-05,September,82.9,67.9,0.106,87,73.2,0.106,Yes,5.4,15
3,Baan Rak Thai,2025-09-06,September,80.8,67.5,0.126,87,72.8,0.126,Yes,5.2,14.1
3,Baan Rak Thai,2025-09-07,September,80.5,66,0.177,87,72.3,0.177,Yes,6.1,13.9
3,Baan Rak Thai,2025-09-08,September,80.8,67.6,0.165,88,72.6,0.165,Yes,6.1,14.5
3,Baan Rak Thai,2025-09-09,September,80.3,67.1,0.209,89,71.8,0.209,Yes,6.7,14.8
3,Baan Rak Thai,2025-09-10,September,77.6,67.1,0.425,92,70.6,0.425,Yes,6.5,16.1
3,Baan Rak Thai,2025-09-11,September,74.8,66.8,0.181,94,69.6,0.181,Yes,7.1,18.3
3,Baan Rak Thai,2025-09-12,September,75.9,66.7,0.22,91,70.6,0.22,Yes,7,18.6
3,Baan Rak Thai,2025-09-13,September,76.8,67.3,0.24,93,70.6,0.24,Yes,5,14.5
3,Baan Rak Thai,2025-09-14,September,76,66.4,0.252,94,69.5,0.252,Yes,4.7,15.7
3,Baan Rak Thai,2025-09-15,September,80.1,66,0.189,87,71.3,0.189,Yes,6.4,16.8
3,Baan Rak Thai,2025-09-16,September,79.8,65.6,0.016,84,71.9,0.016,Yes,5.9,15.7
3,Baan Rak Thai,2025-09-17,September,80,66.4,0.079,85,71.9,0.079,Yes,4.8,13.2
3,Baan Rak Thai,2025-09-18,September,82.4,66.7,0.087,84,73.1,0.087,Yes,5.6,15.2
3,Baan Rak Thai,2025-09-19,September,79.6,67.7,0.236,87,72.1,0.236,Yes,5.7,17
3,Baan Rak Thai,2025-09-20,September,79.3,66.5,0.307,88,71.6,0.307,Yes,7.6,18.8
3,Baan Rak Thai,2025-09-21,September,75.2,66.8,0.126,92,70.2,0.126,Yes,6.8,17.4
3,Baan Rak Thai,2025-09-22,September,73.9,66.5,1.024,97,68.9,1.024,Yes,7.2,19
3,Baan Rak Thai,2025-09-23,September,75.9,67.3,0.689,96,69.4,0.689,Yes,5.5,15.2
3,Baan Rak Thai,2025-09-24,September,77.6,66.7,0.512,94,70,0.512,Yes,5.6,16.3
3,Baan Rak Thai,2025-09-25,September,77.1,66.7,0.248,94,69.8,0.248,Yes,6.4,19.5
3,Baan Rak Thai,2025-09-26,September,77.5,65.7,0.354,92,69.9,0.354,Yes,5.2,15.4
3,Baan Rak Thai,2025-09-27,September,79.2,66.7,0.083,85,71.6,0.083,Yes,6.5,19
3,Baan Rak Thai,2025-09-28,September,82.3,68.4,0.067,75,74.8,0.067,Yes,5.8,14.8
3,Baan Rak Thai,2025-09-29,September,83,65.9,0.087,83,73.5,0.087,Yes,5.8,13.9
3,Baan Rak Thai,2025-09-30,September,72.5,65.8,0.48,97,67.8,0.48,Yes,8.2,20.4
3,Baan Rak Thai,2025-10-01,October,74.8,65.4,0.343,95,68.3,0.343,Yes,11.7,28
3,Baan Rak Thai,2025-10-02,October,78.4,66.1,0.339,90,70.5,0.339,Yes,5.3,15.2
3,Baan Rak Thai,2025-10-03,October,80.2,67.8,0.559,89,71.8,0.559,Yes,4,12.5
3,Baan Rak Thai,2025-10-04,October,76.3,65.8,0.429,94,70.2,0.429,Yes,2.6,9.8
3,Baan Rak Thai,2025-10-05,October,80.3,66.5,0.209,91,70.9,0.209,Yes,4.8,12.5
3,Baan Rak Thai,2025-10-06,October,79.5,66.2,0.256,91,70.2,0.256,Yes,4.9,14.8
3,Baan Rak Thai,2025-10-07,October,77.2,65.9,0.236,93,69.2,0.236,Yes,5.5,15
3,Baan Rak Thai,2025-10-08,October,77.4,64.9,0.11,89,69.9,0.11,Yes,5.6,17.7
3,Baan Rak Thai,2025-10-09,October,79.1,65,0.122,86,70.7,0.122,Yes,5,14.8
3,Baan Rak Thai,2025-10-10,October,79.8,67.6,0.02,73,73.1,0.02,Yes,5.1,13.4
3,Baan Rak Thai,2025-10-11,October,81.4,65.9,0.004,74,73.4,0.004,Yes,4.9,13
3,Baan Rak Thai,2025-10-12,October,81.9,67.8,0.043,76,73.8,0.043,Yes,4.5,13
3,Baan Rak Thai,2025-10-13,October,80.9,66.5,0.087,82,72,0.087,Yes,5.2,15.4
3,Baan Rak Thai,2025-10-14,October,79.2,65.3,0.087,83,71.9,0.087,Yes,6.3,15
3,Baan Rak Thai,2025-10-15,October,75.3,65.2,0.929,92,69.2,0.929,Yes,6,14.5
3,Baan Rak Thai,2025-10-16,October,77.5,64.9,0.445,89,69.4,0.445,Yes,4.8,14.8
3,Baan Rak Thai,2025-10-17,October,80.9,64.1,0.051,84,71.1,0.051,Yes,5.6,15
3,Baan Rak Thai,2025-10-18,October,80.4,66.1,0.083,79,71.9,0.083,Yes,4.6,12.8
3,Baan Rak Thai,2025-10-19,October,79.9,66.6,0.055,77,72.7,0.055,Yes,5.5,14.3
3,Baan Rak Thai,2025-10-20,October,78,66.3,0.035,75,71.5,0.035,Yes,5.9,15.4
3,Baan Rak Thai,2025-10-21,October,80.1,64.8,0.039,75,71.8,0.039,Yes,5.9,17
3,Baan Rak Thai,2025-10-22,October,78.7,62,0,70,70,0,No,8.6,19.5
3,Baan Rak Thai,2025-10-23,October,77.6,63.6,0,67,70.5,0,No,6.2,15.2
3,Baan Rak Thai,2025-10-24,October,78.2,63.9,0.028,71,70.8,0.028,Yes,6,15.7
3,Baan Rak Thai,2025-10-25,October,77.5,64.2,0,72,70.9,0,No,6.6,16.3
3,Baan Rak Thai,2025-10-26,October,79.5,65,0,71,72.1,0,No,6.4,16.6
3,Baan Rak Thai,2025-10-27,October,81.1,65.9,0,65,72.5,0,No,5.8,15
3,Baan Rak Thai,2025-10-28,October,82.6,65.9,0,63,73.3,0,No,6.6,16.6
3,Baan Rak Thai,2025-10-29,October,82.4,66.8,0.004,69,73.5,0.004,Yes,5.4,15.4
3,Baan Rak Thai,2025-10-30,October,83.8,67.7,0,64,75.1,0,No,7.3,17.9
3,Baan Rak Thai,2025-10-31,October,81,66.9,0.016,73,74,0.016,Yes,7,18.1
3,Baan Rak Thai,2025-11-01,November,79.2,65.8,0.76,87,70.6,0.76,Yes,7.8,18.8
3,Baan Rak Thai,2025-11-02,November,74.7,66,0.598,93,68.5,0.598,Yes,7,19.7
3,Baan Rak Thai,2025-11-03,November,72.1,64.9,1.307,95,67.8,1.307,Yes,7.1,18.8
3,Baan Rak Thai,2025-11-04,November,73.4,64.9,0.906,91,68.5,0.906,Yes,8.3,20.6
3,Baan Rak Thai,2025-11-05,November,74.2,64.9,0.189,90,68.6,0.189,Yes,6.7,14.8
3,Baan Rak Thai,2025-11-06,November,76.3,64.9,0.051,86,70.1,0.051,Yes,4.8,13.6
3,Baan Rak Thai,2025-11-07,November,79.6,65.6,0.016,80,72.1,0.016,Yes,4.5,12.8
3,Baan Rak Thai,2025-11-08,November,79.1,65.4,0.516,88,70.5,0.516,Yes,5.1,16.6
3,Baan Rak Thai,2025-11-09,November,75.7,65.2,0.374,93,68.8,0.374,Yes,4.1,11.9
3,Baan Rak Thai,2025-11-10,November,73.3,64,0.783,94,67.6,0.783,Yes,3.8,11.4
3,Baan Rak Thai,2025-11-11,November,79.3,62.3,0,75,69.5,0,No,4.1,10.7
3,Baan Rak Thai,2025-11-12,November,80.5,62.2,0,72,70.3,0,No,5.3,14.1
3,Baan Rak Thai,2025-11-13,November,79.2,64.9,0.004,72,70.8,0.004,Yes,5.9,12.8
3,Baan Rak Thai,2025-11-14,November,77.7,64.6,0.059,78,70.6,0.059,Yes,4.1,11
3,Baan Rak Thai,2025-11-15,November,78.8,61.5,0.004,79,69.8,0.004,Yes,6.5,16.3
3,Baan Rak Thai,2025-11-16,November,76.4,62.5,0,62,68.6,0,No,6.2,14.3
3,Baan Rak Thai,2025-11-17,November,74.6,62.5,0,75,68,0,No,7.3,17.2
3,Baan Rak Thai,2025-11-18,November,69.8,62.5,0.177,88,65.9,0.177,Yes,4.6,13
3,Baan Rak Thai,2025-11-19,November,70.7,55.9,0.728,93,62.8,0.728,Yes,5.8,14.1
3,Baan Rak Thai,2025-11-20,November,71.8,56.8,0,80,63.2,0,No,6.4,15
3,Baan Rak Thai,2025-11-21,November,72.7,57.1,0,70,64.2,0,No,5.8,14.1
3,Baan Rak Thai,2025-11-22,November,73.7,56.8,0,70,64.6,0,No,4.9,12.1
3,Baan Rak Thai,2025-11-23,November,74.6,57.1,0,70,64.9,0,No,4.7,11.9
3,Baan Rak Thai,2025-11-24,November,75.8,56.8,0,63,65.6,0,No,4.7,13
3,Baan Rak Thai,2025-11-25,November,72.2,54.5,0,62,62.7,0,No,6.5,15.7
3,Baan Rak Thai,2025-11-26,November,72,54,0,63,62.2,0,No,6.1,15.2
3,Baan Rak Thai,2025-11-27,November,69.5,51.5,0,57,59.8,0,No,9.1,23
3,Baan Rak Thai,2025-11-28,November,69.9,51.2,0,51,60.2,0,No,5,13.4
3,Baan Rak Thai,2025-11-29,November,71.8,50.9,0,62,61.4,0,No,3.1,10.5
3,Baan Rak Thai,2025-11-30,November,73.4,53.6,0,71,62.9,0,No,3.3,11.6
3,Baan Rak Thai,2025-12-01,December,74.8,55.5,0,66,63.7,0,No,4.4,12.5
3,Baan Rak Thai,2025-12-02,December,75,56.8,0,65,65.2,0,No,4.5,12.8
3,Baan Rak Thai,2025-12-03,December,76.3,58.6,0,63,67,0,No,5.1,13
3,Baan Rak Thai,2025-12-04,December,75.4,58.6,0,65,67.1,0,No,4.3,11.9
3,Baan Rak Thai,2025-12-05,December,76.1,60,0,70,67.9,0,No,4.4,11.9
3,Baan Rak Thai,2025-12-06,December,76.5,60.9,0.02,82,68,0.02,Yes,3.9,12.1
3,Baan Rak Thai,2025-12-07,December,77.2,61.7,0.008,72,68.1,0.008,Yes,3.2,8.3
3,Baan Rak Thai,2025-12-08,December,76.6,61,0,75,67.9,0,No,6.7,13.9
3,Baan Rak Thai,2025-12-09,December,73.9,59,0,74,66.4,0,No,5.1,12.5
3,Baan Rak Thai,2025-12-10,December,73.4,57.7,0,67,64.6,0,No,5.4,14.3
3,Baan Rak Thai,2025-12-11,December,73.2,55.1,0,67,64.6,0,No,4.9,13
3,Baan Rak Thai,2025-12-12,December,70.7,58.4,0.012,78,65.1,0.012,Yes,4.5,12.1
3,Baan Rak Thai,2025-12-13,December,74,58.7,0.004,75,66.5,0.004,Yes,4.6,12.5
3,Baan Rak Thai,2025-12-14,December,72.7,59.7,0.083,78,66,0.083,Yes,4.8,12.8
3,Baan Rak Thai,2025-12-15,December,74.3,58.8,0.004,75,65.9,0.004,Yes,4.1,11.6
3,Baan Rak Thai,2025-12-16,December,74.3,59.5,0.004,72,65.7,0.004,Yes,4.6,13.6
3,Baan Rak Thai,2025-12-17,December,72.7,58,0.008,72,64.9,0.008,Yes,6.3,16.1
3,Baan Rak Thai,2025-12-18,December,72,57.7,0,74,64.3,0,No,5.1,14.3
3,Baan Rak Thai,2025-12-19,December,72.2,56.8,0,72,63.8,0,No,5.7,14.8
3,Baan Rak Thai,2025-12-20,December,73.4,56.8,0,67,64.4,0,No,5.3,14.1
3,Baan Rak Thai,2025-12-21,December,72.4,57.3,0,65,64.4,0,No,6.3,15.9
3,Baan Rak Thai,2025-12-22,December,71.7,56.3,0,65,63,0,No,5.2,14.1
3,Baan Rak Thai,2025-12-23,December,71.5,56.6,0,71,63.2,0,No,6.6,16.6
3,Baan Rak Thai,2025-12-24,December,72.3,57.5,0,69,63.7,0,No,5.8,15.7
3,Baan Rak Thai,2025-12-25,December,73.9,57.9,0,68,64.4,0,No,5.5,14.3
3,Baan Rak Thai,2025-12-26,December,73.1,57.6,0,67,64.2,0,No,5.4,14.5
3,Baan Rak Thai,2025-12-27,December,72.3,57,0,66,63.4,0,No,4.9,14.1
3,Baan Rak Thai,2025-12-28,December,72.2,54.2,0,67,62.6,0,No,4.5,13.4
3,Baan Rak Thai,2025-12-29,December,73,55.1,0,67,62.6,0,No,3.4,10.3
3,Baan Rak Thai,2025-12-30,December,72.6,55.6,0,70,62.8,0,No,4,12.5
3,Baan Rak Thai,2025-12-31,December,73.1,55.9,0,68,63.1,0,No,4.4,13
4,Phuket,2025-01-01,January,87.3,75.7,0,71,81.2,0,No,10.1,23.7
4,Phuket,2025-01-02,January,88.3,76.3,0.02,71,81.6,0.02,Yes,9.8,23
4,Phuket,2025-01-03,January,89,76.7,0.047,71,82.2,0.047,Yes,11,25.3
4,Phuket,2025-01-04,January,87.8,76.9,0.11,76,81.6,0.11,Yes,10.9,22.6
4,Phuket,2025-01-05,January,88.6,76.6,0.075,75,81.2,0.075,Yes,13.5,28.6
4,Phuket,2025-01-06,January,88.6,76.3,0.161,73,81.5,0.161,Yes,10.4,26.2
4,Phuket,2025-01-07,January,88.3,75.1,0.287,77,81.1,0.287,Yes,11,26.4
4,Phuket,2025-01-08,January,87.4,76.7,0,71,82,0,No,9.8,22.8
4,Phuket,2025-01-09,January,87.4,76.4,0.008,74,81.6,0.008,Yes,10.4,24.4
4,Phuket,2025-01-10,January,87.9,76.6,0.028,70,81.8,0.028,Yes,12.5,25.5
4,Phuket,2025-01-11,January,88.1,76.8,0.118,71,80.9,0.118,Yes,14.8,29.8
4,Phuket,2025-01-12,January,86,75,0.024,72,79.6,0.024,Yes,15.8,33.6
4,Phuket,2025-01-13,January,86.3,74.8,0.024,70,79.9,0.024,Yes,13.6,31.1
4,Phuket,2025-01-14,January,88.2,74.1,0,71,80.5,0,No,11.8,26.4
4,Phuket,2025-01-15,January,87.2,74.2,0.043,70,80.9,0.043,Yes,13.4,30.4
4,Phuket,2025-01-16,January,84.7,75.9,0.098,80,79.9,0.098,Yes,16.6,36
4,Phuket,2025-01-17,January,88.1,75.7,0.02,73,81.5,0.02,Yes,14.5,31.3
4,Phuket,2025-01-18,January,88.2,76.2,0,73,81.1,0,No,12.4,28.9
4,Phuket,2025-01-19,January,89.7,75.7,0,70,81.9,0,No,9.6,23.7
4,Phuket,2025-01-20,January,89.9,75.7,0.004,71,82.2,0.004,Yes,8.6,19.2
4,Phuket,2025-01-21,January,90.4,76.1,0.016,69,82.7,0.016,Yes,10,21.3
4,Phuket,2025-01-22,January,89.6,77.3,0,69,82.5,0,No,11.1,26.4
4,Phuket,2025-01-23,January,90.4,77.2,0.008,69,82.8,0.008,Yes,10.3,24.4
4,Phuket,2025-01-24,January,89.4,77,0.039,76,82.2,0.039,Yes,9,20.8
4,Phuket,2025-01-25,January,89.7,77,0.083,78,82.1,0.083,Yes,8.7,22.8
4,Phuket,2025-01-26,January,88,77.9,0.394,77,81.8,0.394,Yes,9.8,21.7
4,Phuket,2025-01-27,January,87.3,78.2,0.012,70,82.6,0.012,Yes,14,30.9
4,Phuket,2025-01-28,January,90.4,76.9,0.004,68,82.8,0.004,Yes,14.8,32.9
4,Phuket,2025-01-29,January,90.8,76.1,0.039,69,81.9,0.039,Yes,14.6,32.7
4,Phuket,2025-01-30,January,89.4,75.3,0,62,81.9,0,No,13.3,30
4,Phuket,2025-01-31,January,89.6,74.2,0,63,81.1,0,No,7.8,19.9
4,Phuket,2025-02-01,February,89.8,73.7,0,65,81.1,0,No,8.3,21.7
4,Phuket,2025-02-02,February,90.1,74.4,0,70,81.6,0,No,9.8,21.7
4,Phuket,2025-02-03,February,90.6,74.6,0,67,81.8,0,No,7.7,21
4,Phuket,2025-02-04,February,90,75.8,0.008,65,82.8,0.008,Yes,11,25.1
4,Phuket,2025-02-05,February,89.6,76.3,0,71,82,0,No,11.5,27.7
4,Phuket,2025-02-06,February,90.6,76.6,0.031,69,82.3,0.031,Yes,9.4,22.6
4,Phuket,2025-02-07,February,91.9,76.5,0.012,68,82.7,0.012,Yes,9.8,23.9
4,Phuket,2025-02-08,February,90.6,76.7,0.035,68,82.4,0.035,Yes,11,24.8
4,Phuket,2025-02-09,February,92.2,76.8,0,65,83.3,0,No,12.4,29.8
4,Phuket,2025-02-10,February,92.6,76.6,0,63,83.1,0,No,10.6,23
4,Phuket,2025-02-11,February,91,76.5,0,63,82.8,0,No,8.2,20.4
4,Phuket,2025-02-12,February,91.1,76.6,0,67,82.9,0,No,7.5,20.6
4,Phuket,2025-02-13,February,91.5,77.5,0,70,83.5,0,No,8.1,21
4,Phuket,2025-02-14,February,91.9,78.1,0.024,71,83.8,0.024,Yes,8.9,20.8
4,Phuket,2025-02-15,February,91.6,77.4,0.035,73,83.5,0.035,Yes,8.2,19.5
4,Phuket,2025-02-16,February,91.2,77.8,0.016,72,83.6,0.016,Yes,7.9,19.2
4,Phuket,2025-02-17,February,90.9,76.1,0.059,72,82.3,0.059,Yes,8.7,22.4
4,Phuket,2025-02-18,February,91,78.1,0.035,68,83.2,0.035,Yes,10.1,25.3
4,Phuket,2025-02-19,February,92,78.4,0.02,67,83.6,0.02,Yes,10.7,25.3
4,Phuket,2025-02-20,February,90.4,76.6,0.122,74,82,0.122,Yes,12.5,28.9
4,Phuket,2025-02-21,February,92,78.6,0.02,70,83.3,0.02,Yes,11.4,26.8
4,Phuket,2025-02-22,February,90.5,76.3,0.295,78,81,0.295,Yes,11.8,27.1
4,Phuket,2025-02-23,February,87.4,75.2,0.551,83,80,0.551,Yes,12.4,29.8
4,Phuket,2025-02-24,February,84,76.2,0.417,84,79.1,0.417,Yes,15.3,30.9
4,Phuket,2025-02-25,February,83.9,76.9,0.083,78,80.7,0.083,Yes,17.1,37.8
4,Phuket,2025-02-26,February,87.4,78.4,0.012,72,82.2,0.012,Yes,18.2,38.7
4,Phuket,2025-02-27,February,88.3,78.3,0.008,72,82.6,0.008,Yes,13.5,31.1
4,Phuket,2025-02-28,February,88.5,78.2,0,75,82.7,0,No,11.6,25.9
4,Phuket,2025-03-01,March,88.6,76.7,0.016,77,82.2,0.016,Yes,9.9,23.3
4,Phuket,2025-03-02,March,91.5,76.9,0.016,74,82.9,0.016,Yes,6.2,16.8
4,Phuket,2025-03-03,March,90.3,77.7,0,75,82.9,0,No,7.6,18.1
4,Phuket,2025-03-04,March,89.2,77.6,0.024,76,83.1,0.024,Yes,7.9,18.1
4,Phuket,2025-03-05,March,89,77.9,0.067,79,83.3,0.067,Yes,10.1,22.8
4,Phuket,2025-03-06,March,90.6,76.4,0.465,79,82.3,0.465,Yes,6.4,16.3
4,Phuket,2025-03-07,March,90.4,78,0.114,76,83.1,0.114,Yes,9.8,21.5
4,Phuket,2025-03-08,March,92.1,77.3,0.488,75,83.1,0.488,Yes,12.5,26.2
4,Phuket,2025-03-09,March,93,79.5,0.067,67,84.9,0.067,Yes,16,34.7
4,Phuket,2025-03-10,March,93.4,79.6,0.063,67,85.4,0.063,Yes,14.5,32.7
4,Phuket,2025-03-11,March,90.7,79.8,0.063,74,83.7,0.063,Yes,10.8,26.2
4,Phuket,2025-03-12,March,92.8,78.1,0.295,78,83.1,0.295,Yes,8.7,21.7
4,Phuket,2025-03-13,March,91.3,77.5,0.413,79,82,0.413,Yes,10,23.3
4,Phuket,2025-03-14,March,89.2,78.1,0.02,74,83.3,0.02,Yes,7.8,19.9
4,Phuket,2025-03-15,March,91.5,76.9,0.146,77,82.9,0.146,Yes,9.4,21.7
4,Phuket,2025-03-16,March,93.1,77.6,0,71,84.3,0,No,7.4,18.1
4,Phuket,2025-03-17,March,91.8,79,0.047,72,84.1,0.047,Yes,7.6,22.6
4,Phuket,2025-03-18,March,91.8,78.6,0.315,77,82.6,0.315,Yes,10.2,24.4
4,Phuket,2025-03-19,March,87.7,77.5,0.469,80,80.8,0.469,Yes,11,25.7
4,Phuket,2025-03-20,March,89.4,75.2,0.669,82,80.4,0.669,Yes,9.4,22.1
4,Phuket,2025-03-21,March,88.2,77.1,0.008,73,82.7,0.008,Yes,10,23.3
4,Phuket,2025-03-22,March,90.7,77.9,0.232,77,82,0.232,Yes,9.4,25.1
4,Phuket,2025-03-23,March,90.6,78.4,0.031,74,83.1,0.031,Yes,9,23.5
4,Phuket,2025-03-24,March,90.5,78.1,0.008,69,83.4,0.008,Yes,7.6,19.7
4,Phuket,2025-03-25,March,90.9,77.5,0.079,74,83.3,0.079,Yes,6.2,16.6
4,Phuket,2025-03-26,March,91.5,78.4,0.016,72,84.1,0.016,Yes,9.6,22.1
4,Phuket,2025-03-27,March,92.5,80,0.051,67,85.2,0.051,Yes,10.8,25.7
4,Phuket,2025-03-28,March,90.1,77,0.079,68,83.8,0.079,Yes,10.8,25.3
4,Phuket,2025-03-29,March,92.5,78.1,0.059,70,84.3,0.059,Yes,9.8,23.7
4,Phuket,2025-03-30,March,92.1,77.5,0.13,75,83.8,0.13,Yes,7.8,18.3
4,Phuket,2025-03-31,March,92.5,76.8,0.146,75,83.5,0.146,Yes,8.3,19.5
4,Phuket,2025-04-01,April,92.6,76.4,0.626,76,83,0.626,Yes,9.1,23.3
4,Phuket,2025-04-02,April,91,78.2,0.142,81,81.7,0.142,Yes,9.2,19.7
4,Phuket,2025-04-03,April,87.8,75.4,0.87,84,80.6,0.87,Yes,13.2,29.3
4,Phuket,2025-04-04,April,86.1,75.7,0.717,85,80.2,0.717,Yes,11.2,27.1
4,Phuket,2025-04-05,April,87,76.9,0.193,83,81.2,0.193,Yes,7.3,16.8
4,Phuket,2025-04-06,April,87.5,76.9,0.075,85,81.1,0.075,Yes,8.1,21
4,Phuket,2025-04-07,April,89.5,78.7,0,75,83.5,0,No,10.9,24.8
4,Phuket,2025-04-08,April,89.2,76.7,0.071,79,82.5,0.071,Yes,13.4,29.3
4,Phuket,2025-04-09,April,90.4,77,0.339,80,82.2,0.339,Yes,6,15.7
4,Phuket,2025-04-10,April,87.3,77.3,0.138,82,81.5,0.138,Yes,7.7,19.9
4,Phuket,2025-04-11,April,85.5,75.9,0.807,88,79.3,0.807,Yes,8.6,19.9
4,Phuket,2025-04-12,April,88.7,75.9,0.028,78,82.5,0.028,Yes,8.3,20.1
4,Phuket,2025-04-13,April,90.3,77.8,0.071,80,83.2,0.071,Yes,7.1,16.3
4,Phuket,2025-04-14,April,91,79.7,0.094,76,84.2,0.094,Yes,7.6,18.3
4,Phuket,2025-04-15,April,88.2,76.6,0.78,86,80.8,0.78,Yes,11.1,22.1
4,Phuket,2025-04-16,April,82.5,75.6,0.366,89,78.9,0.366,Yes,5,9.8
4,Phuket,2025-04-17,April,87.8,78.2,0.035,81,82.1,0.035,Yes,8.1,19.9
4,Phuket,2025-04-18,April,86.5,77,0.177,83,81.6,0.177,Yes,9.1,21.9
4,Phuket,2025-04-19,April,85.6,75.5,0.469,87,79.7,0.469,Yes,9.8,22.6
4,Phuket,2025-04-20,April,86.1,75.2,0.126,87,79.1,0.126,Yes,8.1,23.7
4,Phuket,2025-04-21,April,88.7,76.5,0.236,81,82.2,0.236,Yes,7.9,18.6
4,Phuket,2025-04-22,April,88.3,77,0.134,80,82,0.134,Yes,7.4,19.2
4,Phuket,2025-04-23,April,88.4,76.4,0.634,85,81,0.634,Yes,7.1,15.9
4,Phuket,2025-04-24,April,84,75.2,0.839,89,78.9,0.839,Yes,7.6,19.2
4,Phuket,2025-04-25,April,87.1,75.4,0.591,86,81.3,0.591,Yes,6.1,16.3
4,Phuket,2025-04-26,April,85.8,76.5,0.138,87,81,0.138,Yes,5.8,16.1
4,Phuket,2025-04-27,April,87.8,75.7,0.496,85,81,0.496,Yes,8.5,15.7
4,Phuket,2025-04-28,April,87.6,75.8,0.386,86,80.8,0.386,Yes,6.1,15.7
4,Phuket,2025-04-29,April,89.2,77.6,0.02,76,82.8,0.02,Yes,9.3,17.2
4,Phuket,2025-04-30,April,91.9,75.7,0.035,71,83.9,0.035,Yes,8.9,20.1
4,Phuket,2025-05-01,May,92.5,77.4,0.343,77,83.3,0.343,Yes,6.9,18.1
4,Phuket,2025-05-02,May,90.8,77.3,0.098,77,82.7,0.098,Yes,7.3,18.8
4,Phuket,2025-05-03,May,88.9,75.2,0.319,84,80.2,0.319,Yes,7,18.3
4,Phuket,2025-05-04,May,87,76.6,0.516,88,79.6,0.516,Yes,8.7,20.6
4,Phuket,2025-05-05,May,84.3,75.3,0.303,87,79.9,0.303,Yes,7,14.5
4,Phuket,2025-05-06,May,86.5,76,1.039,87,79.8,1.039,Yes,9.7,21.7
4,Phuket,2025-05-07,May,86.7,76.2,0.13,80,81.9,0.13,Yes,10,23.5
4,Phuket,2025-05-08,May,86.6,78.5,0.252,82,81.7,0.252,Yes,9.9,23.3
4,Phuket,2025-05-09,May,89.9,75.6,0.563,80,83.1,0.563,Yes,9.3,22.1
4,Phuket,2025-05-10,May,85.6,77.5,0.169,84,81.2,0.169,Yes,11,27.3
4,Phuket,2025-05-11,May,87.4,76.2,0.98,86,80.8,0.98,Yes,11.1,22.6
4,Phuket,2025-05-12,May,85.5,76.3,0.626,86,80.1,0.626,Yes,11.2,25.5
4,Phuket,2025-05-13,May,86.5,76.1,0.283,83,81.2,0.283,Yes,12.3,26.8
4,Phuket,2025-05-14,May,85.6,76.7,0.11,88,80.1,0.11,Yes,7.4,18.6
4,Phuket,2025-05-15,May,86.7,77.7,0.484,86,81.9,0.484,Yes,8.2,19
4,Phuket,2025-05-16,May,84.6,75.9,0.169,88,80.8,0.169,Yes,8.2,21.7
4,Phuket,2025-05-17,May,86.1,78.3,0.343,86,81,0.343,Yes,6.2,15.7
4,Phuket,2025-05-18,May,88.5,78.8,0.272,85,82.3,0.272,Yes,5.2,12.5
4,Phuket,2025-05-19,May,88.6,77.6,0.382,81,83.1,0.382,Yes,5.6,14.1
4,Phuket,2025-05-20,May,87.4,77.8,0.205,85,81.9,0.205,Yes,5.5,13.4
4,Phuket,2025-05-21,May,84.4,76.5,0.311,84,80.8,0.311,Yes,8.4,20.8
4,Phuket,2025-05-22,May,83.6,76.2,0.24,84,80.6,0.24,Yes,9.8,22.1
4,Phuket,2025-05-23,May,84.2,76.6,0.961,88,79.8,0.961,Yes,13.7,29.5
4,Phuket,2025-05-24,May,81.6,76.5,1.87,93,78.4,1.87,Yes,11.1,25.7
4,Phuket,2025-05-25,May,81.9,76.7,0.622,87,79.5,0.622,Yes,14.1,29.5
4,Phuket,2025-05-26,May,84.3,78,0.264,90,80,0.264,Yes,10.8,25.5
4,Phuket,2025-05-27,May,85.6,76.4,0.343,89,80.5,0.343,Yes,7.7,23.5
4,Phuket,2025-05-28,May,88.3,80.7,0.024,80,83.9,0.024,Yes,8,17.9
4,Phuket,2025-05-29,May,89.2,81.3,0.004,79,84.4,0.004,Yes,9.4,24.4
4,Phuket,2025-05-30,May,85.8,81.7,0.055,86,83.2,0.055,Yes,5.5,17.2
4,Phuket,2025-05-31,May,88.3,79.5,0.067,84,83.9,0.067,Yes,9.5,21.3
4,Phuket,2025-06-01,June,88.2,79.5,0.059,82,83.6,0.059,Yes,7.9,18.8
4,Phuket,2025-06-02,June,88.6,81.3,0.012,78,84.3,0.012,Yes,11.3,26.4
4,Phuket,2025-06-03,June,87.3,77.5,0.272,82,82.4,0.272,Yes,11.7,25.9
4,Phuket,2025-06-04,June,84.2,75.4,0.902,88,79.4,0.902,Yes,13.7,29.3
4,Phuket,2025-06-05,June,82.9,75.9,1.114,91,78.4,1.114,Yes,11.7,26.4
4,Phuket,2025-06-06,June,86.3,77,0.142,85,80.6,0.142,Yes,12.6,27.7
4,Phuket,2025-06-07,June,80.7,76.2,1.413,88,78.4,1.413,Yes,13.1,26.6
4,Phuket,2025-06-08,June,84.9,76.6,1.004,86,79.6,1.004,Yes,14.5,34.2
4,Phuket,2025-06-09,June,84.2,78.6,0.134,82,81.3,0.134,Yes,14.2,33.8
4,Phuket,2025-06-10,June,82.7,77.8,0.61,84,81,0.61,Yes,12.1,25.9
4,Phuket,2025-06-11,June,87,80.2,0.091,78,83.1,0.091,Yes,10,26.8
4,Phuket,2025-06-12,June,85.7,79.5,0.008,82,82.2,0.008,Yes,12.7,29.5
4,Phuket,2025-06-13,June,87.4,79.3,0.008,83,83,0.008,Yes,6.7,23.3
4,Phuket,2025-06-14,June,88.4,80.1,0,81,83.6,0,No,4.9,16.6
4,Phuket,2025-06-15,June,88.5,79,0.028,82,83.2,0.028,Yes,5.4,11.2
4,Phuket,2025-06-16,June,88,78.1,0.043,79,82.7,0.043,Yes,7.8,17.9
4,Phuket,2025-06-17,June,87.5,79.3,0.15,80,82.9,0.15,Yes,8.2,20.6
4,Phuket,2025-06-18,June,86.9,79.3,0.02,78,83,0.02,Yes,10.4,23
4,Phuket,2025-06-19,June,88.3,80.7,0.035,76,83.9,0.035,Yes,10.8,23.7
4,Phuket,2025-06-20,June,85.9,75.4,0.827,88,79.2,0.827,Yes,11.2,26.4
4,Phuket,2025-06-21,June,83.9,74.9,0.673,84,79.1,0.673,Yes,12.7,26.8
4,Phuket,2025-06-22,June,83,74.8,0.327,87,79.3,0.327,Yes,9.2,28.9
4,Phuket,2025-06-23,June,84.7,75,0.39,86,80.3,0.39,Yes,12,31.1
4,Phuket,2025-06-24,June,84.8,76,0.146,84,80.4,0.146,Yes,13.7,33.6
4,Phuket,2025-06-25,June,87.4,78.4,0.008,83,82.1,0.008,Yes,6.8,16.6
4,Phuket,2025-06-26,June,87.2,77.9,0.039,83,82.1,0.039,Yes,4.5,13.6
4,Phuket,2025-06-27,June,86.5,75.7,0.185,88,79.6,0.185,Yes,8.3,20.6
4,Phuket,2025-06-28,June,87.7,77,0,80,82.2,0,No,8.1,18.3
4,Phuket,2025-06-29,June,87.4,80.7,0.059,78,83.3,0.059,Yes,9.3,21.5
4,Phuket,2025-06-30,June,88.3,80.6,0,74,83.7,0,No,9.6,23.5
4,Phuket,2025-07-01,July,86.8,74.9,0.256,80,81.8,0.256,Yes,12.2,29.1
4,Phuket,2025-07-02,July,86.2,73.9,0.701,84,80.5,0.701,Yes,12.9,29.3
4,Phuket,2025-07-03,July,87.5,76.3,0.004,80,82.4,0.004,Yes,10.7,24.2
4,Phuket,2025-07-04,July,88,79.3,0.039,77,83,0.039,Yes,11.1,25.5
4,Phuket,2025-07-05,July,87.8,79.8,0.114,79,82.8,0.114,Yes,14.1,31.8
4,Phuket,2025-07-06,July,87.5,75.7,0.366,78,82.4,0.366,Yes,13.8,33.6
4,Phuket,2025-07-07,July,88.1,75.4,0.382,83,80.6,0.382,Yes,12.2,26.4
4,Phuket,2025-07-08,July,82.2,76.1,0.15,84,79.7,0.15,Yes,9.8,22.8
4,Phuket,2025-07-09,July,86.4,78.9,0.028,83,82.2,0.028,Yes,7.4,19.5
4,Phuket,2025-07-10,July,87.6,80.4,0.043,75,82.8,0.043,Yes,14.1,30
4,Phuket,2025-07-11,July,85.9,80.7,0.067,79,82.7,0.067,Yes,13.8,32.2
4,Phuket,2025-07-12,July,85.5,78.4,0.437,82,81.8,0.437,Yes,12.8,29.8
4,Phuket,2025-07-13,July,87.1,78.5,0.051,79,82.6,0.051,Yes,14,29.8
4,Phuket,2025-07-14,July,85.2,75.7,0.717,85,80.5,0.717,Yes,10.2,23.5
4,Phuket,2025-07-15,July,83.6,75.7,0.398,88,79.1,0.398,Yes,10.3,23
4,Phuket,2025-07-16,July,84.9,76.9,0.169,83,81.3,0.169,Yes,13.2,29.1
4,Phuket,2025-07-17,July,87.8,77.8,0,79,82.6,0,No,7.8,19.9
4,Phuket,2025-07-18,July,86.7,79,0,81,82.4,0,No,8.9,22.6
4,Phuket,2025-07-19,July,88.2,79.4,0.043,80,83.1,0.043,Yes,7.9,23.9
4,Phuket,2025-07-20,July,83.9,80.3,0.165,79,82.5,0.165,Yes,13,35.1
4,Phuket,2025-07-21,July,87.4,81.8,0,75,83.9,0,No,13.1,28.6
4,Phuket,2025-07-22,July,87.3,81.1,0.004,78,83.6,0.004,Yes,14.6,32.9
4,Phuket,2025-07-23,July,87.1,80.3,0,79,83.3,0,No,14.1,30.4
4,Phuket,2025-07-24,July,88.2,78.9,0,77,82.9,0,No,11.2,26.2
4,Phuket,2025-07-25,July,88.6,80.2,0.004,78,83.5,0.004,Yes,13.2,33.8
4,Phuket,2025-07-26,July,87.7,79.8,0.028,79,83.4,0.028,Yes,12.8,29.1
4,Phuket,2025-07-27,July,87.7,80.8,0.016,77,83.4,0.016,Yes,12.4,28
4,Phuket,2025-07-28,July,89.2,81.5,0.004,72,84.4,0.004,Yes,10.7,26.4
4,Phuket,2025-07-29,July,89.5,81,0,74,84.4,0,No,10.7,25.5
4,Phuket,2025-07-30,July,89.6,79.6,0.008,78,84,0.008,Yes,14.1,31.5
4,Phuket,2025-07-31,July,91.5,79.4,0.004,77,84.6,0.004,Yes,5.8,14.8
4,Phuket,2025-08-01,August,90.6,75.7,0.461,77,84.3,0.461,Yes,8,21.3
4,Phuket,2025-08-02,August,88,76,0.303,83,82,0.303,Yes,8,22.8
4,Phuket,2025-08-03,August,88.8,78.2,0.303,80,82.7,0.303,Yes,8,19.5
4,Phuket,2025-08-04,August,89.8,80.3,0.008,76,84.3,0.008,Yes,10.4,25.5
4,Phuket,2025-08-05,August,90.8,78.9,0.059,73,84.3,0.059,Yes,8.9,21.9
4,Phuket,2025-08-06,August,85.7,74.1,0.925,83,80.2,0.925,Yes,9.7,25.5
4,Phuket,2025-08-07,August,85.7,75.2,0.24,82,80.6,0.24,Yes,7,19.2
4,Phuket,2025-08-08,August,89.3,75.8,0.028,75,82.7,0.028,Yes,8.4,19.9
4,Phuket,2025-08-09,August,89.8,77.7,0.008,69,83.8,0.008,Yes,9.3,22.4
4,Phuket,2025-08-10,August,88.4,75.4,0.094,72,83.3,0.094,Yes,11.4,26.8
4,Phuket,2025-08-11,August,86.3,75.4,0.283,82,79.5,0.283,Yes,12,27.1
4,Phuket,2025-08-12,August,87,76.7,0.189,80,80.6,0.189,Yes,15,36.9
4,Phuket,2025-08-13,August,86.5,78.7,0.039,75,82.7,0.039,Yes,10.4,25.5
4,Phuket,2025-08-14,August,88.3,79.2,0.031,75,82.8,0.031,Yes,11.9,30.9
4,Phuket,2025-08-15,August,83.4,75.3,1.035,87,78.6,1.035,Yes,12.5,28.4
4,Phuket,2025-08-16,August,85.2,76.7,0.035,80,80.5,0.035,Yes,12.1,29.8
4,Phuket,2025-08-17,August,88.5,78.3,0,74,82.8,0,No,6.5,20.1
4,Phuket,2025-08-18,August,90.5,78.1,0.031,73,83.6,0.031,Yes,6.2,16.6
4,Phuket,2025-08-19,August,88.5,77.2,0,77,82,0,No,8.2,20.4
4,Phuket,2025-08-20,August,90,79,0.047,71,83.3,0.047,Yes,7.7,19.2
4,Phuket,2025-08-21,August,86.7,75.7,0.287,84,79.4,0.287,Yes,10.3,24.6
4,Phuket,2025-08-22,August,80.5,74.7,0.776,89,77.6,0.776,Yes,9.6,20.8
4,Phuket,2025-08-23,August,86.8,77.9,0.035,77,82,0.035,Yes,14.3,30.6
4,Phuket,2025-08-24,August,85.1,75.3,0.118,76,81.5,0.118,Yes,12.7,28.2
4,Phuket,2025-08-25,August,83.1,76.3,0.311,84,79.6,0.311,Yes,13.1,29.3
4,Phuket,2025-08-26,August,87.8,77.9,0.024,78,82.1,0.024,Yes,9,23.7
4,Phuket,2025-08-27,August,86.4,75.8,0.24,83,81,0.24,Yes,7.4,19.7
4,Phuket,2025-08-28,August,81,78,0.366,85,79.6,0.366,Yes,12,24.6
4,Phuket,2025-08-29,August,86.5,74.4,0.193,78,81.9,0.193,Yes,13.2,29.5
4,Phuket,2025-08-30,August,84.8,75.3,0.429,85,79.8,0.429,Yes,15.4,34.9
4,Phuket,2025-08-31,August,83.8,75.7,0.417,82,80.6,0.417,Yes,15.4,34.4
4,Phuket,2025-09-01,September,83.8,76.7,0.362,85,79.9,0.362,Yes,15.5,35.3
4,Phuket,2025-09-02,September,86.6,75.3,0.295,83,81.3,0.295,Yes,11.6,27.1
4,Phuket,2025-09-03,September,82.6,75.3,0.354,88,78.8,0.354,Yes,9.2,22.6
4,Phuket,2025-09-04,September,80.8,74.8,0.76,92,77.2,0.76,Yes,10.6,28
4,Phuket,2025-09-05,September,83.3,77.4,0.311,83,80.3,0.311,Yes,13,28.4
4,Phuket,2025-09-06,September,85.6,75.7,0.484,85,80,0.484,Yes,12.1,27.7
4,Phuket,2025-09-07,September,82.9,75.7,0.22,87,79.1,0.22,Yes,9.2,22.6
4,Phuket,2025-09-08,September,83.3,76.1,0.398,88,79.3,0.398,Yes,10,21
4,Phuket,2025-09-09,September,80.1,75,0.327,90,77.8,0.327,Yes,4.7,11.4
4,Phuket,2025-09-10,September,85.6,76.8,0.031,82,80.6,0.031,Yes,7.2,18.6
4,Phuket,2025-09-11,September,84.2,76.3,0.185,84,80.2,0.185,Yes,11,26.2
4,Phuket,2025-09-12,September,83.5,75.6,0.622,89,78.8,0.622,Yes,10.8,25.9
4,Phuket,2025-09-13,September,84.4,75.7,0.161,87,78.8,0.161,Yes,8.5,19.5
4,Phuket,2025-09-14,September,82,74.8,0.429,88,78.2,0.429,Yes,9.6,21.9
4,Phuket,2025-09-15,September,82.9,75.7,0.165,83,79.8,0.165,Yes,8.3,20.8
4,Phuket,2025-09-16,September,86.2,78.7,0.055,78,81.9,0.055,Yes,10.8,24.2
4,Phuket,2025-09-17,September,87,76.6,0.209,82,81.3,0.209,Yes,11.9,27.5
4,Phuket,2025-09-18,September,83,77,0.409,85,79.7,0.409,Yes,15.6,32
4,Phuket,2025-09-19,September,86.3,79.4,0.028,76,82.4,0.028,Yes,11.8,26.4
4,Phuket,2025-09-20,September,86.6,78.1,0.016,78,81.9,0.016,Yes,10.6,23.9
4,Phuket,2025-09-21,September,86.7,77.2,0,80,81.4,0,No,9,21.3
4,Phuket,2025-09-22,September,86.9,77.8,0.02,80,81.7,0.02,Yes,8.4,20.1
4,Phuket,2025-09-23,September,86.9,79.5,0.02,77,82.7,0.02,Yes,10.5,23
4,Phuket,2025-09-24,September,86.8,81.1,0,73,83.2,0,No,13.9,32.9
4,Phuket,2025-09-25,September,86.9,80.3,0.016,77,82.8,0.016,Yes,15.1,34.4
4,Phuket,2025-09-26,September,87.1,78.3,0.047,82,81.9,0.047,Yes,8.5,21
4,Phuket,2025-09-27,September,86.2,78.1,0.252,86,80.4,0.252,Yes,9.8,25.3
4,Phuket,2025-09-28,September,82.9,74.9,1.433,90,78.2,1.433,Yes,12.4,28
4,Phuket,2025-09-29,September,79.9,74.9,0.976,91,77.4,0.976,Yes,13.1,28
4,Phuket,2025-09-30,September,84,74.8,0.827,87,79.7,0.827,Yes,7.9,24.4
4,Phuket,2025-10-01,October,86,76.9,0.413,83,80.6,0.413,Yes,5.5,15.7
4,Phuket,2025-10-02,October,87.3,77.1,0.051,84,81.4,0.051,Yes,4.3,13.6
4,Phuket,2025-10-03,October,86.2,74.9,0.197,83,80.6,0.197,Yes,6.4,17.2
4,Phuket,2025-10-04,October,84.1,75.1,0.138,85,79.2,0.138,Yes,6.5,15.4
4,Phuket,2025-10-05,October,88.1,76.7,0.008,79,81.4,0.008,Yes,8.3,20.1
4,Phuket,2025-10-06,October,86.5,78.8,0.039,76,81.8,0.039,Yes,10.4,23.9
4,Phuket,2025-10-07,October,88.3,78.1,0.024,77,81.9,0.024,Yes,9.2,21
4,Phuket,2025-10-08,October,85.6,76.9,0.102,81,80.4,0.102,Yes,13.5,28.9
4,Phuket,2025-10-09,October,82.5,75.7,0.106,82,79,0.106,Yes,12.3,26.6
4,Phuket,2025-10-10,October,84.2,75.4,0.098,82,79.6,0.098,Yes,10.6,23.3
4,Phuket,2025-10-11,October,84.7,75.4,0.122,85,79.7,0.122,Yes,11,25.1
4,Phuket,2025-10-12,October,83.8,76.7,0.331,86,79.5,0.331,Yes,7.1,17
4,Phuket,2025-10-13,October,86.5,76.2,0.276,82,81.4,0.276,Yes,6.4,15.2
4,Phuket,2025-10-14,October,88.5,75.7,0.5,84,81.3,0.5,Yes,5.9,15.4
4,Phuket,2025-10-15,October,89.5,77.3,0.094,81,82.5,0.094,Yes,5.7,15.7
4,Phuket,2025-10-16,October,89,77.5,0.539,85,81.2,0.539,Yes,6.3,18.6
4,Phuket,2025-10-17,October,87.2,74.4,0.933,86,80,0.933,Yes,9,19.9
4,Phuket,2025-10-18,October,85,77.2,0.189,87,80.4,0.189,Yes,6.6,18.3
4,Phuket,2025-10-19,October,88.5,75.6,0.547,87,80,0.547,Yes,8.1,17.2
4,Phuket,2025-10-20,October,86,76.4,0.646,85,79.3,0.646,Yes,12.1,25.1
4,Phuket,2025-10-21,October,85.2,75.3,1.142,86,79.1,1.142,Yes,11.6,26.8
4,Phuket,2025-10-22,October,80.2,75.1,1.819,93,76.8,1.819,Yes,10.7,23.5
4,Phuket,2025-10-23,October,84.7,76.4,0.602,92,78.1,0.602,Yes,7,18.3
4,Phuket,2025-10-24,October,79.3,76.5,0.461,93,77.5,0.461,Yes,5.9,12.3
4,Phuket,2025-10-25,October,83,77,0.256,87,78.9,0.256,Yes,4.7,11.6
4,Phuket,2025-10-26,October,85.4,77.7,0.283,88,79.8,0.283,Yes,7.1,17.9
4,Phuket,2025-10-27,October,87.6,77.3,0.016,82,80.6,0.016,Yes,8.8,20.4
4,Phuket,2025-10-28,October,86.5,74.4,0.126,84,80.3,0.126,Yes,10.2,23.7
4,Phuket,2025-10-29,October,83.6,73,0.972,93,76.7,0.972,Yes,11.5,25.5
4,Phuket,2025-10-30,October,82.2,74.9,1.528,91,77.3,1.528,Yes,10.8,23.5
4,Phuket,2025-10-31,October,83.6,75.9,0.35,88,78.9,0.35,Yes,9.7,22.8
4,Phuket,2025-11-01,November,84.7,77.4,0.232,86,80.3,0.232,Yes,9.9,22.8
4,Phuket,2025-11-02,November,85.4,75.2,0.228,82,80.5,0.228,Yes,11.8,24.4
4,Phuket,2025-11-03,November,85.6,74.8,0.087,82,80.4,0.087,Yes,10.5,24.2
4,Phuket,2025-11-04,November,87.1,74.6,0.106,80,80.7,0.106,Yes,8.8,20.8
4,Phuket,2025-11-05,November,83.3,75.6,0.346,87,79,0.346,Yes,11,25.1
4,Phuket,2025-11-06,November,82.1,75.1,0.866,90,77.4,0.866,Yes,11.1,27.1
4,Phuket,2025-11-07,November,83.7,76.6,0.28,82,80.4,0.28,Yes,12.7,28.6
4,Phuket,2025-11-08,November,85.1,76.2,0.051,82,80.3,0.051,Yes,10.1,24.4
4,Phuket,2025-11-09,November,87.8,77.6,0.004,79,81.7,0.004,Yes,7.3,17.9
4,Phuket,2025-11-10,November,86,77.9,0.209,83,80.5,0.209,Yes,10.3,23
4,Phuket,2025-11-11,November,84.7,77.4,0.098,85,80.1,0.098,Yes,8.7,20.1
4,Phuket,2025-11-12,November,85.5,75.8,0.051,85,79.8,0.051,Yes,8.5,19.7
4,Phuket,2025-11-13,November,87.3,74.9,0.531,84,80.2,0.531,Yes,8,18.1
4,Phuket,2025-11-14,November,85.1,76.4,0.031,86,79.8,0.031,Yes,6.6,12.8
4,Phuket,2025-11-15,November,85,74,0.047,80,79.4,0.047,Yes,10.6,21
4,Phuket,2025-11-16,November,86,75.5,0,77,80.1,0,No,7,17.2
4,Phuket,2025-11-17,November,87.1,77.1,0.031,81,80.6,0.031,Yes,7.5,15.4
4,Phuket,2025-11-18,November,82.9,76.6,0.024,86,79.2,0.024,Yes,10.5,23.9
4,Phuket,2025-11-19,November,84.2,74.4,2.571,90,77.5,2.571,Yes,9.1,22.4
4,Phuket,2025-11-20,November,76.8,75.4,2.02,94,75.9,2.02,Yes,14.4,28
4,Phuket,2025-11-21,November,80.5,76.2,0.283,86,77.6,0.283,Yes,15.8,32
4,Phuket,2025-11-22,November,80.2,74.9,0.563,93,76.6,0.563,Yes,11.9,29.5
4,Phuket,2025-11-23,November,82.6,75.6,0.232,86,77.8,0.232,Yes,12.6,28.2
4,Phuket,2025-11-24,November,79.5,75.7,0.476,93,77.3,0.476,Yes,11.9,23.3
4,Phuket,2025-11-25,November,78,75.4,0.846,92,77.1,0.846,Yes,13.6,28
4,Phuket,2025-11-26,November,83.2,75.3,0.094,83,78.6,0.094,Yes,13,28.2
4,Phuket,2025-11-27,November,84.9,75.3,0.016,76,78.9,0.016,Yes,14.2,30.6
4,Phuket,2025-11-28,November,84.2,72.6,0,77,77.9,0,No,10.9,24.4
4,Phuket,2025-11-29,November,84,72.8,0,79,77.5,0,No,7.9,18.6
4,Phuket,2025-11-30,November,83.9,73.6,0,80,77.7,0,No,6.3,14.8
4,Phuket,2025-12-01,December,84.4,73.3,0.004,79,78.1,0.004,Yes,5.2,13.6
4,Phuket,2025-12-02,December,85.7,72.6,0,79,78.3,0,No,5,13.2
4,Phuket,2025-12-03,December,86.2,74.2,0,78,79.3,0,No,5.6,14.8
4,Phuket,2025-12-04,December,88,74.7,0.665,77,80.9,0.665,Yes,5.9,15.2
4,Phuket,2025-12-05,December,85.2,77.2,0.142,85,79.5,0.142,Yes,9.7,19.2
4,Phuket,2025-12-06,December,86.8,76.4,0.024,79,81,0.024,Yes,11.4,28
4,Phuket,2025-12-07,December,86.1,75.5,0.091,79,80,0.091,Yes,8.7,20.1
4,Phuket,2025-12-08,December,87.6,74,0.039,75,80.6,0.039,Yes,9.3,21
4,Phuket,2025-12-09,December,87.4,74.5,0.008,68,80.7,0.008,Yes,10.2,23.7
4,Phuket,2025-12-10,December,86.3,75.6,0,73,80.2,0,No,9.1,21.3
4,Phuket,2025-12-11,December,87.7,75.4,0.016,76,80.7,0.016,Yes,9.8,22.8
4,Phuket,2025-12-12,December,82.8,76.7,0.024,82,79.5,0.024,Yes,8.6,17.4
4,Phuket,2025-12-13,December,86.4,76.5,0.012,78,81,0.012,Yes,12.3,28.4
4,Phuket,2025-12-14,December,87.3,74.8,0.201,80,80.5,0.201,Yes,9,26.4
4,Phuket,2025-12-15,December,87.7,76.6,0.102,78,81.2,0.102,Yes,9.3,26.8
4,Phuket,2025-12-16,December,87.7,76.9,0.283,80,80.5,0.283,Yes,10,24.6
4,Phuket,2025-12-17,December,88.1,74.8,0.484,81,79.9,0.484,Yes,9.1,23.5
4,Phuket,2025-12-18,December,88.3,75.5,0.402,81,80.2,0.402,Yes,8.8,23
4,Phuket,2025-12-19,December,87.6,76.2,0.028,77,80.9,0.028,Yes,7.5,21.7
4,Phuket,2025-12-20,December,87.9,75.9,0.008,75,81.5,0.008,Yes,8.2,19.9
4,Phuket,2025-12-21,December,90.1,75.5,0.004,69,82.2,0.004,Yes,10.7,25.1
4,Phuket,2025-12-22,December,91.5,75.3,0,67,81.8,0,No,9.3,22.8
4,Phuket,2025-12-23,December,89.9,75.5,0.004,72,81.9,0.004,Yes,6.5,17.9
4,Phuket,2025-12-24,December,92.2,76.4,0,69,82.9,0,No,7.2,17
4,Phuket,2025-12-25,December,92.1,76.6,0.043,72,82.4,0.043,Yes,9.2,23
4,Phuket,2025-12-26,December,87.6,76.7,0.228,81,80.5,0.228,Yes,15.4,36.2
4,Phuket,2025-12-27,December,85.2,76.1,0.402,84,79.4,0.402,Yes,13.4,30.2
4,Phuket,2025-12-28,December,87,76.6,0.106,81,80.2,0.106,Yes,11.1,26.8
4,Phuket,2025-12-29,December,87.6,76.8,0.031,80,81.1,0.031,Yes,7.8,20.4
4,Phuket,2025-12-30,December,89.7,76.8,0.039,77,81.4,0.039,Yes,6.9,18.3
4,Phuket,2025-12-31,December,89.8,76.4,0,73,82,0,No,8.1,19.5
5,Krabi,2025-01-01,January,87.7,72.8,0,76,79.6,0,No,7.7,18.6
5,Krabi,2025-01-02,January,89.2,73.8,0,75,80.7,0,No,8.5,17.2
5,Krabi,2025-01-03,January,88.7,74.1,0.024,77,80.5,0.024,Yes,8.3,20.1
5,Krabi,2025-01-04,January,88.2,73.9,0.067,83,79.6,0.067,Yes,8.2,20.6
5,Krabi,2025-01-05,January,89.1,73.5,0.098,83,79,0.098,Yes,9.8,24.6
5,Krabi,2025-01-06,January,88.6,73.2,0.142,79,79.5,0.142,Yes,9.3,25.1
5,Krabi,2025-01-07,January,89.4,73.5,0.102,81,80,0.102,Yes,10.2,23.9
5,Krabi,2025-01-08,January,89.7,73.4,0,74,80.7,0,No,8.3,20.6
5,Krabi,2025-01-09,January,90,72.8,0,75,80.6,0,No,9.4,21.3
5,Krabi,2025-01-10,January,88.6,72.5,0.02,70,80.8,0.02,Yes,9.8,23.3
5,Krabi,2025-01-11,January,88.9,74.2,0.008,72,79.9,0.008,Yes,12.9,29.8
5,Krabi,2025-01-12,January,87.1,72,0.024,73,78.5,0.024,Yes,14,31.5
5,Krabi,2025-01-13,January,87.2,72.1,0.004,71,79.1,0.004,Yes,12.7,29.1
5,Krabi,2025-01-14,January,88.9,72.8,0,71,79.5,0,No,10,24.2
5,Krabi,2025-01-15,January,88,73,0.024,74,79.9,0.024,Yes,11.9,26.6
5,Krabi,2025-01-16,January,87.4,72.3,0.098,84,78.6,0.098,Yes,12.9,34
5,Krabi,2025-01-17,January,88.5,73,0.008,75,80.1,0.008,Yes,14.6,33.3
5,Krabi,2025-01-18,January,88.1,72.8,0.012,78,79.4,0.012,Yes,10.4,25.3
5,Krabi,2025-01-19,January,88,71.8,0.028,75,79.8,0.028,Yes,9,22.1
5,Krabi,2025-01-20,January,88.9,71.8,0.035,78,79.8,0.035,Yes,6.8,17.2
5,Krabi,2025-01-21,January,90.1,72.1,0.008,73,81.4,0.008,Yes,9.5,23
5,Krabi,2025-01-22,January,91.6,74.3,0,67,81.9,0,No,11,25.5
5,Krabi,2025-01-23,January,91.9,74.3,0.024,70,82.2,0.024,Yes,9.1,23
5,Krabi,2025-01-24,January,92.1,74.2,0.047,78,81.4,0.047,Yes,8.7,23.3
5,Krabi,2025-01-25,January,90,75,0.035,81,81,0.035,Yes,7.2,20.6
5,Krabi,2025-01-26,January,90.3,75.1,0.13,80,80.7,0.13,Yes,7.5,17.7
5,Krabi,2025-01-27,January,91.9,75.9,0.012,67,82.6,0.012,Yes,14.3,32.9
5,Krabi,2025-01-28,January,92.8,75.6,0,66,82.7,0,No,14.3,32.9
5,Krabi,2025-01-29,January,91,73.7,0.043,68,81.2,0.043,Yes,14.9,33.8
5,Krabi,2025-01-30,January,92.8,70.3,0,62,81,0,No,12,27.5
5,Krabi,2025-01-31,January,91.2,70.1,0,63,80.8,0,No,9.3,19.7
5,Krabi,2025-02-01,February,91,70.3,0,63,80.6,0,No,7.3,13.4
5,Krabi,2025-02-02,February,88.9,69.7,0,70,79.6,0,No,9.1,21
5,Krabi,2025-02-03,February,93.3,69.5,0,68,80.9,0,No,7.9,20.1
5,Krabi,2025-02-04,February,93.2,74.2,0.008,64,82.5,0.008,Yes,11.7,26.8
5,Krabi,2025-02-05,February,94,73.8,0,65,82.5,0,No,11.4,26.6
5,Krabi,2025-02-06,February,91,73.5,0.083,71,81.6,0.083,Yes,9.8,19.2
5,Krabi,2025-02-07,February,93.7,73.9,0,66,82.7,0,No,8.8,21.9
5,Krabi,2025-02-08,February,93,74.3,0.008,66,82.6,0.008,Yes,10.6,25.3
5,Krabi,2025-02-09,February,94.2,73.6,0,64,82.6,0,No,12.4,28.9
5,Krabi,2025-02-10,February,93.4,72.1,0,60,82.8,0,No,8.8,21.9
5,Krabi,2025-02-11,February,94.1,71.9,0.004,65,82.2,0.004,Yes,11.5,26.6
5,Krabi,2025-02-12,February,92.8,72.2,0.004,72,81.9,0.004,Yes,10.4,25.1
5,Krabi,2025-02-13,February,92.6,74.6,0.008,71,83.3,0.008,Yes,10.3,25.1
5,Krabi,2025-02-14,February,95.5,75.1,0.028,74,82.7,0.028,Yes,9.2,25.5
5,Krabi,2025-02-15,February,92.8,73.9,0.012,75,82.1,0.012,Yes,9.4,23.3
5,Krabi,2025-02-16,February,91.8,74,0.11,79,81.1,0.11,Yes,9.9,23.5
5,Krabi,2025-02-17,February,90.4,74.6,0.126,82,80.1,0.126,Yes,7.5,18.8
5,Krabi,2025-02-18,February,92.1,74.2,0.035,71,82.5,0.035,Yes,7.8,21.9
5,Krabi,2025-02-19,February,94,75.6,0.071,70,82.8,0.071,Yes,8.9,21.7
5,Krabi,2025-02-20,February,91.9,75.3,0.15,72,82.2,0.15,Yes,10.8,29.3
5,Krabi,2025-02-21,February,94.3,74.8,0.028,72,83,0.028,Yes,11.5,27.3
5,Krabi,2025-02-22,February,91.8,74.5,0.846,81,79.9,0.846,Yes,10.2,27.3
5,Krabi,2025-02-23,February,88.4,73.7,0.409,84,79.8,0.409,Yes,12.9,29.3
5,Krabi,2025-02-24,February,85.2,73.7,0.642,87,77.8,0.642,Yes,12.3,30.9
5,Krabi,2025-02-25,February,86.8,74.8,0.031,78,80.2,0.031,Yes,16.7,37.8
5,Krabi,2025-02-26,February,88.4,75.7,0,72,81.5,0,No,18.4,40.5
5,Krabi,2025-02-27,February,90.1,75.6,0,71,82.3,0,No,14.3,33.8
5,Krabi,2025-02-28,February,91.8,74.8,0,71,82.8,0,No,12.6,29.5
5,Krabi,2025-03-01,March,93.8,73.9,0,71,82.7,0,No,9.8,24.4
5,Krabi,2025-03-02,March,95.5,73.8,0.004,72,83.4,0.004,Yes,8.5,22.6
5,Krabi,2025-03-03,March,95.3,74.3,0.083,73,83.4,0.083,Yes,8,22.6
5,Krabi,2025-03-04,March,92.9,74.1,0,73,83.6,0,No,10.6,25.3
5,Krabi,2025-03-05,March,92.4,75.5,0,73,84.3,0,No,9.1,23.3
5,Krabi,2025-03-06,March,92.4,76.1,0.697,86,81,0.697,Yes,8.4,23.3
5,Krabi,2025-03-07,March,94,76.2,0.098,79,82.3,0.098,Yes,12.1,28.9
5,Krabi,2025-03-08,March,94.9,76.8,0.437,75,83.4,0.437,Yes,12.1,30.4
5,Krabi,2025-03-09,March,95.2,78.2,0,67,85.2,0,No,15.7,35.1
5,Krabi,2025-03-10,March,93.9,77.2,0.028,67,85.2,0.028,Yes,15.2,35.3
5,Krabi,2025-03-11,March,93.5,77.3,0.217,75,83,0.217,Yes,10.1,27.3
5,Krabi,2025-03-12,March,93.2,76.2,0.102,82,82.1,0.102,Yes,7.2,19.5
5,Krabi,2025-03-13,March,93.2,75.1,0.406,84,80.7,0.406,Yes,7.9,23.3
5,Krabi,2025-03-14,March,92.3,75.3,0.039,76,82.6,0.039,Yes,7,19.7
5,Krabi,2025-03-15,March,92.8,74.2,0.055,82,81.6,0.055,Yes,7.3,18.6
5,Krabi,2025-03-16,March,91.9,74.1,0.039,76,82.6,0.039,Yes,7.9,22.4
5,Krabi,2025-03-17,March,93.7,76,0.177,79,82.3,0.177,Yes,8.3,22.1
5,Krabi,2025-03-18,March,93.3,76.5,0.303,80,81.7,0.303,Yes,8.6,28.2
5,Krabi,2025-03-19,March,89.9,73.4,0.689,86,78.8,0.689,Yes,10.5,24.2
5,Krabi,2025-03-20,March,90.6,73.9,0.228,85,79.3,0.228,Yes,8.1,21.9
5,Krabi,2025-03-21,March,91,74.4,0.008,73,81.9,0.008,Yes,10.1,22.6
5,Krabi,2025-03-22,March,92.1,74.3,0.11,80,81,0.11,Yes,11.2,25.1
5,Krabi,2025-03-23,March,91,74.8,0.031,76,82.2,0.031,Yes,8.7,20.8
5,Krabi,2025-03-24,March,90.2,74.8,0.047,82,81.2,0.047,Yes,7.2,17
5,Krabi,2025-03-25,March,90.1,75.6,0.012,78,82.5,0.012,Yes,6.3,16.8
5,Krabi,2025-03-26,March,89.1,75.7,0.043,81,82.1,0.043,Yes,7.7,19.9
5,Krabi,2025-03-27,March,90.8,76.5,0.079,78,82.6,0.079,Yes,8.4,19.9
5,Krabi,2025-03-28,March,92.2,75.4,0.004,68,84.2,0.004,Yes,9.5,22.8
5,Krabi,2025-03-29,March,92.5,75.1,0.165,78,82.6,0.165,Yes,7.9,19
5,Krabi,2025-03-30,March,94.8,75.8,0.039,75,83.9,0.039,Yes,10.2,23.9
5,Krabi,2025-03-31,March,95.7,76.9,0.016,68,84.7,0.016,Yes,11.1,25.5
5,Krabi,2025-04-01,April,93.7,77.5,0.051,76,83.7,0.051,Yes,6.8,19.7
5,Krabi,2025-04-02,April,91.4,76.3,0.39,86,80.5,0.39,Yes,6.9,15.4
5,Krabi,2025-04-03,April,87.9,76.6,0.854,85,80.3,0.854,Yes,12.1,29.8
5,Krabi,2025-04-04,April,88.2,75.6,0.386,83,81,0.386,Yes,11.4,25.9
5,Krabi,2025-04-05,April,87.8,75.3,0.346,87,79.7,0.346,Yes,6.3,17.2
5,Krabi,2025-04-06,April,87.7,75,0.358,88,79.5,0.358,Yes,12.2,25.3
5,Krabi,2025-04-07,April,93.8,75.9,0.008,70,83.7,0.008,Yes,11.1,26.2
5,Krabi,2025-04-08,April,93.7,75.7,0.087,78,82.8,0.087,Yes,9.3,24.8
5,Krabi,2025-04-09,April,90.9,75.9,0.409,86,80.7,0.409,Yes,8.2,20.4
5,Krabi,2025-04-10,April,87.3,76.1,0.138,87,80.6,0.138,Yes,9,22.6
5,Krabi,2025-04-11,April,86.3,75.7,0.768,90,79.2,0.768,Yes,9.5,23
5,Krabi,2025-04-12,April,89.7,76.8,0.008,77,83.3,0.008,Yes,8,19.9
5,Krabi,2025-04-13,April,90.9,74.7,0.606,83,81.5,0.606,Yes,6.6,16.8
5,Krabi,2025-04-14,April,91.6,76.1,0.205,85,82.1,0.205,Yes,7.1,21
5,Krabi,2025-04-15,April,89.4,75,0.909,90,79.2,0.909,Yes,6.6,17.7
5,Krabi,2025-04-16,April,82.6,75.4,0.295,91,79.2,0.295,Yes,5,11.6
5,Krabi,2025-04-17,April,88.2,76.3,0.118,90,80.9,0.118,Yes,5.8,15
5,Krabi,2025-04-18,April,88,75.8,0.319,89,80.7,0.319,Yes,7.8,19.5
5,Krabi,2025-04-19,April,85.9,74.4,0.776,91,79.3,0.776,Yes,8.5,21.3
5,Krabi,2025-04-20,April,85.3,74.4,0.142,88,79.6,0.142,Yes,8.2,20.6
5,Krabi,2025-04-21,April,90.1,75.2,0.102,83,81.8,0.102,Yes,9.5,21.7
5,Krabi,2025-04-22,April,90.3,74.8,0.26,86,80.6,0.26,Yes,8.5,20.6
5,Krabi,2025-04-23,April,87.4,75.1,0.76,90,79.5,0.76,Yes,7.5,19.7
5,Krabi,2025-04-24,April,84.7,73,0.587,91,78.2,0.587,Yes,9.6,23.5
5,Krabi,2025-04-25,April,88.9,75.7,0.209,87,80.6,0.209,Yes,6,12.3
5,Krabi,2025-04-26,April,87.2,75.7,0.157,86,81.4,0.157,Yes,7.8,20.4
5,Krabi,2025-04-27,April,89.1,75.6,0.374,89,80.3,0.374,Yes,6.9,18.1
5,Krabi,2025-04-28,April,87.3,74.8,0.083,90,79.6,0.083,Yes,5.1,15
5,Krabi,2025-04-29,April,90.9,74.8,0.047,78,82,0.047,Yes,6.5,17
5,Krabi,2025-04-30,April,92.5,76.3,0.031,76,83.6,0.031,Yes,6.7,17.4
5,Krabi,2025-05-01,May,92.5,74.8,0.205,83,81.9,0.205,Yes,5.5,17.4
5,Krabi,2025-05-02,May,90,75.1,0.272,88,80.5,0.272,Yes,7.3,22.4
5,Krabi,2025-05-03,May,89.9,74.6,0.622,89,79.4,0.622,Yes,5.5,13.9
5,Krabi,2025-05-04,May,87.1,75,1.024,93,78.6,1.024,Yes,7.6,19.5
5,Krabi,2025-05-05,May,85.6,75.3,0.079,89,79.9,0.079,Yes,6.2,14.5
5,Krabi,2025-05-06,May,86.5,76.2,0.787,88,80,0.787,Yes,8.2,20.6
5,Krabi,2025-05-07,May,86.7,78.2,0.087,82,82.1,0.087,Yes,9.8,24.6
5,Krabi,2025-05-08,May,86.6,78.4,0.382,86,81.6,0.382,Yes,8.7,21.9
5,Krabi,2025-05-09,May,89.2,76.4,0.697,82,83.1,0.697,Yes,9.9,22.8
5,Krabi,2025-05-10,May,86.3,77.6,0.461,86,81.6,0.461,Yes,10.4,24.6
5,Krabi,2025-05-11,May,85.6,76.6,0.244,89,80.2,0.244,Yes,9.2,20.6
5,Krabi,2025-05-12,May,86.5,77.7,0.406,89,80,0.406,Yes,10,24.6
5,Krabi,2025-05-13,May,88,75.8,0.772,86,81.2,0.772,Yes,10.6,24.8
5,Krabi,2025-05-14,May,85.8,76.4,0.071,89,80.8,0.071,Yes,5.8,19
5,Krabi,2025-05-15,May,90.3,76.6,0.299,87,81.4,0.299,Yes,7.9,19.2
5,Krabi,2025-05-16,May,86.3,76.1,0.339,89,80.9,0.339,Yes,7.5,20.1
5,Krabi,2025-05-17,May,88.2,76,0.102,90,80.4,0.102,Yes,6,15.7
5,Krabi,2025-05-18,May,89.3,75.1,0.232,89,80.4,0.232,Yes,5.4,13.4
5,Krabi,2025-05-19,May,91.2,75.8,0.154,84,82.4,0.154,Yes,6.2,14.8
5,Krabi,2025-05-20,May,88.3,77.3,0.37,88,81.3,0.37,Yes,5.5,15.7
5,Krabi,2025-05-21,May,84.4,77.6,0.102,88,80.8,0.102,Yes,8.7,20.1
5,Krabi,2025-05-22,May,85,77,0.346,86,80.9,0.346,Yes,9.4,21
5,Krabi,2025-05-23,May,82.9,77.7,1.142,91,79.7,1.142,Yes,10.8,26.6
5,Krabi,2025-05-24,May,82.9,76.1,1.567,92,78.7,1.567,Yes,10,23.5
5,Krabi,2025-05-25,May,82.6,76.6,0.795,91,79.3,0.795,Yes,11.5,24.2
5,Krabi,2025-05-26,May,82.8,76.7,0.283,91,79.7,0.283,Yes,9.9,24.2
5,Krabi,2025-05-27,May,85.5,76.4,0.209,89,80.6,0.209,Yes,11.6,28.4
5,Krabi,2025-05-28,May,88.1,77.7,0.004,80,84.6,0.004,Yes,7.5,18.3
5,Krabi,2025-05-29,May,89.8,79.3,0.028,78,84.7,0.028,Yes,9.4,24.6
5,Krabi,2025-05-30,May,87,78,0.043,86,82,0.043,Yes,5.1,17.9
5,Krabi,2025-05-31,May,90.2,76.9,0.091,85,83.6,0.091,Yes,8.9,20.8
5,Krabi,2025-06-01,June,88.8,77.7,0.161,84,83.2,0.161,Yes,9.2,21.5
5,Krabi,2025-06-02,June,89.2,79,0.043,80,83.9,0.043,Yes,11.2,24.4
5,Krabi,2025-06-03,June,86.3,79,0.413,85,82,0.413,Yes,10.1,24.6
5,Krabi,2025-06-04,June,84.7,77.6,0.472,85,81.1,0.472,Yes,12.8,28.6
5,Krabi,2025-06-05,June,84.7,77,0.437,91,79.1,0.437,Yes,10.9,25.7
5,Krabi,2025-06-06,June,86.1,75.6,0.602,88,80.1,0.602,Yes,10.3,25.5
5,Krabi,2025-06-07,June,81.6,76.4,0.945,87,79.3,0.945,Yes,11.6,28.2
5,Krabi,2025-06-08,June,85.6,76.7,0.854,89,79.5,0.854,Yes,13.1,29.1
5,Krabi,2025-06-09,June,85.7,75.9,0.461,84,81.2,0.461,Yes,13.3,32.9
5,Krabi,2025-06-10,June,81.3,77.3,0.906,90,79.9,0.906,Yes,14.6,31.8
5,Krabi,2025-06-11,June,87.9,81.2,0,76,83.8,0,No,10.2,26.2
5,Krabi,2025-06-12,June,86.4,81.1,0.024,81,83,0.024,Yes,12.1,31.5
5,Krabi,2025-06-13,June,88.6,79.8,0,81,83.6,0,No,7.9,18.8
5,Krabi,2025-06-14,June,88.9,78.7,0.004,82,83.6,0.004,Yes,7,17.7
5,Krabi,2025-06-15,June,89.7,77.9,0.028,86,82.6,0.028,Yes,6.4,17
5,Krabi,2025-06-16,June,88.8,77.5,0.059,80,82.9,0.059,Yes,7.9,18.8
5,Krabi,2025-06-17,June,88.6,78.8,0.059,81,82.9,0.059,Yes,9.8,23.7
5,Krabi,2025-06-18,June,88.1,78.5,0.067,81,82.3,0.067,Yes,10.9,24.6
5,Krabi,2025-06-19,June,89.8,77.6,0.004,78,83.2,0.004,Yes,10.7,24.4
5,Krabi,2025-06-20,June,86.2,75.4,0.622,90,78.9,0.622,Yes,9.3,24.2
5,Krabi,2025-06-21,June,84.5,74.6,0.484,86,79,0.484,Yes,12.6,27.3
5,Krabi,2025-06-22,June,81.7,75.4,0.547,91,78.5,0.547,Yes,8.6,27.1
5,Krabi,2025-06-23,June,86.2,74,0.417,88,79.2,0.417,Yes,10.7,27.1
5,Krabi,2025-06-24,June,86.2,74,0.268,86,79.1,0.268,Yes,10.7,28
5,Krabi,2025-06-25,June,87.4,75.2,0,83,81.8,0,No,7.3,18.3
5,Krabi,2025-06-26,June,87.9,76.5,0.016,85,81.5,0.016,Yes,7.3,19.7
5,Krabi,2025-06-27,June,86.5,75.1,0.378,89,79.7,0.378,Yes,7.9,22.1
5,Krabi,2025-06-28,June,87,76.2,0.035,81,81.8,0.035,Yes,8.7,20.8
5,Krabi,2025-06-29,June,87.4,77,0.083,79,83.1,0.083,Yes,9.2,22.4
5,Krabi,2025-06-30,June,89.2,80.5,0.008,73,84.3,0.008,Yes,10.2,24.6
5,Krabi,2025-07-01,July,85.2,77.3,0.205,83,80.8,0.205,Yes,9.2,25.9
5,Krabi,2025-07-02,July,87.3,74.8,0.441,85,80.4,0.441,Yes,13,29.8
5,Krabi,2025-07-03,July,87.7,74.8,0.024,81,82.7,0.024,Yes,11.6,25.7
5,Krabi,2025-07-04,July,88.3,79.9,0.012,77,83.5,0.012,Yes,11.7,26.2
5,Krabi,2025-07-05,July,87.3,77.4,0.181,85,81.4,0.181,Yes,11.6,29.1
5,Krabi,2025-07-06,July,88.3,75.6,0.425,79,82.6,0.425,Yes,15.6,36
5,Krabi,2025-07-07,July,87.8,75.7,1.004,84,80.8,1.004,Yes,12.2,27.3
5,Krabi,2025-07-08,July,85.1,75.8,0.264,87,80,0.264,Yes,9.2,21.7
5,Krabi,2025-07-09,July,87.3,78,0.031,84,82.3,0.031,Yes,9.2,21
5,Krabi,2025-07-10,July,88.8,78.3,0.083,77,83,0.083,Yes,12.6,28.6
5,Krabi,2025-07-11,July,87.6,79.4,0.043,79,82.5,0.043,Yes,13.3,34.4
5,Krabi,2025-07-12,July,86.4,77,0.709,86,81.1,0.709,Yes,12.5,28.9
5,Krabi,2025-07-13,July,88.2,79,0.079,79,83.1,0.079,Yes,13.4,29.8
5,Krabi,2025-07-14,July,85.4,76,0.37,83,81.5,0.37,Yes,10.6,25.9
5,Krabi,2025-07-15,July,82.9,75.9,1.067,91,79,1.067,Yes,11,25.7
5,Krabi,2025-07-16,July,86,76.6,0.272,85,81,0.272,Yes,13.2,28.9
5,Krabi,2025-07-17,July,88.1,78.4,0.035,82,82.6,0.035,Yes,7.6,18.6
5,Krabi,2025-07-18,July,87.5,79,0,80,83.1,0,No,9.9,23.5
5,Krabi,2025-07-19,July,88,79.3,0.008,80,83.3,0.008,Yes,8.1,23.3
5,Krabi,2025-07-20,July,85.5,79.5,0.197,81,82.6,0.197,Yes,11.1,29.8
5,Krabi,2025-07-21,July,88.2,82,0.004,74,84.2,0.004,Yes,13.6,29.5
5,Krabi,2025-07-22,July,88.1,81.6,0,76,84.3,0,No,14.2,34.7
5,Krabi,2025-07-23,July,88,80.3,0.004,75,83.9,0.004,Yes,14.4,31.5
5,Krabi,2025-07-24,July,88.9,79.3,0.004,76,83.6,0.004,Yes,11.8,26.8
5,Krabi,2025-07-25,July,89.2,80.1,0.016,77,83.8,0.016,Yes,12.8,28.4
5,Krabi,2025-07-26,July,88.3,80.1,0.016,77,84,0.016,Yes,13.2,29.5
5,Krabi,2025-07-27,July,88.4,80.8,0.031,76,83.9,0.031,Yes,12.6,29.1
5,Krabi,2025-07-28,July,88,82,0.031,73,84.5,0.031,Yes,11.6,26.4
5,Krabi,2025-07-29,July,89.4,81.2,0,75,84.7,0,No,11.3,25.9
5,Krabi,2025-07-30,July,90.1,79.3,0,76,84.4,0,No,13,28.4
5,Krabi,2025-07-31,July,90.4,77.2,0.016,82,83.4,0.016,Yes,6.3,18.8
5,Krabi,2025-08-01,August,90.1,77.3,0.063,80,83.8,0.063,Yes,11,26.6
5,Krabi,2025-08-02,August,87.4,75.6,1.488,89,80.8,1.488,Yes,8.6,21.5
5,Krabi,2025-08-03,August,87.8,76,0.213,81,82.4,0.213,Yes,8.3,20.8
5,Krabi,2025-08-04,August,89.3,80.3,0.012,77,84.3,0.012,Yes,10.1,25.1
5,Krabi,2025-08-05,August,90.1,76.2,0.028,74,84.1,0.028,Yes,9.2,23.5
5,Krabi,2025-08-06,August,86.3,73.5,0.665,87,79.3,0.665,Yes,9.6,25.9
5,Krabi,2025-08-07,August,85.9,74.8,0.256,84,80.8,0.256,Yes,8.3,20.6
5,Krabi,2025-08-08,August,87,76.2,0.083,82,81.7,0.083,Yes,7.9,19.7
5,Krabi,2025-08-09,August,89,77.5,0.047,74,83.4,0.047,Yes,8.6,21
5,Krabi,2025-08-10,August,88.3,77.6,0.043,75,82.9,0.043,Yes,12,28.2
5,Krabi,2025-08-11,August,83.8,76.1,0.311,85,79.3,0.311,Yes,10.6,25.9
5,Krabi,2025-08-12,August,83.3,75.4,0.543,85,79.6,0.543,Yes,13.2,30
5,Krabi,2025-08-13,August,85.7,77.5,0.004,81,81.6,0.004,Yes,8.5,23.9
5,Krabi,2025-08-14,August,85.3,75.5,0.378,86,79.5,0.378,Yes,10.6,27.1
5,Krabi,2025-08-15,August,80,75.9,0.319,90,78.2,0.319,Yes,12.8,25.3
5,Krabi,2025-08-16,August,83.3,74.3,0.13,86,78.9,0.13,Yes,8.8,26.4
5,Krabi,2025-08-17,August,87.5,74.6,0,80,81.8,0,No,6.9,18.8
5,Krabi,2025-08-18,August,88.3,75.7,0.016,80,82.3,0.016,Yes,7.5,18.8
5,Krabi,2025-08-19,August,89.2,77.1,0,78,82.4,0,No,8.6,20.1
5,Krabi,2025-08-20,August,88.1,76.3,0.075,80,81.8,0.075,Yes,8,19.9
5,Krabi,2025-08-21,August,85.8,74.5,0.705,89,78.3,0.705,Yes,9,24.2
5,Krabi,2025-08-22,August,81.5,73.9,0.555,89,77.8,0.555,Yes,10.8,23.9
5,Krabi,2025-08-23,August,88.3,76.7,0.02,78,81.7,0.02,Yes,12.9,30.2
5,Krabi,2025-08-24,August,86.6,76.9,0.094,76,82.1,0.094,Yes,13.5,31.3
5,Krabi,2025-08-25,August,83.8,76.3,0.268,86,79.6,0.268,Yes,13.3,30.2
5,Krabi,2025-08-26,August,87.7,76.6,0.035,84,80.8,0.035,Yes,8.8,23.9
5,Krabi,2025-08-27,August,87.9,75.2,0.087,83,81.1,0.087,Yes,9.5,23.7
5,Krabi,2025-08-28,August,82.1,76.3,0.417,88,79.3,0.417,Yes,12.9,26.6
5,Krabi,2025-08-29,August,88.2,75.9,0.055,78,82.2,0.055,Yes,13.2,29.1
5,Krabi,2025-08-30,August,84.3,76.1,0.602,89,78.9,0.602,Yes,12.8,32.9
5,Krabi,2025-08-31,August,82.9,73.9,1.055,88,79,1.055,Yes,15.1,32.2
5,Krabi,2025-09-01,September,83,75.5,0.642,89,79.1,0.642,Yes,14.1,35.1
5,Krabi,2025-09-02,September,86.8,74.8,0.126,84,81.1,0.126,Yes,10.1,26.6
5,Krabi,2025-09-03,September,82.4,75.3,0.579,90,79,0.579,Yes,10.8,27.1
5,Krabi,2025-09-04,September,79.7,76.2,1.291,95,77.5,1.291,Yes,9.1,20.6
5,Krabi,2025-09-05,September,82.9,77.1,0.181,87,79.8,0.181,Yes,11.2,26.4
5,Krabi,2025-09-06,September,87.3,75.8,0.343,84,80.7,0.343,Yes,13.5,30.2
5,Krabi,2025-09-07,September,83.6,75.3,0.673,88,79.7,0.673,Yes,9,21.5
5,Krabi,2025-09-08,September,84.5,76.4,0.614,91,79.1,0.614,Yes,10.3,23
5,Krabi,2025-09-09,September,83.6,75.4,0.299,86,79.2,0.299,Yes,5.3,14.3
5,Krabi,2025-09-10,September,86.3,76.3,0.043,83,80.6,0.043,Yes,8.3,21
5,Krabi,2025-09-11,September,85.5,76.4,0.047,84,80.5,0.047,Yes,11.3,26.8
5,Krabi,2025-09-12,September,84.2,75.1,0.52,91,78.4,0.52,Yes,9.7,23.5
5,Krabi,2025-09-13,September,83.1,75.2,0.319,90,78.6,0.319,Yes,7.5,16.6
5,Krabi,2025-09-14,September,82,75.3,0.602,91,78.3,0.602,Yes,7.9,19.7
5,Krabi,2025-09-15,September,83.1,74.1,0.079,88,78.7,0.079,Yes,9.9,23.5
5,Krabi,2025-09-16,September,86.9,75.7,0.047,82,81.4,0.047,Yes,10.4,22.8
5,Krabi,2025-09-17,September,87.3,75.4,0.429,85,80.6,0.429,Yes,10.8,27.5
5,Krabi,2025-09-18,September,82.6,76.8,0.441,89,79,0.441,Yes,13,29.5
5,Krabi,2025-09-19,September,87.5,79.2,0.063,76,82.8,0.063,Yes,12.5,27.7
5,Krabi,2025-09-20,September,87.8,79.5,0.02,76,83.2,0.02,Yes,11.4,25.5
5,Krabi,2025-09-21,September,88.1,77,0.012,78,82.2,0.012,Yes,9.2,21.5
5,Krabi,2025-09-22,September,87.7,78.3,0.047,79,82.5,0.047,Yes,8.8,21
5,Krabi,2025-09-23,September,87.4,80,0.016,76,83.3,0.016,Yes,11,24.6
5,Krabi,2025-09-24,September,88.1,81.1,0.043,73,83.6,0.043,Yes,14.7,33.6
5,Krabi,2025-09-25,September,88.3,78.5,0.13,77,83,0.13,Yes,13.7,34.2
5,Krabi,2025-09-26,September,85.8,78.4,0.047,82,81.8,0.047,Yes,7.9,23.5
5,Krabi,2025-09-27,September,87.3,77,0.012,82,81.1,0.012,Yes,11.2,27.3
5,Krabi,2025-09-28,September,85.4,74.6,1.039,90,78.3,1.039,Yes,11.7,28.2
5,Krabi,2025-09-29,September,79.3,75,0.925,94,77,0.925,Yes,14,26.6
5,Krabi,2025-09-30,September,84.7,73.3,0.61,87,79.3,0.61,Yes,6.7,21.9
5,Krabi,2025-10-01,October,87.6,74.2,0.016,84,80,0.016,Yes,5.4,12.8
5,Krabi,2025-10-02,October,89.1,73.7,0.217,86,80.2,0.217,Yes,8.5,17.9
5,Krabi,2025-10-03,October,87.9,74.1,0.075,87,79.7,0.075,Yes,7.1,15.4
5,Krabi,2025-10-04,October,82.9,76.3,0.315,87,79.3,0.315,Yes,7.4,17
5,Krabi,2025-10-05,October,88.7,77.8,0,78,82.4,0,No,9.1,20.8
5,Krabi,2025-10-06,October,88.6,78.4,0,75,82.6,0,No,10,24.2
5,Krabi,2025-10-07,October,88.6,78.4,0.035,77,82.5,0.035,Yes,9.4,22.1
5,Krabi,2025-10-08,October,87.3,77.8,0.039,81,81.1,0.039,Yes,11.1,28.4
5,Krabi,2025-10-09,October,82.4,76.9,0.098,83,79.7,0.098,Yes,12.7,27.7
5,Krabi,2025-10-10,October,86.1,77,0.051,82,80.3,0.051,Yes,9.5,23
5,Krabi,2025-10-11,October,86.4,76.1,0.268,86,80.1,0.268,Yes,9.3,22.1
5,Krabi,2025-10-12,October,84.7,75.1,0.441,89,79.2,0.441,Yes,9,21.7
5,Krabi,2025-10-13,October,87.9,76.6,0.154,86,81.1,0.154,Yes,8.1,20.1
5,Krabi,2025-10-14,October,89.1,75.4,0.24,85,81.1,0.24,Yes,7.7,15
5,Krabi,2025-10-15,October,91.2,75.7,0.039,86,81.3,0.039,Yes,7.1,17.7
5,Krabi,2025-10-16,October,90,75.2,0.311,89,80.2,0.311,Yes,8.8,19.2
5,Krabi,2025-10-17,October,89,75.9,0.268,87,80.2,0.268,Yes,8.7,22.4
5,Krabi,2025-10-18,October,88.2,75.5,0.043,88,80.3,0.043,Yes,8.1,21.3
5,Krabi,2025-10-19,October,89.2,75.6,0.173,87,80.3,0.173,Yes,6.9,20.4
5,Krabi,2025-10-20,October,85.3,75.8,0.512,84,80,0.512,Yes,9,17
5,Krabi,2025-10-21,October,87.9,75.7,0.378,84,80,0.378,Yes,10.9,25.1
5,Krabi,2025-10-22,October,81.7,74.6,0.906,93,77.7,0.906,Yes,12.8,26.4
5,Krabi,2025-10-23,October,84.5,74.8,0.488,93,78,0.488,Yes,6.4,17.4
5,Krabi,2025-10-24,October,79.6,73.9,0.587,95,76.1,0.587,Yes,6.7,13.2
5,Krabi,2025-10-25,October,83.8,75.2,0.035,89,78.6,0.035,Yes,5.9,15.2
5,Krabi,2025-10-26,October,87.4,76.1,0.15,87,80,0.15,Yes,6.3,16.6
5,Krabi,2025-10-27,October,89.2,76.4,0,80,81.1,0,No,9.5,21.3
5,Krabi,2025-10-28,October,87.5,76.6,0.165,82,81.2,0.165,Yes,10.3,24.6
5,Krabi,2025-10-29,October,82.4,75.6,0.26,91,78.4,0.26,Yes,10.7,24.6
5,Krabi,2025-10-30,October,84.7,75.6,0.398,90,78.3,0.398,Yes,10,25.5
5,Krabi,2025-10-31,October,84.5,75.8,0.11,87,79.7,0.11,Yes,10.2,23.5
5,Krabi,2025-11-01,November,85.6,76.7,0.035,84,80.9,0.035,Yes,9.4,23
5,Krabi,2025-11-02,November,85.7,74.1,0.516,87,79.5,0.516,Yes,10.4,21.7
5,Krabi,2025-11-03,November,86.4,75.4,0.087,82,80.8,0.087,Yes,10.5,23.9
5,Krabi,2025-11-04,November,87.9,77,0.024,77,82.1,0.024,Yes,9,21.3
5,Krabi,2025-11-05,November,84.6,75.4,0.657,88,79.4,0.657,Yes,9.8,24.4
5,Krabi,2025-11-06,November,84.6,75.3,0.799,91,78.2,0.799,Yes,12.2,30.2
5,Krabi,2025-11-07,November,86.2,76,0.016,86,80,0.016,Yes,13.7,30
5,Krabi,2025-11-08,November,84.2,75.7,0.26,86,80,0.26,Yes,10.5,25.5
5,Krabi,2025-11-09,November,87.5,75.7,0.02,80,81.9,0.02,Yes,7.6,20.1
5,Krabi,2025-11-10,November,87,76.4,0.035,84,80.7,0.035,Yes,9.7,23.3
5,Krabi,2025-11-11,November,86.5,76.4,0.252,87,80.3,0.252,Yes,8.4,20.4
5,Krabi,2025-11-12,November,87.9,73.3,0.154,90,78.7,0.154,Yes,5.9,17.2
5,Krabi,2025-11-13,November,88.7,74.8,0.043,86,80.5,0.043,Yes,4.6,16.8
5,Krabi,2025-11-14,November,87.4,73.9,0.051,88,78.9,0.051,Yes,5,14.3
5,Krabi,2025-11-15,November,87.4,71.3,0.106,82,78,0.106,Yes,8.8,20.1
5,Krabi,2025-11-16,November,88.6,72.3,0,75,79.8,0,No,9.4,17.2
5,Krabi,2025-11-17,November,88.1,74.8,0.205,86,79.5,0.205,Yes,6.8,21.9
5,Krabi,2025-11-18,November,82.5,74.1,0.075,90,77.7,0.075,Yes,6.3,18.6
5,Krabi,2025-11-19,November,81.8,73.9,3.382,93,77,3.382,Yes,8.2,17
5,Krabi,2025-11-20,November,77.3,73.6,1.358,97,74.8,1.358,Yes,9.3,18.6
5,Krabi,2025-11-21,November,81.2,73.9,0.236,89,76.7,0.236,Yes,9.3,23.9
5,Krabi,2025-11-22,November,79.7,74.1,0.528,95,76,0.528,Yes,7.9,16.6
5,Krabi,2025-11-23,November,83.9,74.8,0.079,85,78,0.079,Yes,12,28.6
5,Krabi,2025-11-24,November,79.3,74.7,0.307,94,76.9,0.307,Yes,9.2,17.7
5,Krabi,2025-11-25,November,79.4,74.3,0.488,95,76.3,0.488,Yes,11.1,24.8
5,Krabi,2025-11-26,November,85.3,74.6,0.031,83,78.8,0.031,Yes,12.4,25.7
5,Krabi,2025-11-27,November,85.7,73.7,0.047,77,78.6,0.047,Yes,11.9,27.1
5,Krabi,2025-11-28,November,87,70.9,0,73,77.7,0,No,9.7,21.9
5,Krabi,2025-11-29,November,85.7,70.1,0,76,77.4,0,No,6.6,15
5,Krabi,2025-11-30,November,86.7,70.4,0,78,78.2,0,No,7.4,17.2
5,Krabi,2025-12-01,December,86.8,71.9,0,78,78.5,0,No,6.8,16.3
5,Krabi,2025-12-02,December,86.8,69.4,0,77,78.3,0,No,7.2,17.7
5,Krabi,2025-12-03,December,89.7,70.3,0,76,79.3,0,No,6,14.5
5,Krabi,2025-12-04,December,89.4,73,0.15,81,80.5,0.15,Yes,5.5,14.8
5,Krabi,2025-12-05,December,85.6,74.3,0.228,91,78.1,0.228,Yes,8.2,20.1
5,Krabi,2025-12-06,December,88.3,73.9,0.028,81,79.9,0.028,Yes,11.4,28
5,Krabi,2025-12-07,December,88.3,72.9,0.02,80,79.9,0.02,Yes,8.6,20.6
5,Krabi,2025-12-08,December,88.4,73.3,0,76,79.8,0,No,9.8,23.9
5,Krabi,2025-12-09,December,89.1,71.7,0,73,79.2,0,No,11.4,25.9
5,Krabi,2025-12-10,December,89.2,71.9,0,72,79.9,0,No,8.1,19.9
5,Krabi,2025-12-11,December,89.6,73.8,0.075,79,80.2,0.075,Yes,8.3,21
5,Krabi,2025-12-12,December,84.2,73.9,0.484,87,78.3,0.484,Yes,7.6,14.8
5,Krabi,2025-12-13,December,87.1,74.2,0.008,78,79.9,0.008,Yes,11.2,28.4
5,Krabi,2025-12-14,December,89.9,74.2,0.008,77,80.8,0.008,Yes,11.3,27.3
5,Krabi,2025-12-15,December,89.6,74.6,0.02,78,80.9,0.02,Yes,12.4,29.3
5,Krabi,2025-12-16,December,88.6,74.4,0.059,80,80.3,0.059,Yes,10,25.5
5,Krabi,2025-12-17,December,90.5,73.5,0.291,83,79.5,0.291,Yes,10.4,26.4
5,Krabi,2025-12-18,December,91,72.9,0.11,83,79.5,0.11,Yes,8.9,23
5,Krabi,2025-12-19,December,91.2,74,0.028,73,81.9,0.028,Yes,10.7,25.3
5,Krabi,2025-12-20,December,91,73.7,0.02,71,81.8,0.02,Yes,8.2,23.3
5,Krabi,2025-12-21,December,91.9,73.7,0.008,66,82.1,0.008,Yes,9.8,24.4
5,Krabi,2025-12-22,December,93.7,73.1,0,66,82.2,0,No,8.8,21.5
5,Krabi,2025-12-23,December,92.8,72.8,0.02,70,82.4,0.02,Yes,8.1,21.3
5,Krabi,2025-12-24,December,94.2,73.1,0,67,83.1,0,No,8,17.2
5,Krabi,2025-12-25,December,93.5,73.9,0.028,70,83.2,0.028,Yes,7.7,21.7
5,Krabi,2025-12-26,December,89,74.4,0.728,87,78.5,0.728,Yes,12.7,33.1
5,Krabi,2025-12-27,December,86.5,73.9,0.087,89,78,0.087,Yes,11.5,28
5,Krabi,2025-12-28,December,87.8,73.6,0.106,87,78.7,0.106,Yes,11.8,25.9
5,Krabi,2025-12-29,December,89.2,73.9,0.039,84,79.8,0.039,Yes,8.2,20.1
5,Krabi,2025-12-30,December,89.4,74,0.028,79,81,0.028,Yes,5.2,14.5
5,Krabi,2025-12-31,December,90.2,73.6,0,75,81.4,0,No,6.6,16.6
6,Koh Samui,2025-01-01,January,78.7,71.5,0.063,80,74.3,0.063,Yes,10.1,25.1
6,Koh Samui,2025-01-02,January,77.5,71.9,0.047,78,74.8,0.047,Yes,9,22.6
6,Koh Samui,2025-01-03,January,78.7,72.4,0.043,80,75.1,0.043,Yes,10.8,26.8
6,Koh Samui,2025-01-04,January,78.8,68.9,0.626,84,73.8,0.626,Yes,11,27.3
6,Koh Samui,2025-01-05,January,76.6,70.7,0.248,77,74.3,0.248,Yes,13.9,33.6
6,Koh Samui,2025-01-06,January,78.6,71.5,0,74,74.8,0,No,11.8,29.8
6,Koh Samui,2025-01-07,January,78,70.9,0.016,77,74.6,0.016,Yes,9.3,23.5
6,Koh Samui,2025-01-08,January,78.7,70.6,0,71,74.6,0,No,8.4,21.9
6,Koh Samui,2025-01-09,January,79.8,71.1,0,73,75.6,0,No,7.8,20.6
6,Koh Samui,2025-01-10,January,79.3,72.4,0.043,73,75.8,0.043,Yes,14.7,36.5
6,Koh Samui,2025-01-11,January,77.3,72.3,0.126,71,75.1,0.126,Yes,16.9,40.3
6,Koh Samui,2025-01-12,January,73.7,70.7,0.055,72,72.5,0.055,Yes,19.7,46.5
6,Koh Samui,2025-01-13,January,75.9,70.6,0.016,71,72.9,0.016,Yes,14.4,33.8
6,Koh Samui,2025-01-14,January,76.8,70.6,0,74,73.4,0,No,11.7,29.3
6,Koh Samui,2025-01-15,January,77.7,69.8,0.138,81,74.2,0.138,Yes,13.8,34.4
6,Koh Samui,2025-01-16,January,76.6,70,0.205,86,73.3,0.205,Yes,13,34.9
6,Koh Samui,2025-01-17,January,78.7,71.6,0.031,77,74.6,0.031,Yes,17.7,42.7
6,Koh Samui,2025-01-18,January,78.3,70.9,0.012,76,74.1,0.012,Yes,13.7,33.6
6,Koh Samui,2025-01-19,January,78.7,71.5,0,77,74.8,0,No,9.5,23.7
6,Koh Samui,2025-01-20,January,77.3,70.6,0.122,81,73.9,0.122,Yes,7,18.1
6,Koh Samui,2025-01-21,January,78.3,70.7,0.028,79,74.8,0.028,Yes,8.8,22.6
6,Koh Samui,2025-01-22,January,79.5,71.5,0.016,74,75.7,0.016,Yes,10.6,26.8
6,Koh Samui,2025-01-23,January,79.6,71.9,0.043,79,75.1,0.043,Yes,9.8,25.3
6,Koh Samui,2025-01-24,January,80.1,72.1,0.016,81,75.8,0.016,Yes,8.4,22.4
6,Koh Samui,2025-01-25,January,79.2,72.4,0.063,83,75.5,0.063,Yes,7.1,20.8
6,Koh Samui,2025-01-26,January,78.5,72.6,0.122,81,75.7,0.122,Yes,11,24.8
6,Koh Samui,2025-01-27,January,81.9,71.9,0.13,76,75.4,0.13,Yes,14.7,36
6,Koh Samui,2025-01-28,January,78.6,69.7,0.205,82,73.4,0.205,Yes,13.2,32.9
6,Koh Samui,2025-01-29,January,78.6,70.3,0.035,70,74.9,0.035,Yes,14.8,35.6
6,Koh Samui,2025-01-30,January,79.3,69.7,0,61,74.7,0,No,10,25.7
6,Koh Samui,2025-01-31,January,79.9,70.2,0,62,74.5,0,No,7.2,19.9
6,Koh Samui,2025-02-01,February,80.1,69.4,0,68,74,0,No,5.3,16.3
6,Koh Samui,2025-02-02,February,80.6,68.9,0,74,74.1,0,No,3.2,12.1
6,Koh Samui,2025-02-03,February,80.4,70.1,0,72,75.9,0,No,8.4,22.1
6,Koh Samui,2025-02-04,February,79.5,71.7,0.075,76,75.6,0.075,Yes,13.4,33.3
6,Koh Samui,2025-02-05,February,79.9,71.6,0.02,75,75.5,0.02,Yes,10.2,26.4
6,Koh Samui,2025-02-06,February,79.1,71.9,0.051,78,75.2,0.051,Yes,8.9,23.3
6,Koh Samui,2025-02-07,February,80.5,72.4,0,74,75.7,0,No,8.8,23.3
6,Koh Samui,2025-02-08,February,80.1,71.2,0.071,79,74.6,0.071,Yes,11.3,28
6,Koh Samui,2025-02-09,February,79.6,71.5,0.079,73,75.1,0.079,Yes,12.5,31.3
6,Koh Samui,2025-02-10,February,81.4,70.7,0,67,75.9,0,No,9.8,24.4
6,Koh Samui,2025-02-11,February,81.5,71.1,0,68,75.7,0,No,6.6,17.9
6,Koh Samui,2025-02-12,February,81.6,71.9,0.004,72,76,0.004,Yes,5.2,14.3
6,Koh Samui,2025-02-13,February,81.3,72.3,0.02,78,76.7,0.02,Yes,6.9,19.9
6,Koh Samui,2025-02-14,February,81.3,72.7,0.043,78,76.7,0.043,Yes,7.3,20.4
6,Koh Samui,2025-02-15,February,83.9,71.5,0,75,77.2,0,No,5.3,13.9
6,Koh Samui,2025-02-16,February,84.4,71.8,0.004,75,77.8,0.004,Yes,7.5,18.3
6,Koh Samui,2025-02-17,February,81.1,74.8,0.039,73,77.5,0.039,Yes,11.5,28.4
6,Koh Samui,2025-02-18,February,82.3,72.6,0.024,69,77.8,0.024,Yes,11.3,29.3
6,Koh Samui,2025-02-19,February,79.5,72.4,0.165,76,76.1,0.165,Yes,13,31.5
6,Koh Samui,2025-02-20,February,79.9,70.5,0.272,81,75,0.272,Yes,15,38.3
6,Koh Samui,2025-02-21,February,78.2,70.7,0.094,79,75.6,0.094,Yes,12.8,32
6,Koh Samui,2025-02-22,February,79.8,72.1,0.26,83,74.8,0.26,Yes,12,31.3
6,Koh Samui,2025-02-23,February,76.8,70.1,1.028,92,72.5,1.028,Yes,12.7,31.5
6,Koh Samui,2025-02-24,February,72.5,70.2,1.933,95,71.2,1.933,Yes,18.9,45.9
6,Koh Samui,2025-02-25,February,76.1,68.4,0.618,86,73.7,0.618,Yes,14.9,39.4
6,Koh Samui,2025-02-26,February,77.5,69.9,0.165,87,74,0.165,Yes,13,44.3
6,Koh Samui,2025-02-27,February,79.4,74.2,0.114,80,76.2,0.114,Yes,13.8,34.2
6,Koh Samui,2025-02-28,February,79.6,73.5,0.016,81,76.3,0.016,Yes,11.2,28.2
6,Koh Samui,2025-03-01,March,79.6,72.1,0.039,81,75.6,0.039,Yes,10.6,26.8
6,Koh Samui,2025-03-02,March,80.2,72.6,0,78,76.5,0,No,9.4,23.7
6,Koh Samui,2025-03-03,March,79.9,71.3,0.024,79,75.7,0.024,Yes,7.7,20.4
6,Koh Samui,2025-03-04,March,79.1,72.1,0,78,75.1,0,No,7,19
6,Koh Samui,2025-03-05,March,81.7,72.5,0,78,76.4,0,No,4.8,13.4
6,Koh Samui,2025-03-06,March,82.6,73.8,0.012,80,77.5,0.012,Yes,6.3,16.1
6,Koh Samui,2025-03-07,March,80.9,71.7,0.201,80,76.9,0.201,Yes,10.9,27.1
6,Koh Samui,2025-03-08,March,80.4,71.5,0.224,82,76.2,0.224,Yes,14.8,35.3
6,Koh Samui,2025-03-09,March,78.7,70.4,0.205,85,75.8,0.205,Yes,11.8,29.1
6,Koh Samui,2025-03-10,March,79.6,71.4,0.232,85,76,0.232,Yes,13.6,37.4
6,Koh Samui,2025-03-11,March,79.4,72.7,0.106,84,76.7,0.106,Yes,9.2,25.9
6,Koh Samui,2025-03-12,March,81.2,74.7,0.079,79,77.7,0.079,Yes,8.1,20.6
6,Koh Samui,2025-03-13,March,80.4,74.3,0.047,79,77.2,0.047,Yes,11.6,30
6,Koh Samui,2025-03-14,March,81.4,74.1,0,77,77.3,0,No,9.3,24.4
6,Koh Samui,2025-03-15,March,81.3,73.4,0.004,80,77,0.004,Yes,8.6,22.8
6,Koh Samui,2025-03-16,March,82.6,74.2,0,76,77.6,0,No,6.5,16.8
6,Koh Samui,2025-03-17,March,81.9,75.3,0.146,78,77.8,0.146,Yes,10.3,25.9
6,Koh Samui,2025-03-18,March,79.3,71.9,0.087,83,76.2,0.087,Yes,11.7,28.6
6,Koh Samui,2025-03-19,March,77.8,70.7,0.421,89,73.5,0.421,Yes,9.5,26.6
6,Koh Samui,2025-03-20,March,81.2,72.7,0.079,72,77,0.079,Yes,15.9,39.1
6,Koh Samui,2025-03-21,March,80.5,73.7,0.051,71,77.3,0.051,Yes,10.7,26.4
6,Koh Samui,2025-03-22,March,81.5,72.4,0.028,75,77.4,0.028,Yes,10.8,26.8
6,Koh Samui,2025-03-23,March,80.9,71.9,0.051,81,76.3,0.051,Yes,7.1,19
6,Koh Samui,2025-03-24,March,82.1,73,0.016,77,76.9,0.016,Yes,5.8,16.8
6,Koh Samui,2025-03-25,March,83.9,73.7,0,75,78.1,0,No,5.5,14.8
6,Koh Samui,2025-03-26,March,83.3,74.2,0.043,78,78,0.043,Yes,6.9,15.7
6,Koh Samui,2025-03-27,March,83.2,74.8,0.055,76,78.7,0.055,Yes,6.1,15.9
6,Koh Samui,2025-03-28,March,84.2,76,0.012,71,79.1,0.012,Yes,10.1,25.7
6,Koh Samui,2025-03-29,March,83.9,75.3,0.028,74,79.4,0.028,Yes,7.3,18.3
6,Koh Samui,2025-03-30,March,83.6,75.8,0,71,78.8,0,No,9.3,24.6
6,Koh Samui,2025-03-31,March,83.5,72.7,0.047,73,78.5,0.047,Yes,9.8,24.8
6,Koh Samui,2025-04-01,April,80,72.4,0.169,83,76.1,0.169,Yes,8.1,21.5
6,Koh Samui,2025-04-02,April,79.9,71.8,0.921,90,74.2,0.921,Yes,14.7,34
6,Koh Samui,2025-04-03,April,78.2,73.7,0.236,84,76,0.236,Yes,18,42.5
6,Koh Samui,2025-04-04,April,81.4,74.5,0,77,78,0,No,11.9,30
6,Koh Samui,2025-04-05,April,80.6,75.4,0.075,78,77.6,0.075,Yes,9.7,24.4
6,Koh Samui,2025-04-06,April,81.5,74.8,0.063,79,77.8,0.063,Yes,9.3,23.9
6,Koh Samui,2025-04-07,April,81.8,74.6,0,76,77.9,0,No,12.6,31.8
6,Koh Samui,2025-04-08,April,81.8,75.1,0,75,78.3,0,No,11.1,28
6,Koh Samui,2025-04-09,April,81.8,72.9,0.075,77,78.2,0.075,Yes,8.2,21.5
6,Koh Samui,2025-04-10,April,82.7,74.1,0.059,80,78.1,0.059,Yes,5.4,15.9
6,Koh Samui,2025-04-11,April,83.5,72,0.417,84,76.8,0.417,Yes,6.4,19.2
6,Koh Samui,2025-04-12,April,83.6,73.9,0.008,77,79.1,0.008,Yes,8.5,22.1
6,Koh Samui,2025-04-13,April,85.8,73.7,0.091,76,79.8,0.091,Yes,6.9,15.9
6,Koh Samui,2025-04-14,April,83.9,75.8,0.012,76,79.4,0.012,Yes,10.5,26.6
6,Koh Samui,2025-04-15,April,82.1,72,0.744,84,76.5,0.744,Yes,12.2,31.8
6,Koh Samui,2025-04-16,April,79.6,73.9,0.031,84,76.4,0.031,Yes,7.5,17.9
6,Koh Samui,2025-04-17,April,81.9,73.9,0.496,88,76.6,0.496,Yes,5.4,12.5
6,Koh Samui,2025-04-18,April,83.4,73.1,0.252,86,77.6,0.252,Yes,6.1,16.8
6,Koh Samui,2025-04-19,April,82.1,74.4,0.197,85,77.5,0.197,Yes,5.2,16.1
6,Koh Samui,2025-04-20,April,82.6,73.6,0.118,80,78.3,0.118,Yes,8.1,21
6,Koh Samui,2025-04-21,April,85,76,0,68,80.4,0,No,9.4,24.8
6,Koh Samui,2025-04-22,April,84.8,74.9,0.012,72,80.1,0.012,Yes,9.5,25.1
6,Koh Samui,2025-04-23,April,85,74.2,0.016,78,78.9,0.016,Yes,7.4,17.7
6,Koh Samui,2025-04-24,April,86.8,73.3,0.146,78,78.5,0.146,Yes,8.9,20.4
6,Koh Samui,2025-04-25,April,86,75,0.028,78,79.7,0.028,Yes,7.1,16.3
6,Koh Samui,2025-04-26,April,84.9,75.5,0.016,76,79.6,0.016,Yes,9.3,23.7
6,Koh Samui,2025-04-27,April,83.1,72.9,0.091,76,78.7,0.091,Yes,9.1,24.2
6,Koh Samui,2025-04-28,April,85,74.4,0.028,77,78.7,0.028,Yes,8.1,22.8
6,Koh Samui,2025-04-29,April,87.4,76.4,0.004,61,81.7,0.004,Yes,7.8,21.5
6,Koh Samui,2025-04-30,April,86.4,77.2,0.008,65,82,0.008,Yes,8.4,24.2
6,Koh Samui,2025-05-01,May,86.8,76.4,0.047,69,81.3,0.047,Yes,7.9,22.1
6,Koh Samui,2025-05-02,May,86.7,73,0.122,72,80,0.122,Yes,7.5,20.6
6,Koh Samui,2025-05-03,May,82.5,74.2,0.067,83,76.7,0.067,Yes,6.8,19.9
6,Koh Samui,2025-05-04,May,81.4,73.5,0.366,86,76.4,0.366,Yes,7.5,21
6,Koh Samui,2025-05-05,May,83.9,72.4,0.39,85,76.8,0.39,Yes,6.3,15
6,Koh Samui,2025-05-06,May,84.3,73.5,0.299,84,77.1,0.299,Yes,9.2,22.1
6,Koh Samui,2025-05-07,May,84.9,73.9,0.142,77,79,0.142,Yes,11.6,32.2
6,Koh Samui,2025-05-08,May,87.2,74.9,0.031,78,79.1,0.031,Yes,10.4,27.5
6,Koh Samui,2025-05-09,May,88.5,73.1,0.169,76,80,0.169,Yes,7.7,20.4
6,Koh Samui,2025-05-10,May,82.3,74.2,0.287,87,77,0.287,Yes,10,25.3
6,Koh Samui,2025-05-11,May,79.4,73,0.315,90,75.8,0.315,Yes,8.3,19.7
6,Koh Samui,2025-05-12,May,80.6,73.7,0.693,87,76.4,0.693,Yes,8,21.9
6,Koh Samui,2025-05-13,May,83.3,73,0.232,85,77.3,0.232,Yes,8.7,24.4
6,Koh Samui,2025-05-14,May,79.7,72.6,0.339,87,76.5,0.339,Yes,10.4,27.3
6,Koh Samui,2025-05-15,May,81.1,72.9,0.504,89,76.3,0.504,Yes,11.9,29.1
6,Koh Samui,2025-05-16,May,79.2,74.5,0.236,88,76.7,0.236,Yes,9.9,26.2
6,Koh Samui,2025-05-17,May,80,73.8,0.48,87,77,0.48,Yes,8.9,21.9
6,Koh Samui,2025-05-18,May,80.3,74.2,0.185,86,77.3,0.185,Yes,7,16.6
6,Koh Samui,2025-05-19,May,81.8,72.8,0.134,85,77.9,0.134,Yes,5.7,15.4
6,Koh Samui,2025-05-20,May,80.2,74.1,0.114,83,77.8,0.114,Yes,5.7,15.7
6,Koh Samui,2025-05-21,May,80.5,74.4,0.209,88,77.4,0.209,Yes,9.5,25.1
6,Koh Samui,2025-05-22,May,80.5,73.3,0.134,85,77.5,0.134,Yes,7.6,20.8
6,Koh Samui,2025-05-23,May,80.9,76.2,0.051,81,78,0.051,Yes,13.4,32.4
6,Koh Samui,2025-05-24,May,76.5,72.9,0.496,93,74.8,0.496,Yes,9.8,23.7
6,Koh Samui,2025-05-25,May,79,72.4,0.177,81,76.5,0.177,Yes,13.9,37.1
6,Koh Samui,2025-05-26,May,81.4,72.5,0.075,85,76.9,0.075,Yes,8.2,22.4
6,Koh Samui,2025-05-27,May,81.9,75.5,0.012,82,78.3,0.012,Yes,9.1,24.4
6,Koh Samui,2025-05-28,May,85.2,74.8,0.228,78,79.5,0.228,Yes,7.2,16.8
6,Koh Samui,2025-05-29,May,84.9,77.7,0.008,74,80.8,0.008,Yes,11.9,30.9
6,Koh Samui,2025-05-30,May,84.8,77.1,0.012,77,79.9,0.012,Yes,7.7,23.3
6,Koh Samui,2025-05-31,May,86.4,78,0.016,74,81,0.016,Yes,8.5,22.8
6,Koh Samui,2025-06-01,June,89.9,75.2,0.083,75,80.5,0.083,Yes,9.9,28.6
6,Koh Samui,2025-06-02,June,87.1,76,0.071,74,80.7,0.071,Yes,11.4,32.7
6,Koh Samui,2025-06-03,June,84.6,75.4,0.055,81,78.5,0.055,Yes,10.8,30.4
6,Koh Samui,2025-06-04,June,84.4,75.3,0.236,81,78.1,0.236,Yes,12.8,31.5
6,Koh Samui,2025-06-05,June,84,74.5,0.024,80,77.9,0.024,Yes,12.3,30.4
6,Koh Samui,2025-06-06,June,84,75.2,0.055,78,78.5,0.055,Yes,11.5,29.8
6,Koh Samui,2025-06-07,June,82.8,73.9,0.11,81,77,0.11,Yes,14.5,36.7
6,Koh Samui,2025-06-08,June,83.8,72.7,0.24,81,76.9,0.24,Yes,14.2,33.1
6,Koh Samui,2025-06-09,June,82.2,72.5,0.091,75,78.5,0.091,Yes,13.5,38.5
6,Koh Samui,2025-06-10,June,80.3,76,0.11,79,77.5,0.11,Yes,15.8,39.1
6,Koh Samui,2025-06-11,June,83.5,75.1,0.028,74,79,0.028,Yes,11.9,34.7
6,Koh Samui,2025-06-12,June,82.2,75.8,0.031,77,78.3,0.031,Yes,14.1,40.9
6,Koh Samui,2025-06-13,June,86.6,75.4,0,72,80.4,0,No,10.8,30
6,Koh Samui,2025-06-14,June,87.2,75.9,0.024,72,80.9,0.024,Yes,9.5,30.4
6,Koh Samui,2025-06-15,June,87.7,77.1,0.016,68,81.7,0.016,Yes,7,21.9
6,Koh Samui,2025-06-16,June,87.6,75.7,0.02,67,81.5,0.02,Yes,6.9,22.8
6,Koh Samui,2025-06-17,June,87.9,76,0.028,71,80.3,0.028,Yes,13,33.3
6,Koh Samui,2025-06-18,June,86.1,74.9,0.063,77,79.1,0.063,Yes,10.4,29.1
6,Koh Samui,2025-06-19,June,84.9,76.3,0,70,80.6,0,No,12.1,30.6
6,Koh Samui,2025-06-20,June,83.9,73.2,0.165,82,76.8,0.165,Yes,10.5,29.1
6,Koh Samui,2025-06-21,June,78.7,72.5,0.425,85,75.1,0.425,Yes,15.8,39.1
6,Koh Samui,2025-06-22,June,79,72.8,0.094,83,75.5,0.094,Yes,13.9,37.8
6,Koh Samui,2025-06-23,June,81.2,72,0.154,85,75.3,0.154,Yes,11.4,32.9
6,Koh Samui,2025-06-24,June,80.5,74.4,0.024,79,77.1,0.024,Yes,14.5,37.4
6,Koh Samui,2025-06-25,June,82.3,74.7,0.134,83,77.3,0.134,Yes,9.5,25.3
6,Koh Samui,2025-06-26,June,84.1,74.9,0.165,81,78.1,0.165,Yes,8.9,26.2
6,Koh Samui,2025-06-27,June,84.1,71.6,0.157,81,77.3,0.157,Yes,11.5,31.8
6,Koh Samui,2025-06-28,June,83,73.7,0.067,76,78.6,0.067,Yes,12.1,31.1
6,Koh Samui,2025-06-29,June,84.8,75.4,0,72,79.8,0,No,11.8,35.3
6,Koh Samui,2025-06-30,June,84.1,75.8,0.02,71,79.8,0.02,Yes,14,40.3
6,Koh Samui,2025-07-01,July,84,75.1,0.02,77,78.3,0.02,Yes,13.1,34.9
6,Koh Samui,2025-07-02,July,82.9,70.3,0.161,81,77.3,0.161,Yes,11.3,33.6
6,Koh Samui,2025-07-03,July,84.1,72.4,0.075,72,79.4,0.075,Yes,11.1,32.4
6,Koh Samui,2025-07-04,July,84.6,74.1,0.043,73,79.8,0.043,Yes,11.1,32.2
6,Koh Samui,2025-07-05,July,85.7,73.3,0.157,80,78.4,0.157,Yes,13,38.9
6,Koh Samui,2025-07-06,July,86.5,74.7,0.248,78,78.3,0.248,Yes,17.8,42.1
6,Koh Samui,2025-07-07,July,85.5,72.6,0.516,79,77.8,0.516,Yes,12.8,34.2
6,Koh Samui,2025-07-08,July,83.3,74,0.063,82,77.5,0.063,Yes,14,34
6,Koh Samui,2025-07-09,July,82.6,75.3,0.008,75,79,0.008,Yes,12.2,32
6,Koh Samui,2025-07-10,July,85.9,74.5,0.039,76,78.6,0.039,Yes,13.1,35.3
6,Koh Samui,2025-07-11,July,82.2,75.1,0.024,76,78.3,0.024,Yes,13.3,37.8
6,Koh Samui,2025-07-12,July,87.6,74.3,0.067,75,79.3,0.067,Yes,14,38.3
6,Koh Samui,2025-07-13,July,87.5,75.4,0.008,68,81.1,0.008,Yes,12.3,33.1
6,Koh Samui,2025-07-14,July,88.1,75.5,0.091,72,79.8,0.091,Yes,11.4,29.1
6,Koh Samui,2025-07-15,July,85.8,74.4,0.024,72,79.7,0.024,Yes,12.8,32.7
6,Koh Samui,2025-07-16,July,85,75.2,0.059,75,78.6,0.059,Yes,12.2,32.7
6,Koh Samui,2025-07-17,July,86.9,75.9,0.028,72,80.2,0.028,Yes,9.9,32.2
6,Koh Samui,2025-07-18,July,86.4,76.4,0.035,69,80.6,0.035,Yes,14.4,38.5
6,Koh Samui,2025-07-19,July,88.4,75.9,0.071,66,81.3,0.071,Yes,15.4,41.6
6,Koh Samui,2025-07-20,July,84.7,75.9,0.028,73,78.6,0.028,Yes,16.5,45.9
6,Koh Samui,2025-07-21,July,85,76.6,0.004,67,80.2,0.004,Yes,15.5,43
6,Koh Samui,2025-07-22,July,87.7,76.3,0,67,81.3,0,No,18,49.2
6,Koh Samui,2025-07-23,July,89.9,75.8,0,62,81.9,0,No,17.6,49.4
6,Koh Samui,2025-07-24,July,90.8,76.1,0,60,82.5,0,No,13.8,36.2
6,Koh Samui,2025-07-25,July,90.6,77,0,62,82.8,0,No,12.6,37.6
6,Koh Samui,2025-07-26,July,91.2,76.1,0,62,82.8,0,No,12.9,37.8
6,Koh Samui,2025-07-27,July,86.8,76.3,0.016,70,80.6,0.016,Yes,12.7,38.3
6,Koh Samui,2025-07-28,July,89.3,76.8,0,65,82,0,No,13.2,36.9
6,Koh Samui,2025-07-29,July,85.2,76.5,0.035,69,81.3,0.035,Yes,13.6,36.9
6,Koh Samui,2025-07-30,July,87.9,77,0,65,82.2,0,No,14.2,37.4
6,Koh Samui,2025-07-31,July,89.8,76.8,0.063,69,81.6,0.063,Yes,11,29.1
6,Koh Samui,2025-08-01,August,88.1,74.8,0.276,77,80.3,0.276,Yes,7.4,21.9
6,Koh Samui,2025-08-02,August,88.5,72.2,0.531,77,79.7,0.531,Yes,7.9,21.3
6,Koh Samui,2025-08-03,August,86.6,73,0.063,75,80.2,0.063,Yes,6.3,18.1
6,Koh Samui,2025-08-04,August,89.4,77.2,0,65,82.5,0,No,12,32.7
6,Koh Samui,2025-08-05,August,86.9,76.9,0.012,67,81.4,0.012,Yes,10.8,28.6
6,Koh Samui,2025-08-06,August,88.4,72,0.343,79,77.7,0.343,Yes,8.6,24.4
6,Koh Samui,2025-08-07,August,84.9,71.1,0.551,80,77.6,0.551,Yes,8.1,20.8
6,Koh Samui,2025-08-08,August,83.2,74,0.035,81,77.7,0.035,Yes,5.2,16.6
6,Koh Samui,2025-08-09,August,84,76,0.067,73,79.5,0.067,Yes,9.8,27.7
6,Koh Samui,2025-08-10,August,81.8,75.6,0.071,73,78.9,0.071,Yes,12.7,34
6,Koh Samui,2025-08-11,August,79.6,73.7,0.106,78,76.2,0.106,Yes,12.1,30.4
6,Koh Samui,2025-08-12,August,79.6,73.9,0.067,77,76.8,0.067,Yes,11.6,33.6
6,Koh Samui,2025-08-13,August,81,74.4,0.012,76,77.6,0.012,Yes,10.3,28.9
6,Koh Samui,2025-08-14,August,82.7,72,0.079,77,77.3,0.079,Yes,16.3,41.4
6,Koh Samui,2025-08-15,August,78.8,73.6,0.209,84,75,0.209,Yes,13.4,36.5
6,Koh Samui,2025-08-16,August,75.3,71.8,0.453,90,73.5,0.453,Yes,12.3,30.6
6,Koh Samui,2025-08-17,August,81.7,72.4,0,79,77.6,0,No,11.2,32.9
6,Koh Samui,2025-08-18,August,86.3,74.3,0,70,79.9,0,No,8.2,24.2
6,Koh Samui,2025-08-19,August,86.3,75.6,0,67,80.1,0,No,8.1,22.6
6,Koh Samui,2025-08-20,August,85,76.7,0.031,69,79.8,0.031,Yes,7.7,19.5
6,Koh Samui,2025-08-21,August,82.2,71.5,0.61,84,75.7,0.61,Yes,7.8,20.1
6,Koh Samui,2025-08-22,August,75.7,71.8,0.343,88,73.8,0.343,Yes,8.8,24.8
6,Koh Samui,2025-08-23,August,82.4,71.7,0.469,81,76.2,0.469,Yes,12.5,31.1
6,Koh Samui,2025-08-24,August,81.2,73.5,0.012,72,78,0.012,Yes,14.8,38.5
6,Koh Samui,2025-08-25,August,82.9,73.3,0.102,77,77.2,0.102,Yes,16.6,40.3
6,Koh Samui,2025-08-26,August,85.8,74.6,0.004,73,78.8,0.004,Yes,15.3,40.7
6,Koh Samui,2025-08-27,August,85.1,73,0.063,76,77.9,0.063,Yes,11.3,31.1
6,Koh Samui,2025-08-28,August,82.4,72.6,0.157,77,77.6,0.157,Yes,12.2,36
6,Koh Samui,2025-08-29,August,85,75.4,0.043,69,79.7,0.043,Yes,13.5,34.4
6,Koh Samui,2025-08-30,August,81.2,72.4,0.205,81,76.1,0.205,Yes,17.1,45.2
6,Koh Samui,2025-08-31,August,80.6,72.4,0.15,82,75.8,0.15,Yes,15.6,43.2
6,Koh Samui,2025-09-01,September,78.4,73.8,0.232,83,75.6,0.232,Yes,16.3,40.3
6,Koh Samui,2025-09-02,September,82.8,74.7,0.012,75,78.6,0.012,Yes,10.5,32
6,Koh Samui,2025-09-03,September,82.7,74.1,0.035,76,77.7,0.035,Yes,11.1,30.6
6,Koh Samui,2025-09-04,September,82.7,73,0.106,75,77.7,0.106,Yes,13.4,33.3
6,Koh Samui,2025-09-05,September,84.4,74.7,0.035,75,78.4,0.035,Yes,12.7,33.1
6,Koh Samui,2025-09-06,September,86.8,73.6,0.047,75,78.8,0.047,Yes,10.3,26.8
6,Koh Samui,2025-09-07,September,81.8,74.1,0.047,79,77.2,0.047,Yes,10.8,30.6
6,Koh Samui,2025-09-08,September,81.2,72.5,0.098,86,75.5,0.098,Yes,10.6,27.7
6,Koh Samui,2025-09-09,September,79.4,73.1,0.126,84,76.1,0.126,Yes,9.7,26.2
6,Koh Samui,2025-09-10,September,82.4,72.7,0.276,84,76.2,0.276,Yes,6.2,15.9
6,Koh Samui,2025-09-11,September,85,74.5,0.031,78,77.9,0.031,Yes,7.9,29.8
6,Koh Samui,2025-09-12,September,84.3,72.1,0.563,80,77,0.563,Yes,8.3,21.9
6,Koh Samui,2025-09-13,September,83.7,72.6,0.075,83,76.2,0.075,Yes,8.1,18.6
6,Koh Samui,2025-09-14,September,79.6,71.9,0.382,87,74.8,0.382,Yes,6.9,16.6
6,Koh Samui,2025-09-15,September,79.9,72.2,0.142,83,76.1,0.142,Yes,8,22.8
6,Koh Samui,2025-09-16,September,84,73.8,0.118,78,77.4,0.118,Yes,8.4,25.9
6,Koh Samui,2025-09-17,September,83.2,73.7,0.035,75,78.3,0.035,Yes,11.8,34.7
6,Koh Samui,2025-09-18,September,79.6,72.2,0.205,80,76,0.205,Yes,12.5,37.4
6,Koh Samui,2025-09-19,September,83.3,74.8,0.004,69,79.1,0.004,Yes,12.2,36.2
6,Koh Samui,2025-09-20,September,85.9,75.5,0,66,80.5,0,No,12.1,34
6,Koh Samui,2025-09-21,September,87.8,74.2,0,62,80.9,0,No,13.7,36.2
6,Koh Samui,2025-09-22,September,86.8,74.6,0,63,80.4,0,No,12.8,34
6,Koh Samui,2025-09-23,September,87.8,75.9,0,62,81.1,0,No,15.7,40.3
6,Koh Samui,2025-09-24,September,85.3,75.8,0.004,69,79.9,0.004,Yes,15.2,42.5
6,Koh Samui,2025-09-25,September,86.2,76,0.071,67,80.2,0.071,Yes,15.4,42.5
6,Koh Samui,2025-09-26,September,82.5,75.2,0.091,76,77.8,0.091,Yes,10.3,32.7
6,Koh Samui,2025-09-27,September,81.7,73.9,0.118,78,76.9,0.118,Yes,12,35.6
6,Koh Samui,2025-09-28,September,82.2,71.6,0.669,84,75.3,0.669,Yes,13.3,35.6
6,Koh Samui,2025-09-29,September,79.5,71.6,0.083,82,75.5,0.083,Yes,18.4,45.4
6,Koh Samui,2025-09-30,September,83.1,72,0.244,82,76.3,0.244,Yes,7.9,27.1
6,Koh Samui,2025-10-01,October,80.9,72.6,0.122,85,76,0.122,Yes,5.5,18.8
6,Koh Samui,2025-10-02,October,83.2,73,0.028,77,78.3,0.028,Yes,7.4,19.7
6,Koh Samui,2025-10-03,October,84.8,73.2,0.039,79,77.6,0.039,Yes,7.3,17.2
6,Koh Samui,2025-10-04,October,85,69.7,0.209,79,77,0.209,Yes,7.8,22.6
6,Koh Samui,2025-10-05,October,85.1,72.4,0.122,76,77.9,0.122,Yes,7.5,22.4
6,Koh Samui,2025-10-06,October,86.8,75.4,0.004,66,80.3,0.004,Yes,10.7,30.2
6,Koh Samui,2025-10-07,October,87.8,74.3,0.051,72,79.1,0.051,Yes,10.9,30
6,Koh Samui,2025-10-08,October,80.7,71.7,0.362,80,76.3,0.362,Yes,11.8,31.3
6,Koh Samui,2025-10-09,October,80.2,72.5,0.059,82,75.5,0.059,Yes,12.8,33.8
6,Koh Samui,2025-10-10,October,80.8,71,0.169,78,76.7,0.169,Yes,11.6,30.4
6,Koh Samui,2025-10-11,October,84.1,72.4,0.079,77,77.9,0.079,Yes,8.1,18.1
6,Koh Samui,2025-10-12,October,83.1,74,0.059,78,77.9,0.059,Yes,7.2,20.6
6,Koh Samui,2025-10-13,October,84.1,72.2,0.244,80,77.9,0.244,Yes,4.9,15.4
6,Koh Samui,2025-10-14,October,80.5,73.9,0.256,85,76.3,0.256,Yes,5.9,16.6
6,Koh Samui,2025-10-15,October,83.2,74.5,0.043,74,78.9,0.043,Yes,6.9,19.5
6,Koh Samui,2025-10-16,October,82.5,70.7,0.689,83,77.3,0.689,Yes,12.8,32.7
6,Koh Samui,2025-10-17,October,80.1,70.1,0.776,91,74.1,0.776,Yes,9.9,28.9
6,Koh Samui,2025-10-18,October,80.3,72.3,0.236,87,75.7,0.236,Yes,11,27.5
6,Koh Samui,2025-10-19,October,81.3,72.7,0.035,84,76.6,0.035,Yes,7.7,21.7
6,Koh Samui,2025-10-20,October,80.4,72.4,0.134,87,74.9,0.134,Yes,7.6,17.7
6,Koh Samui,2025-10-21,October,80.3,71.1,0.161,85,75.9,0.161,Yes,7.9,19.9
6,Koh Samui,2025-10-22,October,75.7,72,0.524,90,74.4,0.524,Yes,7.8,20.1
6,Koh Samui,2025-10-23,October,79.5,71.4,0.594,89,74.1,0.594,Yes,11.9,30.4
6,Koh Samui,2025-10-24,October,75.6,71.5,0.425,92,73.6,0.425,Yes,9.6,23.5
6,Koh Samui,2025-10-25,October,74.1,71.7,1.504,94,72.7,1.504,Yes,7.8,17.2
6,Koh Samui,2025-10-26,October,76.4,72.3,0.492,92,74.2,0.492,Yes,8.3,20.1
6,Koh Samui,2025-10-27,October,79.6,71.4,0.311,87,75,0.311,Yes,12.2,29.3
6,Koh Samui,2025-10-28,October,79.6,71.3,1.787,88,74.3,1.787,Yes,10.6,26.4
6,Koh Samui,2025-10-29,October,73.8,69.9,1.067,95,71.8,1.067,Yes,9.5,24.6
6,Koh Samui,2025-10-30,October,75.5,72,0.098,90,73.5,0.098,Yes,7.9,18.8
6,Koh Samui,2025-10-31,October,79.6,71.8,0.24,89,74.8,0.24,Yes,9.7,23.9
6,Koh Samui,2025-11-01,November,81.4,72.7,1.039,90,75.2,1.039,Yes,8,21.3
6,Koh Samui,2025-11-02,November,81.5,71.7,0.878,90,74.8,0.878,Yes,7.9,23.7
6,Koh Samui,2025-11-03,November,80.9,73.2,0.272,88,75.6,0.272,Yes,8.1,21.7
6,Koh Samui,2025-11-04,November,81.6,73.3,0.008,79,76.9,0.008,Yes,7.5,20.6
6,Koh Samui,2025-11-05,November,81.8,71.4,0.303,85,75.8,0.303,Yes,7.9,21.9
6,Koh Samui,2025-11-06,November,77.5,71.6,0.646,92,73.8,0.646,Yes,9,21.5
6,Koh Samui,2025-11-07,November,79,71.3,0.524,91,74.1,0.524,Yes,13.4,32.9
6,Koh Samui,2025-11-08,November,81.3,73.3,0.146,89,75.5,0.146,Yes,8.3,21
6,Koh Samui,2025-11-09,November,82.2,73.6,0.102,85,77.1,0.102,Yes,5.6,14.1
6,Koh Samui,2025-11-10,November,83,73.3,0.035,82,77.3,0.035,Yes,7.9,21
6,Koh Samui,2025-11-11,November,82.8,74,0.008,82,77.7,0.008,Yes,7.1,18.6
6,Koh Samui,2025-11-12,November,81.4,73.2,0.043,82,77.2,0.043,Yes,7.8,19
6,Koh Samui,2025-11-13,November,82.5,72.2,0.087,80,77.2,0.087,Yes,6.5,17.4
6,Koh Samui,2025-11-14,November,79.5,71.6,0.11,87,74.9,0.11,Yes,9.3,25.1
6,Koh Samui,2025-11-15,November,81.9,72.7,0.016,64,77.1,0.016,Yes,12.9,33.6
6,Koh Samui,2025-11-16,November,83.4,75.2,0.012,65,78.4,0.012,Yes,10.7,25.9
6,Koh Samui,2025-11-17,November,81.4,69.7,0.516,85,74.5,0.516,Yes,11.5,29.3
6,Koh Samui,2025-11-18,November,73,70.7,2.051,96,71.9,2.051,Yes,10.8,27.5
6,Koh Samui,2025-11-19,November,74.8,70.6,2.472,94,71.7,2.472,Yes,16.7,41.2
6,Koh Samui,2025-11-20,November,75,70.9,0.366,81,73.7,0.366,Yes,18.4,45.2
6,Koh Samui,2025-11-21,November,76,73.5,0.055,76,74.8,0.055,Yes,19.4,48.3
6,Koh Samui,2025-11-22,November,76,70.5,0.37,80,74.5,0.37,Yes,16.2,38.7
6,Koh Samui,2025-11-23,November,77.8,71.8,0.201,77,75.3,0.201,Yes,18.3,44.3
6,Koh Samui,2025-11-24,November,78.3,70.7,0.421,85,75,0.421,Yes,16.8,42.7
6,Koh Samui,2025-11-25,November,78.4,71.2,0.563,86,73.8,0.563,Yes,17.3,43
6,Koh Samui,2025-11-26,November,77.3,73.2,0.051,77,74.7,0.051,Yes,16,39.6
6,Koh Samui,2025-11-27,November,76.9,72,0.012,72,74,0.012,Yes,15.4,37.8
6,Koh Samui,2025-11-28,November,74.7,70.1,0,72,71.8,0,No,13.7,32.9
6,Koh Samui,2025-11-29,November,76.8,67,0,75,71.6,0,No,10.2,25.5
6,Koh Samui,2025-11-30,November,77.8,68.4,0,77,72.1,0,No,6.2,17.2
6,Koh Samui,2025-12-01,December,78.7,69.4,0,78,72.9,0,No,5.9,15.2
6,Koh Samui,2025-12-02,December,78.6,68.9,0,77,73.1,0,No,6.8,18.8
6,Koh Samui,2025-12-03,December,80.4,71.2,0,80,75.1,0,No,5.4,14.8
6,Koh Samui,2025-12-04,December,80.9,70.6,0.425,84,75.5,0.425,Yes,10.5,26.2
6,Koh Samui,2025-12-05,December,74.3,70,0.244,90,72.8,0.244,Yes,9.8,23.3
6,Koh Samui,2025-12-06,December,79.6,71.2,0.083,82,74.8,0.083,Yes,9.3,24.2
6,Koh Samui,2025-12-07,December,79.8,72.3,0.031,75,75.7,0.031,Yes,8.1,21.3
6,Koh Samui,2025-12-08,December,79,71.8,0.031,69,75.5,0.031,Yes,12.7,31.8
6,Koh Samui,2025-12-09,December,80.8,72.5,0.035,67,75.5,0.035,Yes,14.4,37.4
6,Koh Samui,2025-12-10,December,79.9,72.4,0.012,73,75.5,0.012,Yes,10.3,23.7
6,Koh Samui,2025-12-11,December,76.8,70.3,1.409,86,73,1.409,Yes,13.2,31.8
6,Koh Samui,2025-12-12,December,73.6,70.5,0.945,93,71.9,0.945,Yes,12.4,34.9
6,Koh Samui,2025-12-13,December,76.9,70.6,0.102,89,73.1,0.102,Yes,10.6,31.3
6,Koh Samui,2025-12-14,December,79.1,68.7,0.516,89,73.3,0.516,Yes,12.4,31.5
6,Koh Samui,2025-12-15,December,79.5,72.3,0.114,82,75,0.114,Yes,15.9,38.7
6,Koh Samui,2025-12-16,December,78.7,72.1,0.024,84,75.1,0.024,Yes,12.6,31.8
6,Koh Samui,2025-12-17,December,79.1,72.9,0.118,86,75.4,0.118,Yes,11.4,27.5
6,Koh Samui,2025-12-18,December,79,72.5,0.161,84,74.6,0.161,Yes,11.4,28.9
6,Koh Samui,2025-12-19,December,79.7,71.7,0,79,75.2,0,No,11.9,29.8
6,Koh Samui,2025-12-20,December,79.1,71.1,0.047,83,74.7,0.047,Yes,10,25.5
6,Koh Samui,2025-12-21,December,80,70.6,0,78,74.9,0,No,9.4,25.3
6,Koh Samui,2025-12-22,December,80.3,71.2,0,79,75.2,0,No,9.1,23.7
6,Koh Samui,2025-12-23,December,80.5,70.6,0.031,81,75.1,0.031,Yes,5.9,16.6
6,Koh Samui,2025-12-24,December,80.5,71.9,0.024,81,75.2,0.024,Yes,7.9,20.1
6,Koh Samui,2025-12-25,December,81.2,72.2,0.161,86,75.2,0.161,Yes,9.9,24.6
6,Koh Samui,2025-12-26,December,75.7,71.5,0.173,88,73.7,0.173,Yes,13,31.1
6,Koh Samui,2025-12-27,December,76.1,70.7,0.425,91,72.6,0.425,Yes,11,26.8
6,Koh Samui,2025-12-28,December,78.6,72.4,0.063,78,75.3,0.063,Yes,11.3,27.7
6,Koh Samui,2025-12-29,December,80.1,71.8,0,76,75.8,0,No,7.3,18.3
6,Koh Samui,2025-12-30,December,79.4,71.1,0.024,81,74.8,0.024,Yes,5.5,15.2
6,Koh Samui,2025-12-31,December,79.5,70.8,0,75,74.3,0,No,6.3,15.7
7,Koh Tao,2025-01-01,January,80.2,78.7,0,74,79.5,0,No,18.6,24.4
7,Koh Tao,2025-01-02,January,80.4,78.8,0,71,79.9,0,No,15.6,20.4
7,Koh Tao,2025-01-03,January,80.1,79,0.024,77,79.6,0.024,Yes,19.8,25.5
7,Koh Tao,2025-01-04,January,81.1,75,0.15,79,78.4,0.15,Yes,16.7,21.5
7,Koh Tao,2025-01-05,January,81.3,77.7,0.004,68,79.9,0.004,Yes,22.4,29.8
7,Koh Tao,2025-01-06,January,79.8,78.6,0,67,79.2,0,No,20.3,26.2
7,Koh Tao,2025-01-07,January,80.6,79,0.004,69,79.9,0.004,Yes,11.1,14.3
7,Koh Tao,2025-01-08,January,80.7,79,0,67,79.9,0,No,10.1,13.4
7,Koh Tao,2025-01-09,January,80.7,79.2,0,71,80,0,No,11,14.5
7,Koh Tao,2025-01-10,January,80.4,79,0.004,75,79.7,0.004,Yes,21.7,28.4
7,Koh Tao,2025-01-11,January,80.1,77.3,0.047,74,78.6,0.047,Yes,27.2,34.4
7,Koh Tao,2025-01-12,January,78.3,74.5,0,71,76.4,0,No,30.8,40.7
7,Koh Tao,2025-01-13,January,77.6,75.4,0,70,76.3,0,No,23.6,31.8
7,Koh Tao,2025-01-14,January,77.8,76.7,0,70,77.5,0,No,20.3,26.2
7,Koh Tao,2025-01-15,January,79,74.7,0.098,79,77.8,0.098,Yes,23.3,30.2
7,Koh Tao,2025-01-16,January,79.5,76.6,0.236,81,78.3,0.236,Yes,20.3,25.3
7,Koh Tao,2025-01-17,January,79.1,77,0.004,78,78,0.004,Yes,23.7,31.1
7,Koh Tao,2025-01-18,January,78.8,77.3,0,70,78.4,0,No,20.9,27.1
7,Koh Tao,2025-01-19,January,79,77.6,0,74,78.4,0,No,15.6,20.1
7,Koh Tao,2025-01-20,January,79.7,77.5,0,76,78.7,0,No,11.7,14.5
7,Koh Tao,2025-01-21,January,79.9,77.7,0,75,79,0,No,10.2,12.8
7,Koh Tao,2025-01-22,January,79.5,77.8,0,78,79,0,No,12.4,15.9
7,Koh Tao,2025-01-23,January,79.5,77.8,0,79,78.7,0,No,10.4,13.4
7,Koh Tao,2025-01-24,January,79.7,77.7,0,82,78.9,0,No,9.5,12.5
7,Koh Tao,2025-01-25,January,79.8,74.3,0.102,84,78.4,0.102,Yes,9,14.3
7,Koh Tao,2025-01-26,January,79.5,77.2,0.008,84,78.6,0.008,Yes,14.1,17.2
7,Koh Tao,2025-01-27,January,81.3,75.7,0.11,80,78.1,0.11,Yes,17.7,23.9
7,Koh Tao,2025-01-28,January,80.6,76.6,0.063,75,78.4,0.063,Yes,15.8,21
7,Koh Tao,2025-01-29,January,80.1,77.4,0,68,79.3,0,No,16.6,21.7
7,Koh Tao,2025-01-30,January,79.9,77.4,0,62,79,0,No,11.8,15.7
7,Koh Tao,2025-01-31,January,79.9,77.9,0,61,79,0,No,7.3,10.7
7,Koh Tao,2025-02-01,February,79.3,77.2,0,67,78.3,0,No,6.2,8.7
7,Koh Tao,2025-02-02,February,79.6,76.8,0,78,78,0,No,10.3,13.2
7,Koh Tao,2025-02-03,February,79.9,76.9,0,78,78.9,0,No,12.5,16.6
7,Koh Tao,2025-02-04,February,80.4,78.5,0.024,76,79.4,0.024,Yes,15.8,20.6
7,Koh Tao,2025-02-05,February,79.6,78.1,0.004,77,79,0.004,Yes,11.6,15.4
7,Koh Tao,2025-02-06,February,79.7,77,0.016,79,78.5,0.016,Yes,10.8,14.3
7,Koh Tao,2025-02-07,February,79.6,78.2,0,78,78.9,0,No,11.8,15.7
7,Koh Tao,2025-02-08,February,79.2,76.3,0.055,81,78.2,0.055,Yes,15.9,22.6
7,Koh Tao,2025-02-09,February,80.6,77.7,0.008,73,79.1,0.008,Yes,18.6,24.8
7,Koh Tao,2025-02-10,February,80.5,78.3,0,70,79.4,0,No,14.9,19.7
7,Koh Tao,2025-02-11,February,80.3,78.4,0,71,79.4,0,No,10.6,14.5
7,Koh Tao,2025-02-12,February,80.9,78.7,0,75,79.7,0,No,8.1,10.5
7,Koh Tao,2025-02-13,February,81,79,0,79,80,0,No,10.6,13.9
7,Koh Tao,2025-02-14,February,81,79,0.004,80,80.2,0.004,Yes,10.3,14.3
7,Koh Tao,2025-02-15,February,81.7,79.2,0,80,80.5,0,No,12.6,16.8
7,Koh Tao,2025-02-16,February,81.7,79.2,0,80,80.3,0,No,13.8,18.3
7,Koh Tao,2025-02-17,February,81.7,77.2,0.043,78,80.3,0.043,Yes,16.1,21.5
7,Koh Tao,2025-02-18,February,82,78.1,0.043,72,81,0.043,Yes,14.2,20.4
7,Koh Tao,2025-02-19,February,81.2,74.7,0.079,80,79,0.079,Yes,18.2,23.9
7,Koh Tao,2025-02-20,February,80.8,74.8,0.772,82,78.4,0.772,Yes,20.8,25.9
7,Koh Tao,2025-02-21,February,81.2,76.3,0.083,81,79,0.083,Yes,15.1,20.1
7,Koh Tao,2025-02-22,February,80.6,74.9,0.331,82,78.7,0.331,Yes,15.2,22.1
7,Koh Tao,2025-02-23,February,80.1,76.3,0.783,84,78,0.783,Yes,18.2,28
7,Koh Tao,2025-02-24,February,78.1,76.6,1.555,85,77.4,1.555,Yes,23.8,36.5
7,Koh Tao,2025-02-25,February,81.9,76.4,0.949,79,79.2,0.949,Yes,20.5,31.8
7,Koh Tao,2025-02-26,February,80.8,77.2,0.134,80,79.6,0.134,Yes,20.8,29.3
7,Koh Tao,2025-02-27,February,81.6,79.6,0.11,78,80.5,0.11,Yes,13.1,18.3
7,Koh Tao,2025-02-28,February,81.7,79.8,0,78,81,0,No,13.7,17.7
7,Koh Tao,2025-03-01,March,80.9,79.3,0,78,80.3,0,No,12.5,16.6
7,Koh Tao,2025-03-02,March,81.7,79.3,0,76,80.9,0,No,11.3,15
7,Koh Tao,2025-03-03,March,81.6,79.1,0,76,80.6,0,No,10.9,14.5
7,Koh Tao,2025-03-04,March,80.9,79,0,75,79.9,0,No,9.1,13.4
7,Koh Tao,2025-03-05,March,81.9,79,0,73,80.7,0,No,7.6,11.6
7,Koh Tao,2025-03-06,March,82.9,80,0.012,73,81.6,0.012,Yes,12.2,19.5
7,Koh Tao,2025-03-07,March,82.1,78.2,0.181,78,81,0.181,Yes,17.4,22.8
7,Koh Tao,2025-03-08,March,82.3,77.6,0.398,81,80.1,0.398,Yes,20.4,28.6
7,Koh Tao,2025-03-09,March,81.2,77.8,0.283,82,80.1,0.283,Yes,17.5,25.1
7,Koh Tao,2025-03-10,March,82.9,78.6,0.252,81,80.6,0.252,Yes,18.6,25.1
7,Koh Tao,2025-03-11,March,83,79.9,0.106,77,81.7,0.106,Yes,12.2,17.9
7,Koh Tao,2025-03-12,March,83.5,79.6,0.016,75,82.3,0.016,Yes,11.7,16.8
7,Koh Tao,2025-03-13,March,82.3,78.4,0.055,80,80.6,0.055,Yes,14.6,20.1
7,Koh Tao,2025-03-14,March,82.3,80.8,0,75,81.7,0,No,11.6,15.2
7,Koh Tao,2025-03-15,March,82.7,80.5,0,77,81.7,0,No,11.8,15.4
7,Koh Tao,2025-03-16,March,83.1,80.5,0,73,81.9,0,No,10.5,14.1
7,Koh Tao,2025-03-17,March,82.3,79.5,0.02,80,81.4,0.02,Yes,15.1,21.5
7,Koh Tao,2025-03-18,March,82.2,79,0.091,79,80.9,0.091,Yes,13.5,19.2
7,Koh Tao,2025-03-19,March,80.4,75.3,0.701,84,78.3,0.701,Yes,16.1,24.8
7,Koh Tao,2025-03-20,March,83.2,79.5,0,74,81,0,No,22.4,29.5
7,Koh Tao,2025-03-21,March,83.2,80.8,0.004,69,82,0.004,Yes,17.7,23
7,Koh Tao,2025-03-22,March,83.5,81.3,0.004,70,82.4,0.004,Yes,16,20.8
7,Koh Tao,2025-03-23,March,82.8,79.6,0,73,81.5,0,No,8.4,12.1
7,Koh Tao,2025-03-24,March,83,79.5,0,75,81.3,0,No,7.1,10.1
7,Koh Tao,2025-03-25,March,83,80.6,0,75,81.8,0,No,11.6,15.4
7,Koh Tao,2025-03-26,March,83.4,80.6,0.012,78,81.7,0.012,Yes,11.5,15
7,Koh Tao,2025-03-27,March,83.7,80.8,0.031,76,82.1,0.031,Yes,15.9,21.3
7,Koh Tao,2025-03-28,March,83.6,80.8,0,73,82.1,0,No,16.7,22.8
7,Koh Tao,2025-03-29,March,84.1,81.2,0.004,75,82.5,0.004,Yes,12.6,16.6
7,Koh Tao,2025-03-30,March,83.1,80.7,0.004,73,82.4,0.004,Yes,11.6,15.9
7,Koh Tao,2025-03-31,March,82.9,78.7,0.161,79,80.9,0.161,Yes,14.1,19.2
7,Koh Tao,2025-04-01,April,81.4,79,0.024,78,80.6,0.024,Yes,13.7,20.1
7,Koh Tao,2025-04-02,April,80.8,77.6,0.689,84,79.3,0.689,Yes,22.6,30.2
7,Koh Tao,2025-04-03,April,83.6,78.9,0.386,78,81.7,0.386,Yes,23.1,31.8
7,Koh Tao,2025-04-04,April,83.5,81,0,73,82.6,0,No,16.4,21
7,Koh Tao,2025-04-05,April,83.4,80.9,0,77,82.1,0,No,12.3,16.6
7,Koh Tao,2025-04-06,April,83.2,81,0,76,82.4,0,No,13.5,17.9
7,Koh Tao,2025-04-07,April,83.5,81.1,0,74,82.4,0,No,16.8,22.4
7,Koh Tao,2025-04-08,April,83.4,81.3,0,74,82.4,0,No,15.3,20.1
7,Koh Tao,2025-04-09,April,83.5,78.8,0.051,76,82.2,0.051,Yes,11.3,15
7,Koh Tao,2025-04-10,April,82.5,79.2,0.094,78,81.4,0.094,Yes,12.1,16.1
7,Koh Tao,2025-04-11,April,83.3,77.2,0.461,81,80.8,0.461,Yes,16.2,21.7
7,Koh Tao,2025-04-12,April,84.2,79.9,0,78,82.3,0,No,15.8,21
7,Koh Tao,2025-04-13,April,85.3,81,0,77,82.7,0,No,13.7,17.7
7,Koh Tao,2025-04-14,April,83.6,81.6,0.15,79,82.7,0.15,Yes,15.4,21
7,Koh Tao,2025-04-15,April,84,74.5,1.193,83,80.1,1.193,Yes,15.2,19.9
7,Koh Tao,2025-04-16,April,84,79.7,0.051,78,81.3,0.051,Yes,12.7,17.4
7,Koh Tao,2025-04-17,April,82.6,78.3,0.091,80,80.9,0.091,Yes,14.4,20.1
7,Koh Tao,2025-04-18,April,83.4,78.8,0.465,79,81.5,0.465,Yes,10.6,15
7,Koh Tao,2025-04-19,April,83.5,77.6,0.331,81,81.3,0.331,Yes,9.5,16.6
7,Koh Tao,2025-04-20,April,86.2,79.9,0.004,75,82.9,0.004,Yes,14,19.2
7,Koh Tao,2025-04-21,April,85.7,80.1,0,69,84.1,0,No,10.9,15
7,Koh Tao,2025-04-22,April,86,82.6,0,69,84.3,0,No,10.7,15
7,Koh Tao,2025-04-23,April,83.8,81.1,0.083,77,82.6,0.083,Yes,13.6,18.6
7,Koh Tao,2025-04-24,April,84,80.5,0.063,79,81.8,0.063,Yes,13.5,19.7
7,Koh Tao,2025-04-25,April,85,80,0.059,78,82.7,0.059,Yes,11.3,17.4
7,Koh Tao,2025-04-26,April,84.1,79.9,0.189,78,82.9,0.189,Yes,11.7,16.1
7,Koh Tao,2025-04-27,April,83.7,79.4,0.138,79,81.8,0.138,Yes,10.8,15.4
7,Koh Tao,2025-04-28,April,83.8,80.9,0.039,77,82.4,0.039,Yes,9.9,14.1
7,Koh Tao,2025-04-29,April,85.6,82,0.004,67,84.3,0.004,Yes,8.7,12.1
7,Koh Tao,2025-04-30,April,86.1,83.7,0,67,84.9,0,No,9,13.2
7,Koh Tao,2025-05-01,May,86,79.9,0.024,72,84,0.024,Yes,9.7,14.1
7,Koh Tao,2025-05-02,May,84.6,78.1,0.756,78,81.7,0.756,Yes,9.9,15.4
7,Koh Tao,2025-05-03,May,82.9,79.8,0.154,77,81.7,0.154,Yes,7.2,11.6
7,Koh Tao,2025-05-04,May,82.6,78.3,0.461,81,80.6,0.461,Yes,10,17
7,Koh Tao,2025-05-05,May,83.5,78.1,0.48,80,81.1,0.48,Yes,12.2,17.4
7,Koh Tao,2025-05-06,May,82.5,78.1,0.756,82,80.5,0.756,Yes,15.6,21.9
7,Koh Tao,2025-05-07,May,83.5,79.7,0.146,78,82.4,0.146,Yes,15.2,21.9
7,Koh Tao,2025-05-08,May,84.4,79,0.181,77,82.8,0.181,Yes,15.8,21.3
7,Koh Tao,2025-05-09,May,85.5,79.8,0.299,79,82.8,0.299,Yes,15.7,21.7
7,Koh Tao,2025-05-10,May,84.8,79.2,0.476,82,81.6,0.476,Yes,16.9,23.5
7,Koh Tao,2025-05-11,May,82.4,77.7,0.717,83,80.6,0.717,Yes,13,19
7,Koh Tao,2025-05-12,May,82.5,78.1,1,82,80.4,1,Yes,13.9,20.4
7,Koh Tao,2025-05-13,May,83.2,78.4,0.303,79,81.8,0.303,Yes,13.5,19.7
7,Koh Tao,2025-05-14,May,84.3,77.5,0.748,82,80.9,0.748,Yes,13.4,18.3
7,Koh Tao,2025-05-15,May,83.9,78.8,0.37,81,82.1,0.37,Yes,16.6,22.6
7,Koh Tao,2025-05-16,May,83.5,79.8,0.437,81,81.9,0.437,Yes,14.3,20.4
7,Koh Tao,2025-05-17,May,84.6,77.2,0.661,80,81.5,0.661,Yes,12,17.4
7,Koh Tao,2025-05-18,May,84.4,78.8,0.189,80,82.2,0.189,Yes,10.5,14.3
7,Koh Tao,2025-05-19,May,84.4,79.9,0.051,79,82.5,0.051,Yes,8.4,11.4
7,Koh Tao,2025-05-20,May,85.1,79,0.035,78,82.5,0.035,Yes,10.4,13.6
7,Koh Tao,2025-05-21,May,83.8,78.6,0.74,82,81.5,0.74,Yes,12.6,17.7
7,Koh Tao,2025-05-22,May,86,78.1,0.504,80,82.3,0.504,Yes,15.8,21.5
7,Koh Tao,2025-05-23,May,83.8,79.6,0.217,81,81.8,0.217,Yes,21.1,29.5
7,Koh Tao,2025-05-24,May,84,78.6,0.504,80,81,0.504,Yes,17.5,25.9
7,Koh Tao,2025-05-25,May,83.4,78.4,0.815,81,81.2,0.815,Yes,22.9,32
7,Koh Tao,2025-05-26,May,82.3,79.1,0.681,81,81.1,0.681,Yes,12.6,23.9
7,Koh Tao,2025-05-27,May,83.4,79,0.043,78,82.5,0.043,Yes,14.1,20.8
7,Koh Tao,2025-05-28,May,85,82,0.008,78,83.4,0.008,Yes,15.7,20.8
7,Koh Tao,2025-05-29,May,85.4,83.2,0.004,78,84.2,0.004,Yes,15.2,21
7,Koh Tao,2025-05-30,May,85.6,83,0.102,78,83.8,0.102,Yes,11.7,17.9
7,Koh Tao,2025-05-31,May,85.8,83.3,0,78,84,0,No,13.7,18.1
7,Koh Tao,2025-06-01,June,85.2,82,0.012,81,83.4,0.012,Yes,15.4,20.6
7,Koh Tao,2025-06-02,June,84.4,79.5,0.177,83,82,0.177,Yes,19,26.2
7,Koh Tao,2025-06-03,June,84.3,78.6,0.433,82,81.8,0.433,Yes,19.1,25.7
7,Koh Tao,2025-06-04,June,83.5,78.7,0.354,82,81.7,0.354,Yes,21.5,32.7
7,Koh Tao,2025-06-05,June,82.9,79.3,0.083,82,81.2,0.083,Yes,18.5,26.4
7,Koh Tao,2025-06-06,June,84,80.3,0.079,80,82,0.079,Yes,17,23.7
7,Koh Tao,2025-06-07,June,82.3,79.9,0.287,82,80.9,0.287,Yes,22,30.4
7,Koh Tao,2025-06-08,June,82.1,79,0.402,82,80.8,0.402,Yes,22.5,30.4
7,Koh Tao,2025-06-09,June,83.5,79.4,0.11,80,81.6,0.11,Yes,20.2,29.3
7,Koh Tao,2025-06-10,June,83.9,79.2,0.303,81,81.4,0.303,Yes,18.4,29.3
7,Koh Tao,2025-06-11,June,83.5,80.7,0.075,78,82.1,0.075,Yes,20,28
7,Koh Tao,2025-06-12,June,82.8,80.2,0.181,82,81.3,0.181,Yes,18.2,30.9
7,Koh Tao,2025-06-13,June,83.9,79.8,0.173,79,82.6,0.173,Yes,14.8,23.9
7,Koh Tao,2025-06-14,June,84.8,81.4,0.008,77,82.9,0.008,Yes,13.6,17.9
7,Koh Tao,2025-06-15,June,85.2,82.1,0,73,83.6,0,No,15.7,21.3
7,Koh Tao,2025-06-16,June,85.6,82.1,0,73,83.6,0,No,17.2,23
7,Koh Tao,2025-06-17,June,84.4,80.4,0.118,75,82.9,0.118,Yes,13,17.9
7,Koh Tao,2025-06-18,June,85.6,80.4,0.043,80,81.9,0.043,Yes,17,23.3
7,Koh Tao,2025-06-19,June,85.6,80.8,0.016,80,82.3,0.016,Yes,19,25.1
7,Koh Tao,2025-06-20,June,80.8,77.9,0.504,83,79.9,0.504,Yes,19.3,25.3
7,Koh Tao,2025-06-21,June,83.4,78.7,0.559,80,80.6,0.559,Yes,24.1,32.4
7,Koh Tao,2025-06-22,June,81.1,78.1,0.512,81,79.9,0.512,Yes,21.9,29.5
7,Koh Tao,2025-06-23,June,80.9,78.4,0.22,82,79.9,0.22,Yes,18.4,26.6
7,Koh Tao,2025-06-24,June,83.4,78.5,0.126,79,80.9,0.126,Yes,15.9,22.6
7,Koh Tao,2025-06-25,June,84.2,79.1,0.106,79,81.4,0.106,Yes,11.9,17.7
7,Koh Tao,2025-06-26,June,83.5,77.9,0.22,80,81.7,0.22,Yes,13.9,18.3
7,Koh Tao,2025-06-27,June,82,76.9,0.256,81,80.5,0.256,Yes,15.8,23.9
7,Koh Tao,2025-06-28,June,83.7,79.4,0.106,80,81,0.106,Yes,18.4,27.5
7,Koh Tao,2025-06-29,June,84.4,79.1,0,78,82,0,No,17.8,23.7
7,Koh Tao,2025-06-30,June,84.1,80.4,0.138,76,82.3,0.138,Yes,22.7,30.4
7,Koh Tao,2025-07-01,July,84,80,0.126,79,81.4,0.126,Yes,17.9,24.4
7,Koh Tao,2025-07-02,July,83.5,79.9,0.063,77,81.8,0.063,Yes,18.3,26.4
7,Koh Tao,2025-07-03,July,85.3,76.8,0.594,78,81.7,0.594,Yes,17,24.6
7,Koh Tao,2025-07-04,July,85.8,78.5,0.098,79,81.9,0.098,Yes,18.1,25.7
7,Koh Tao,2025-07-05,July,84.8,80,0.157,78,82.2,0.157,Yes,18.9,26.2
7,Koh Tao,2025-07-06,July,82.7,79,0.303,81,80.9,0.303,Yes,17.3,26.4
7,Koh Tao,2025-07-07,July,83.1,78.6,0.398,81,80.9,0.398,Yes,17.3,30
7,Koh Tao,2025-07-08,July,81.8,78.1,0.559,83,80.4,0.559,Yes,20.9,28.4
7,Koh Tao,2025-07-09,July,84.1,80,0.012,78,82,0.012,Yes,19.2,25.5
7,Koh Tao,2025-07-10,July,84.3,79.8,0.091,81,81.7,0.091,Yes,21.2,28.4
7,Koh Tao,2025-07-11,July,82.9,79.4,0.134,80,81.4,0.134,Yes,19.7,28.4
7,Koh Tao,2025-07-12,July,84.5,78.1,0.075,80,81.6,0.075,Yes,18.7,30.4
7,Koh Tao,2025-07-13,July,85.8,80.5,0.008,78,82.6,0.008,Yes,17.7,23.5
7,Koh Tao,2025-07-14,July,83.2,78.8,0.374,81,81.3,0.374,Yes,14.5,20.1
7,Koh Tao,2025-07-15,July,82.4,78.5,0.535,82,80.7,0.535,Yes,15.5,22.6
7,Koh Tao,2025-07-16,July,82.6,79.4,0.059,80,81.1,0.059,Yes,13.6,20.8
7,Koh Tao,2025-07-17,July,83.8,80,0,80,81.5,0,No,18.6,26.6
7,Koh Tao,2025-07-18,July,83.4,80.5,0.031,77,82.2,0.031,Yes,21.1,27.1
7,Koh Tao,2025-07-19,July,85.9,80.2,0.169,77,82.2,0.169,Yes,16.5,28.9
7,Koh Tao,2025-07-20,July,82.6,80.5,0.087,79,81.4,0.087,Yes,26.4,37.4
7,Koh Tao,2025-07-21,July,84.4,80.5,0.008,78,82.4,0.008,Yes,21.4,28.4
7,Koh Tao,2025-07-22,July,84.4,81.1,0,80,82.4,0,No,22.1,29.5
7,Koh Tao,2025-07-23,July,85.3,81.3,0.004,76,83,0.004,Yes,23.9,32.2
7,Koh Tao,2025-07-24,July,86.2,81.7,0,75,83.1,0,No,19.8,25.5
7,Koh Tao,2025-07-25,July,87.1,81.4,0,77,83,0,No,19.2,24.8
7,Koh Tao,2025-07-26,July,86.7,81,0.024,77,83.3,0.024,Yes,20,28
7,Koh Tao,2025-07-27,July,84.2,80.9,0.055,79,82.4,0.055,Yes,19.2,27.5
7,Koh Tao,2025-07-28,July,85.3,80.1,0.098,79,82.6,0.098,Yes,20.5,27.3
7,Koh Tao,2025-07-29,July,85.3,80.3,0.075,78,82.7,0.075,Yes,20.5,25.7
7,Koh Tao,2025-07-30,July,85.4,81.3,0.012,78,82.8,0.012,Yes,22,28.9
7,Koh Tao,2025-07-31,July,84.9,81.4,0.012,79,82.7,0.012,Yes,18.1,23
7,Koh Tao,2025-08-01,August,83.3,78.1,0.205,81,81.4,0.205,Yes,13.8,21.5
7,Koh Tao,2025-08-02,August,83.7,78.1,0.177,80,81.9,0.177,Yes,10.5,14.5
7,Koh Tao,2025-08-03,August,84.6,77.5,0.307,80,81.7,0.307,Yes,12.5,16.3
7,Koh Tao,2025-08-04,August,85.3,82,0,77,83.3,0,No,14.7,19.9
7,Koh Tao,2025-08-05,August,85.4,82,0,77,83,0,No,15.8,20.8
7,Koh Tao,2025-08-06,August,83.1,77.1,0.449,81,79.9,0.449,Yes,16.5,23.5
7,Koh Tao,2025-08-07,August,83.9,76.7,0.657,81,80.4,0.657,Yes,12.8,17.2
7,Koh Tao,2025-08-08,August,82.2,79.9,0.024,78,81.3,0.024,Yes,11.8,15.9
7,Koh Tao,2025-08-09,August,84.6,80.3,0.087,77,82.3,0.087,Yes,16.5,22.1
7,Koh Tao,2025-08-10,August,85,81.6,0.035,74,83,0.035,Yes,19.6,25.5
7,Koh Tao,2025-08-11,August,82.9,75.9,0.228,80,79.9,0.228,Yes,21.4,28.9
7,Koh Tao,2025-08-12,August,82.1,78.7,0.181,78,80.8,0.181,Yes,21.2,29.1
7,Koh Tao,2025-08-13,August,83.4,79.2,0.118,77,81.2,0.118,Yes,16.9,25.3
7,Koh Tao,2025-08-14,August,82.5,78.2,0.354,80,80.5,0.354,Yes,22.3,30.2
7,Koh Tao,2025-08-15,August,80.6,78.2,0.083,82,79.5,0.083,Yes,21.7,31.5
7,Koh Tao,2025-08-16,August,80.1,78.4,0.193,83,79,0.193,Yes,21.1,29.1
7,Koh Tao,2025-08-17,August,84.1,79.2,0.055,77,81.1,0.055,Yes,16.9,24.6
7,Koh Tao,2025-08-18,August,83.6,81,0,73,82.6,0,No,14.2,17.9
7,Koh Tao,2025-08-19,August,84.3,80.8,0,75,82.3,0,No,13,16.8
7,Koh Tao,2025-08-20,August,83,80.8,0.039,76,82,0.039,Yes,14.2,19
7,Koh Tao,2025-08-21,August,81.3,77.4,0.331,81,79.5,0.331,Yes,17.2,24.6
7,Koh Tao,2025-08-22,August,81.4,75.8,0.48,81,79.1,0.48,Yes,16,23.7
7,Koh Tao,2025-08-23,August,82.6,78.9,0.142,80,80.3,0.142,Yes,20.3,28.2
7,Koh Tao,2025-08-24,August,82.4,78.9,0.087,80,80.2,0.087,Yes,20.2,27.5
7,Koh Tao,2025-08-25,August,81.9,79,0.22,81,80.3,0.22,Yes,21.3,30.4
7,Koh Tao,2025-08-26,August,83.3,79.5,0.031,79,81.1,0.031,Yes,18.2,25.3
7,Koh Tao,2025-08-27,August,81.7,77.5,0.122,81,80.2,0.122,Yes,20.2,29.3
7,Koh Tao,2025-08-28,August,83.2,78.1,0.256,80,80.7,0.256,Yes,19.4,24.6
7,Koh Tao,2025-08-29,August,83.3,78.3,0.063,79,81.2,0.063,Yes,20.8,30.6
7,Koh Tao,2025-08-30,August,81.5,78.8,0.232,82,80,0.232,Yes,23.6,31.8
7,Koh Tao,2025-08-31,August,80.5,77.5,0.484,84,79.2,0.484,Yes,21.8,31.1
7,Koh Tao,2025-09-01,September,81.5,77.3,0.256,83,79.5,0.256,Yes,22,31.1
7,Koh Tao,2025-09-02,September,82.6,78.7,0.106,82,80.5,0.106,Yes,16,21.5
7,Koh Tao,2025-09-03,September,81.6,79,0.043,82,80.2,0.043,Yes,17.6,25.5
7,Koh Tao,2025-09-04,September,81.9,79.2,0.102,81,80.2,0.102,Yes,17.7,23.9
7,Koh Tao,2025-09-05,September,82.7,79.4,0.201,79,80.8,0.201,Yes,18.3,24.4
7,Koh Tao,2025-09-06,September,82.7,78.1,0.323,81,80.5,0.323,Yes,13.8,18.8
7,Koh Tao,2025-09-07,September,81.8,77.6,0.614,81,80,0.614,Yes,16.6,25.3
7,Koh Tao,2025-09-08,September,81,76.8,0.866,84,79.1,0.866,Yes,14.3,23
7,Koh Tao,2025-09-09,September,81.5,77.2,0.146,79,80.2,0.146,Yes,11.6,19.7
7,Koh Tao,2025-09-10,September,81,79,0.094,81,79.6,0.094,Yes,10.2,14.1
7,Koh Tao,2025-09-11,September,82.7,79.4,0.016,79,80.7,0.016,Yes,14.3,19.7
7,Koh Tao,2025-09-12,September,80.9,77.4,0.248,83,80,0.248,Yes,14.3,19.7
7,Koh Tao,2025-09-13,September,80.9,76.8,0.476,83,79.1,0.476,Yes,9.5,14.1
7,Koh Tao,2025-09-14,September,79.3,75.3,0.425,84,77.9,0.425,Yes,11.6,17
7,Koh Tao,2025-09-15,September,81.3,77.2,0.205,81,79.7,0.205,Yes,15.9,21
7,Koh Tao,2025-09-16,September,81.8,77.9,0.248,79,80.6,0.248,Yes,14.8,21.3
7,Koh Tao,2025-09-17,September,82.7,78.7,0.303,80,80.8,0.303,Yes,20.6,30.6
7,Koh Tao,2025-09-18,September,80.8,78.4,0.335,83,79.4,0.335,Yes,19.7,31.1
7,Koh Tao,2025-09-19,September,82.2,79.3,0.047,79,80.8,0.047,Yes,20.8,28.6
7,Koh Tao,2025-09-20,September,84.2,78.5,0.091,78,81.4,0.091,Yes,15.3,24.2
7,Koh Tao,2025-09-21,September,85.9,80.6,0,75,82.2,0,No,17.5,22.6
7,Koh Tao,2025-09-22,September,84.5,80.5,0,74,82,0,No,18.7,24.6
7,Koh Tao,2025-09-23,September,85.2,80.5,0.02,74,82.3,0.02,Yes,23.3,30.4
7,Koh Tao,2025-09-24,September,83.4,80.1,0.031,80,81.3,0.031,Yes,21.5,32.7
7,Koh Tao,2025-09-25,September,83.2,79.9,0.075,78,81.5,0.075,Yes,18.9,30
7,Koh Tao,2025-09-26,September,83.6,79.2,0.173,80,80.9,0.173,Yes,17,27.3
7,Koh Tao,2025-09-27,September,81.7,77.7,0.154,81,79.9,0.154,Yes,21.3,29.5
7,Koh Tao,2025-09-28,September,81.1,77.3,0.866,84,79.2,0.866,Yes,22,31.8
7,Koh Tao,2025-09-29,September,81.2,77.5,0.323,81,80,0.323,Yes,22.3,32.4
7,Koh Tao,2025-09-30,September,81.2,76.9,0.516,81,79.8,0.516,Yes,17.2,25.5
7,Koh Tao,2025-10-01,October,82.9,80,0.012,72,81.6,0.012,Yes,11.1,15.4
7,Koh Tao,2025-10-02,October,83.6,80.6,0.051,75,82.3,0.051,Yes,13.2,17.7
7,Koh Tao,2025-10-03,October,85.4,77.2,0.122,79,81.5,0.122,Yes,15.8,20.4
7,Koh Tao,2025-10-04,October,82.4,76.3,0.268,82,80.2,0.268,Yes,14.6,21
7,Koh Tao,2025-10-05,October,83.1,78.8,0.02,78,81,0.02,Yes,12.1,17.2
7,Koh Tao,2025-10-06,October,85,80.6,0.024,73,82.3,0.024,Yes,16.8,23.7
7,Koh Tao,2025-10-07,October,84.4,80.1,0.122,76,81.7,0.122,Yes,16.3,21.7
7,Koh Tao,2025-10-08,October,81.8,77.1,0.732,79,80.4,0.732,Yes,19.6,26.2
7,Koh Tao,2025-10-09,October,81.8,78.1,0.15,80,80.1,0.15,Yes,21.1,28.4
7,Koh Tao,2025-10-10,October,82.8,76,0.248,81,80,0.248,Yes,15.4,24.8
7,Koh Tao,2025-10-11,October,82.3,75.8,0.181,78,80.3,0.181,Yes,10.4,19.7
7,Koh Tao,2025-10-12,October,82.1,77.5,0.091,81,80.1,0.091,Yes,10.2,13.9
7,Koh Tao,2025-10-13,October,82.8,76.3,0.551,81,79.9,0.551,Yes,9.1,13.2
7,Koh Tao,2025-10-14,October,82.5,76.7,0.413,82,80.2,0.413,Yes,10.7,14.3
7,Koh Tao,2025-10-15,October,84.6,78.2,0.067,77,81.8,0.067,Yes,12.6,16.6
7,Koh Tao,2025-10-16,October,84,74.4,0.98,81,81.2,0.98,Yes,19,25.9
7,Koh Tao,2025-10-17,October,83.8,76.5,0.524,81,79.9,0.524,Yes,12.6,21.9
7,Koh Tao,2025-10-18,October,83,78.6,0.134,79,81.1,0.134,Yes,11.5,19.2
7,Koh Tao,2025-10-19,October,83,77.5,0.079,77,81.4,0.079,Yes,11.7,18.3
7,Koh Tao,2025-10-20,October,80.8,76,0.5,82,78.9,0.5,Yes,9.4,14.3
7,Koh Tao,2025-10-21,October,82.9,75.8,0.874,82,79.5,0.874,Yes,11.5,17
7,Koh Tao,2025-10-22,October,84.3,78.9,0.283,77,81.2,0.283,Yes,17.7,22.8
7,Koh Tao,2025-10-23,October,83.2,78.9,0.039,72,81.7,0.039,Yes,20.3,26.2
7,Koh Tao,2025-10-24,October,81.2,77.7,0.453,81,79.5,0.453,Yes,17.3,24.6
7,Koh Tao,2025-10-25,October,78.8,76.7,0.87,84,78,0.87,Yes,14.8,19.9
7,Koh Tao,2025-10-26,October,80.6,78.3,0.303,82,79.4,0.303,Yes,14.6,21.3
7,Koh Tao,2025-10-27,October,81.8,77.3,0.11,80,79.9,0.11,Yes,17.1,23
7,Koh Tao,2025-10-28,October,81,77.3,1.476,83,78.9,1.476,Yes,19.2,25.7
7,Koh Tao,2025-10-29,October,80,75.4,1.228,83,77.7,1.228,Yes,19.5,25.7
7,Koh Tao,2025-10-30,October,79,76.7,0.972,83,78,0.972,Yes,12.5,17.4
7,Koh Tao,2025-10-31,October,81.3,77.2,1.091,83,79.3,1.091,Yes,11.4,17
7,Koh Tao,2025-11-01,November,81.3,77.9,0.094,83,79.8,0.094,Yes,14,19.2
7,Koh Tao,2025-11-02,November,80.8,77.2,0.622,83,79.6,0.622,Yes,12.9,21.9
7,Koh Tao,2025-11-03,November,82,79.5,0.256,80,80.8,0.256,Yes,14.9,19.2
7,Koh Tao,2025-11-04,November,83.5,79.7,0.055,73,81.5,0.055,Yes,14.4,19.7
7,Koh Tao,2025-11-05,November,82.6,76.7,0.201,78,80.1,0.201,Yes,12.4,18.3
7,Koh Tao,2025-11-06,November,80.4,77.6,0.886,82,78.9,0.886,Yes,16.7,21.9
7,Koh Tao,2025-11-07,November,80.3,75.8,1.295,84,78.7,1.295,Yes,16.7,22.6
7,Koh Tao,2025-11-08,November,82.3,78.3,0.169,81,80.4,0.169,Yes,12.9,17.2
7,Koh Tao,2025-11-09,November,83.1,79.6,0.02,80,81.5,0.02,Yes,11.1,15.4
7,Koh Tao,2025-11-10,November,83.5,80.4,0,80,81.6,0,No,16.8,22.8
7,Koh Tao,2025-11-11,November,83.3,79.4,0.079,81,81.4,0.079,Yes,12.9,17.2
7,Koh Tao,2025-11-12,November,82.6,77.6,0.161,83,79.9,0.161,Yes,10.1,16.8
7,Koh Tao,2025-11-13,November,82.6,77.3,0.185,81,80.4,0.185,Yes,11.1,16.8
7,Koh Tao,2025-11-14,November,82.3,77.1,0.37,81,79.6,0.37,Yes,20.9,27.1
7,Koh Tao,2025-11-15,November,81.9,79.9,0,66,81,0,No,21.7,28.2
7,Koh Tao,2025-11-16,November,83.4,80,0.02,69,81.5,0.02,Yes,19.3,25.3
7,Koh Tao,2025-11-17,November,82.2,76.5,1.291,81,78.9,1.291,Yes,17.9,23.9
7,Koh Tao,2025-11-18,November,79.8,76.5,1.728,85,78,1.728,Yes,19.6,25.9
7,Koh Tao,2025-11-19,November,81.8,76.8,1.772,81,78.9,1.772,Yes,30,39.1
7,Koh Tao,2025-11-20,November,79.7,77.8,0.091,75,78.9,0.091,Yes,30.1,39.8
7,Koh Tao,2025-11-21,November,79.5,78.5,0.004,76,79.1,0.004,Yes,28.8,38.7
7,Koh Tao,2025-11-22,November,80.2,78.8,0.008,76,79.4,0.008,Yes,27.8,37.4
7,Koh Tao,2025-11-23,November,81.2,79.3,0.075,75,80.2,0.075,Yes,26.3,36.2
7,Koh Tao,2025-11-24,November,81.1,78.5,0.059,79,80.2,0.059,Yes,25.9,34.4
7,Koh Tao,2025-11-25,November,81.7,78.3,0.224,76,80.2,0.224,Yes,26,34.7
7,Koh Tao,2025-11-26,November,79.7,78.1,0,75,78.8,0,No,27.2,35.6
7,Koh Tao,2025-11-27,November,79.9,76.6,0,70,78.2,0,No,25.6,33.3
7,Koh Tao,2025-11-28,November,76.6,75.2,0,69,76.1,0,No,24.5,32.2
7,Koh Tao,2025-11-29,November,77.1,75.8,0,69,76.6,0,No,17.6,23.3
7,Koh Tao,2025-11-30,November,78.3,76.2,0,69,77.3,0,No,11.5,15.9
7,Koh Tao,2025-12-01,December,78.4,76.3,0,75,77.2,0,No,7.5,11.2
7,Koh Tao,2025-12-02,December,78.7,76.5,0,74,77.7,0,No,6.6,10.5
7,Koh Tao,2025-12-03,December,80.2,77.7,0,81,78.8,0,No,9.3,12.1
7,Koh Tao,2025-12-04,December,81.1,75.1,0.528,83,78.9,0.528,Yes,21.7,28.2
7,Koh Tao,2025-12-05,December,79.5,74.7,0.469,84,77.7,0.469,Yes,18,24.4
7,Koh Tao,2025-12-06,December,81.3,75.5,0.02,79,79.1,0.02,Yes,15.2,19.7
7,Koh Tao,2025-12-07,December,80.9,79.2,0,73,80.2,0,No,13.9,18.1
7,Koh Tao,2025-12-08,December,81.6,79.1,0,66,80.3,0,No,18.9,24.6
7,Koh Tao,2025-12-09,December,81.7,78.1,0,68,79.6,0,No,21.9,28.9
7,Koh Tao,2025-12-10,December,81.1,77.6,0.047,72,79.5,0.047,Yes,18.1,23.5
7,Koh Tao,2025-12-11,December,79.4,75.4,0.894,81,77.9,0.894,Yes,20.3,26.6
7,Koh Tao,2025-12-12,December,79.1,74.5,1.445,85,76.8,1.445,Yes,20.9,31.5
7,Koh Tao,2025-12-13,December,79.7,75.7,0.083,84,78,0.083,Yes,14.5,19.7
7,Koh Tao,2025-12-14,December,80.3,79,0.075,83,79.6,0.075,Yes,19,27.7
7,Koh Tao,2025-12-15,December,80.4,78.8,0.024,80,79.6,0.024,Yes,19.8,26.2
7,Koh Tao,2025-12-16,December,80.7,79.1,0.016,79,79.8,0.016,Yes,17.3,25.7
7,Koh Tao,2025-12-17,December,80.6,79.3,0.012,83,80,0.012,Yes,15.4,20.1
7,Koh Tao,2025-12-18,December,80.6,77.6,0.031,80,79.4,0.031,Yes,18.3,25.9
7,Koh Tao,2025-12-19,December,80.9,78.9,0,75,79.9,0,No,16.2,23.3
7,Koh Tao,2025-12-20,December,80.7,78.9,0.012,78,79.9,0.012,Yes,15.1,19.5
7,Koh Tao,2025-12-21,December,80.4,79.4,0,75,79.9,0,No,16.5,21.3
7,Koh Tao,2025-12-22,December,79.9,78.1,0,81,79.2,0,No,16.5,21.5
7,Koh Tao,2025-12-23,December,80.4,78.3,0.004,82,79.4,0.004,Yes,9.4,12.5
7,Koh Tao,2025-12-24,December,80.6,78.3,0.039,82,79.5,0.039,Yes,10.4,16.8
7,Koh Tao,2025-12-25,December,81,78.8,0.024,83,79.9,0.024,Yes,12.2,17
7,Koh Tao,2025-12-26,December,81,75.3,0.217,79,79.1,0.217,Yes,18,24.4
7,Koh Tao,2025-12-27,December,80.5,76.3,0.268,81,78.5,0.268,Yes,16.5,21.9
7,Koh Tao,2025-12-28,December,80.8,79.5,0.012,75,80.2,0.012,Yes,14.3,18.6
7,Koh Tao,2025-12-29,December,81.2,79,0,74,80.3,0,No,14.6,18.6
7,Koh Tao,2025-12-30,December,80.1,78,0,76,79.2,0,No,8.5,11.6
7,Koh Tao,2025-12-31,December,80.1,78.1,0,72,79.2,0,No,9.4,12.8
8,Pattaya,2025-01-01,January,88.8,72,0,56,79.5,0,No,12,23
8,Pattaya,2025-01-02,January,88.5,72.7,0,54,80.3,0,No,10.4,20.8
8,Pattaya,2025-01-03,January,89.6,73.9,0,53,81.1,0,No,13.6,25.3
8,Pattaya,2025-01-04,January,88.7,73.4,0,51,80.4,0,No,14.5,27.5
8,Pattaya,2025-01-05,January,86.8,71,0,47,78.5,0,No,16.6,30
8,Pattaya,2025-01-06,January,87.1,70.3,0,45,77.6,0,No,13.2,25.7
8,Pattaya,2025-01-07,January,88.7,69.6,0,60,78.1,0,No,10.7,19.5
8,Pattaya,2025-01-08,January,88.8,70.6,0,64,79.1,0,No,11.5,22.6
8,Pattaya,2025-01-09,January,91.7,73.5,0,56,81.4,0,No,13.4,24.4
8,Pattaya,2025-01-10,January,89.4,70.9,0,52,80.3,0,No,19,34.7
8,Pattaya,2025-01-11,January,85,66,0,49,76.2,0,No,21.5,39.1
8,Pattaya,2025-01-12,January,80.4,64.7,0,49,72.4,0,No,18.3,34
8,Pattaya,2025-01-13,January,82.5,64.4,0,51,73,0,No,14.5,27.5
8,Pattaya,2025-01-14,January,86.1,66.6,0,51,76.5,0,No,11,22.4
8,Pattaya,2025-01-15,January,89.5,68.7,0,53,81,0,No,16.3,27.7
8,Pattaya,2025-01-16,January,88.5,71.8,0,52,80.5,0,No,16.8,29.8
8,Pattaya,2025-01-17,January,87.8,70.5,0,51,78.4,0,No,18.3,33.6
8,Pattaya,2025-01-18,January,89.1,69.9,0,42,79.3,0,No,11.7,21.7
8,Pattaya,2025-01-19,January,89.2,71.6,0,43,80.1,0,No,12.5,24.4
8,Pattaya,2025-01-20,January,89.7,68.3,0,49,78.8,0,No,10.2,20.6
8,Pattaya,2025-01-21,January,89,68.4,0,64,78.4,0,No,10.5,21.9
8,Pattaya,2025-01-22,January,88.6,69.4,0,63,78.7,0,No,9.8,19.9
8,Pattaya,2025-01-23,January,88,69.5,0,69,78.6,0,No,11,22.4
8,Pattaya,2025-01-24,January,87.6,70.7,0,70,79.1,0,No,10.6,22.4
8,Pattaya,2025-01-25,January,88.4,72.3,0,78,79.8,0,No,11.1,23.3
8,Pattaya,2025-01-26,January,89.6,71.7,0.079,78,80.5,0.079,Yes,17.6,29.5
8,Pattaya,2025-01-27,January,88.6,70.7,0,47,79.5,0,No,18.6,34.4
8,Pattaya,2025-01-28,January,88.9,70.7,0,49,78.8,0,No,14.8,27.7
8,Pattaya,2025-01-29,January,88.3,70.1,0,55,77.5,0,No,14.5,27.3
8,Pattaya,2025-01-30,January,88.4,70.5,0,59,78.4,0,No,12.9,23.5
8,Pattaya,2025-01-31,January,86.5,71.5,0,69,78.2,0,No,10.8,23.5
8,Pattaya,2025-02-01,February,88.2,72.3,0,74,79.4,0,No,10.3,22.6
8,Pattaya,2025-02-02,February,88.9,73.7,0,75,80.3,0,No,10.3,22.4
8,Pattaya,2025-02-03,February,91.5,74.7,0,75,81.7,0,No,10.2,21.7
8,Pattaya,2025-02-04,February,90.8,75.2,0.079,78,80.6,0.079,Yes,11.4,23.3
8,Pattaya,2025-02-05,February,86.5,74.3,0.079,78,79.7,0.079,Yes,8.5,17.2
8,Pattaya,2025-02-06,February,89.1,74.4,0.051,79,80.4,0.051,Yes,10.7,22.1
8,Pattaya,2025-02-07,February,86.9,73.6,0.146,80,79.6,0.146,Yes,9.3,21.5
8,Pattaya,2025-02-08,February,91.9,73.4,0,62,81.1,0,No,17.1,28.6
8,Pattaya,2025-02-09,February,89.4,71.6,0,55,79.4,0,No,18,33.1
8,Pattaya,2025-02-10,February,89.1,71.2,0,53,79.4,0,No,14.1,26.4
8,Pattaya,2025-02-11,February,88.8,72.6,0,57,80.3,0,No,11.8,23.5
8,Pattaya,2025-02-12,February,88.8,74,0,68,81.3,0,No,11.6,23.5
8,Pattaya,2025-02-13,February,90.2,74.8,0,78,81.5,0,No,11.3,23.7
8,Pattaya,2025-02-14,February,87.2,77,0.071,82,81.8,0.071,Yes,7.3,17.4
8,Pattaya,2025-02-15,February,88.7,75.2,0,78,81.7,0,No,10.6,22.4
8,Pattaya,2025-02-16,February,90.2,75.6,0.031,77,82.7,0.031,Yes,9.4,19.9
8,Pattaya,2025-02-17,February,88.7,75,0.323,81,81,0.323,Yes,10,21.9
8,Pattaya,2025-02-18,February,87.9,73.5,0.728,84,79.8,0.728,Yes,8.1,18.1
8,Pattaya,2025-02-19,February,86.7,73.8,1.331,87,78.8,1.331,Yes,7.9,17.9
8,Pattaya,2025-02-20,February,86.8,74.3,0.094,83,80.6,0.094,Yes,6.8,16.3
8,Pattaya,2025-02-21,February,84.3,75.2,0.217,86,79.4,0.217,Yes,10.4,21
8,Pattaya,2025-02-22,February,85.8,75.6,0.839,85,80.1,0.839,Yes,7.2,19.2
8,Pattaya,2025-02-23,February,90.6,76.4,0.602,77,80.7,0.602,Yes,11.1,20.1
8,Pattaya,2025-02-24,February,82.9,73.7,0.15,81,78,0.15,Yes,14.8,28.6
8,Pattaya,2025-02-25,February,85.6,73.6,0.035,70,78.7,0.035,Yes,11.7,19.5
8,Pattaya,2025-02-26,February,90.5,73.4,0,68,81.3,0,No,10.2,20.6
8,Pattaya,2025-02-27,February,90.3,75.8,0,73,82,0,No,10.4,19.5
8,Pattaya,2025-02-28,February,87.4,76.1,0.354,83,81.7,0.354,Yes,6.5,18.3
8,Pattaya,2025-03-01,March,87.2,78.6,0.016,82,82.5,0.016,Yes,9.4,18.6
8,Pattaya,2025-03-02,March,87.9,78.2,0.008,80,83.2,0.008,Yes,9.4,18.3
8,Pattaya,2025-03-03,March,87.9,78,0.024,81,83,0.024,Yes,9.9,20.1
8,Pattaya,2025-03-04,March,89.9,78.4,0,76,83.4,0,No,10.9,21.7
8,Pattaya,2025-03-05,March,89.5,77.6,0,78,83.1,0,No,9.6,19.9
8,Pattaya,2025-03-06,March,91.5,78.3,0.004,76,84,0.004,Yes,10.5,21.9
8,Pattaya,2025-03-07,March,87.9,75.3,0.276,84,79.9,0.276,Yes,11,19.9
8,Pattaya,2025-03-08,March,89.7,74.8,0.043,69,80.9,0.043,Yes,11.5,19.7
8,Pattaya,2025-03-09,March,92.2,74.7,0,67,82.3,0,No,12.4,22.8
8,Pattaya,2025-03-10,March,94.3,77.9,0,64,85.2,0,No,10.7,21.7
8,Pattaya,2025-03-11,March,88.8,79,0.61,80,83.2,0.61,Yes,7.7,15.4
8,Pattaya,2025-03-12,March,87.9,77.1,0.236,79,83.4,0.236,Yes,8.7,19.2
8,Pattaya,2025-03-13,March,89.7,77.6,0.283,82,82.2,0.283,Yes,10,20.6
8,Pattaya,2025-03-14,March,87.4,77.8,0.441,84,82.5,0.441,Yes,7.1,17.7
8,Pattaya,2025-03-15,March,88.8,79.2,0.067,81,83.6,0.067,Yes,7.8,17.4
8,Pattaya,2025-03-16,March,89.7,79.8,0,79,84.3,0,No,9.6,20.4
8,Pattaya,2025-03-17,March,88.5,77.1,0.138,85,81.7,0.138,Yes,9.7,18.1
8,Pattaya,2025-03-18,March,88.2,76.8,0.055,80,82.2,0.055,Yes,9.9,16.3
8,Pattaya,2025-03-19,March,89.9,74.4,0,54,82,0,No,17.1,31.5
8,Pattaya,2025-03-20,March,87.8,74.1,0,52,79.7,0,No,19,35.3
8,Pattaya,2025-03-21,March,89.8,74.1,0,57,80.9,0,No,14.4,27.7
8,Pattaya,2025-03-22,March,92.2,73.5,0,59,82.2,0,No,13.7,25.7
8,Pattaya,2025-03-23,March,91.6,75.4,0,67,83.5,0,No,10.9,22.6
8,Pattaya,2025-03-24,March,89.5,78.4,0.035,79,83.3,0.035,Yes,10.6,22.8
8,Pattaya,2025-03-25,March,91.2,79.8,0,76,84.6,0,No,9.8,20.1
8,Pattaya,2025-03-26,March,89.9,80.7,0.15,79,84.3,0.15,Yes,12.2,24.8
8,Pattaya,2025-03-27,March,90.3,80.3,0.012,80,84.6,0.012,Yes,11.6,23.7
8,Pattaya,2025-03-28,March,90.4,79.3,0,74,84.2,0,No,8.5,17
8,Pattaya,2025-03-29,March,92,81.1,0.028,73,86.1,0.028,Yes,10,18.8
8,Pattaya,2025-03-30,March,89.4,74.9,1.402,82,81.9,1.402,Yes,12,24.2
8,Pattaya,2025-03-31,March,87.2,75.3,0.402,87,80,0.402,Yes,6.3,15
8,Pattaya,2025-04-01,April,89.3,77.7,0.075,83,82.6,0.075,Yes,6.2,17.9
8,Pattaya,2025-04-02,April,84.8,77.3,0.343,86,81.1,0.343,Yes,9.7,17.7
8,Pattaya,2025-04-03,April,90.7,78.4,0.22,83,82.2,0.22,Yes,9.6,19
8,Pattaya,2025-04-04,April,88.2,78.1,0.059,80,82.7,0.059,Yes,9.3,19
8,Pattaya,2025-04-05,April,89.6,79.4,0.051,77,83.9,0.051,Yes,10.9,21.3
8,Pattaya,2025-04-06,April,92.2,79.9,0.004,74,85.2,0.004,Yes,10.6,20.6
8,Pattaya,2025-04-07,April,87.5,78,0.409,82,82.2,0.409,Yes,10.8,21
8,Pattaya,2025-04-08,April,87,78.9,0.374,82,82.3,0.374,Yes,7.9,20.8
8,Pattaya,2025-04-09,April,90.6,78.6,0.094,76,84.7,0.094,Yes,9.9,19
8,Pattaya,2025-04-10,April,89,78.9,0.024,79,83.5,0.024,Yes,10.2,20.6
8,Pattaya,2025-04-11,April,90.9,80.8,0.094,76,85.1,0.094,Yes,10.9,21.9
8,Pattaya,2025-04-12,April,90.3,80.2,0.024,77,85.1,0.024,Yes,10.5,22.4
8,Pattaya,2025-04-13,April,93.5,76.6,0.366,73,86.6,0.366,Yes,13.1,22.6
8,Pattaya,2025-04-14,April,88.2,77.1,0.319,83,81.8,0.319,Yes,10.5,22.6
8,Pattaya,2025-04-15,April,90.2,78.7,0.685,82,83.1,0.685,Yes,6,17
8,Pattaya,2025-04-16,April,87.6,78.9,0.642,84,82.3,0.642,Yes,9,18.1
8,Pattaya,2025-04-17,April,89.3,80.9,0.004,78,84.9,0.004,Yes,8.6,18.1
8,Pattaya,2025-04-18,April,89.7,80.5,0.028,78,85,0.028,Yes,8.5,17.9
8,Pattaya,2025-04-19,April,90.4,81.1,0.039,80,85,0.039,Yes,8.8,17.4
8,Pattaya,2025-04-20,April,91,80.6,0.028,74,85.8,0.028,Yes,11.1,21.9
8,Pattaya,2025-04-21,April,92.2,80.7,0.012,72,85.5,0.012,Yes,10.6,21
8,Pattaya,2025-04-22,April,92.5,81.8,0,71,86.5,0,No,10.3,20.8
8,Pattaya,2025-04-23,April,93.1,82.4,0.004,67,86.9,0.004,Yes,10.8,19.9
8,Pattaya,2025-04-24,April,92.4,81.7,0,73,86.5,0,No,11,20.6
8,Pattaya,2025-04-25,April,92.6,82.5,0.008,73,86.9,0.008,Yes,10.8,19.5
8,Pattaya,2025-04-26,April,90.6,81,0.173,78,84.7,0.173,Yes,13.1,26.6
8,Pattaya,2025-04-27,April,87.7,78.9,0.469,82,83,0.469,Yes,9.4,21.3
8,Pattaya,2025-04-28,April,89.9,76.8,0.406,81,83.1,0.406,Yes,7.5,19.2
8,Pattaya,2025-04-29,April,90.6,76.9,0.028,75,83.3,0.028,Yes,8.3,14.5
8,Pattaya,2025-04-30,April,90.8,77.7,0.402,77,84.4,0.402,Yes,7.4,17.9
8,Pattaya,2025-05-01,May,89.2,78.4,0.031,78,83.8,0.031,Yes,7.8,16.8
8,Pattaya,2025-05-02,May,90.8,77.5,0.047,80,84.2,0.047,Yes,10.9,19
8,Pattaya,2025-05-03,May,87.6,76.4,0.35,86,80.7,0.35,Yes,6.4,14.3
8,Pattaya,2025-05-04,May,88.6,78.1,0.016,82,83.1,0.016,Yes,6.8,14.8
8,Pattaya,2025-05-05,May,89,80.7,0.173,78,84.8,0.173,Yes,8.7,16.1
8,Pattaya,2025-05-06,May,88.3,79.8,0.366,84,83.3,0.366,Yes,10.2,18.8
8,Pattaya,2025-05-07,May,88.9,79.8,0.146,77,84.8,0.146,Yes,9.7,21.7
8,Pattaya,2025-05-08,May,88.8,81.9,0.189,78,85.3,0.189,Yes,8.9,16.1
8,Pattaya,2025-05-09,May,91.6,83.1,0.008,75,87.1,0.008,Yes,9,19.5
8,Pattaya,2025-05-10,May,92.4,76.9,0.594,81,83.5,0.594,Yes,9,19
8,Pattaya,2025-05-11,May,87.3,76.5,0.598,85,81.6,0.598,Yes,8,16.3
8,Pattaya,2025-05-12,May,85.8,75.5,0.425,89,79.9,0.425,Yes,7.5,16.3
8,Pattaya,2025-05-13,May,86.1,77.3,0.217,84,81.7,0.217,Yes,9.1,18.3
8,Pattaya,2025-05-14,May,86.8,77.3,0.252,87,81,0.252,Yes,11.2,21.9
8,Pattaya,2025-05-15,May,88.6,77.7,0.189,83,82.4,0.189,Yes,6.4,15.7
8,Pattaya,2025-05-16,May,87,78.8,0.984,89,81.8,0.984,Yes,6.4,18.1
8,Pattaya,2025-05-17,May,87,78.2,0.846,90,81.3,0.846,Yes,9.2,18.8
8,Pattaya,2025-05-18,May,89.6,79.5,0.232,85,83.7,0.232,Yes,6,14.5
8,Pattaya,2025-05-19,May,88.7,78.9,0.043,86,82.9,0.043,Yes,9.6,19.5
8,Pattaya,2025-05-20,May,89.8,81.1,0.028,79,85.3,0.028,Yes,7.8,14.5
8,Pattaya,2025-05-21,May,87.5,79.3,0.276,85,82.9,0.276,Yes,7.5,14.8
8,Pattaya,2025-05-22,May,89,80.7,0.051,83,83.9,0.051,Yes,7.1,15.2
8,Pattaya,2025-05-23,May,91.7,79.6,0.22,82,84.2,0.22,Yes,9.9,17.7
8,Pattaya,2025-05-24,May,87.3,78.2,0.098,85,82.1,0.098,Yes,10.6,19.5
8,Pattaya,2025-05-25,May,86.7,77.7,0.63,87,81.4,0.63,Yes,11.8,20.6
8,Pattaya,2025-05-26,May,86.8,77.1,0.512,86,81.3,0.512,Yes,11.9,21.9
8,Pattaya,2025-05-27,May,85.4,78.4,0.169,84,82.4,0.169,Yes,10.1,19.9
8,Pattaya,2025-05-28,May,89.1,82.3,0,79,85.2,0,No,8.5,16.8
8,Pattaya,2025-05-29,May,88.9,80.4,0.114,79,85.4,0.114,Yes,11.5,23.3
8,Pattaya,2025-05-30,May,86.1,79,0.22,85,83,0.22,Yes,13.9,27.1
8,Pattaya,2025-05-31,May,85.9,78.3,0.795,87,81.7,0.795,Yes,12.1,23
8,Pattaya,2025-06-01,June,89,80.7,0.169,80,84.6,0.169,Yes,12.4,24.6
8,Pattaya,2025-06-02,June,88,79.9,0.26,82,83.3,0.26,Yes,16,30.9
8,Pattaya,2025-06-03,June,87.6,81.8,0,78,84.4,0,No,10.5,19
8,Pattaya,2025-06-04,June,88.8,78.7,0.228,78,85.2,0.228,Yes,11.3,21.7
8,Pattaya,2025-06-05,June,88,80,0.059,80,84.8,0.059,Yes,8,18.6
8,Pattaya,2025-06-06,June,88.6,81.6,0.024,77,85.3,0.024,Yes,9.1,15.2
8,Pattaya,2025-06-07,June,89.2,80.7,0.02,77,85.1,0.02,Yes,10.5,20.1
8,Pattaya,2025-06-08,June,88.6,81.3,0.134,78,84.7,0.134,Yes,13.4,24.4
8,Pattaya,2025-06-09,June,87.5,81.1,0.059,77,84.1,0.059,Yes,12.3,24.8
8,Pattaya,2025-06-10,June,87.2,80.8,0.02,75,84.8,0.02,Yes,12.2,24.4
8,Pattaya,2025-06-11,June,86.4,78.8,0.311,80,83,0.311,Yes,14.5,26.4
8,Pattaya,2025-06-12,June,85.9,80.8,0.362,81,82.8,0.362,Yes,14.7,29.1
8,Pattaya,2025-06-13,June,85.5,80.5,0.256,82,82.5,0.256,Yes,16.3,31.5
8,Pattaya,2025-06-14,June,86.6,81.2,0.209,80,83.1,0.209,Yes,15.6,30
8,Pattaya,2025-06-15,June,86.8,81,0.028,76,84,0.028,Yes,13,26.2
8,Pattaya,2025-06-16,June,88.2,81.4,0,74,84.8,0,No,8.5,18.8
8,Pattaya,2025-06-17,June,88.8,82.6,0,73,85.6,0,No,8.4,17
8,Pattaya,2025-06-18,June,91.3,81.8,0,71,86.2,0,No,9.1,19.5
8,Pattaya,2025-06-19,June,89.9,81.6,0.13,75,85.2,0.13,Yes,9.1,18.8
8,Pattaya,2025-06-20,June,89.7,79.4,0.177,74,84.6,0.177,Yes,11.4,26.2
8,Pattaya,2025-06-21,June,90.6,80.2,0.118,73,84.5,0.118,Yes,15.5,27.5
8,Pattaya,2025-06-22,June,88.7,79.1,0.295,76,83.4,0.295,Yes,17.4,31.8
8,Pattaya,2025-06-23,June,88.5,79.4,0.358,80,82.4,0.358,Yes,14.8,30.2
8,Pattaya,2025-06-24,June,86.3,80.2,0.102,78,83.2,0.102,Yes,13.8,27.7
8,Pattaya,2025-06-25,June,88,79.1,0.189,77,84.1,0.189,Yes,12.9,25.9
8,Pattaya,2025-06-26,June,89.6,79,0.043,71,85.1,0.043,Yes,12.2,25.1
8,Pattaya,2025-06-27,June,88.8,78.8,0.205,77,83.2,0.205,Yes,14.7,28.2
8,Pattaya,2025-06-28,June,88.3,78.8,0.146,75,83.3,0.146,Yes,12.8,28
8,Pattaya,2025-06-29,June,87.6,79.4,0.154,73,83.1,0.154,Yes,14.1,31.8
8,Pattaya,2025-06-30,June,86.6,79.3,0.319,75,83.2,0.319,Yes,16.5,31.3
8,Pattaya,2025-07-01,July,88.1,78.7,0.15,80,83.1,0.15,Yes,10.9,25.7
8,Pattaya,2025-07-02,July,84.3,79.6,0.437,83,81.8,0.437,Yes,10.9,22.6
8,Pattaya,2025-07-03,July,86.7,79.3,0.236,79,82.8,0.236,Yes,9.8,22.4
8,Pattaya,2025-07-04,July,88.6,79.4,0.083,75,84.5,0.083,Yes,12.9,24.2
8,Pattaya,2025-07-05,July,89.5,81.3,0,71,85.1,0,No,12.1,24.8
8,Pattaya,2025-07-06,July,88.6,78.6,0.26,77,84.1,0.26,Yes,12.7,27.7
8,Pattaya,2025-07-07,July,89,80.6,0.276,79,83.6,0.276,Yes,13.8,27.1
8,Pattaya,2025-07-08,July,88.9,80.6,0.48,80,83.2,0.48,Yes,14.3,27.7
8,Pattaya,2025-07-09,July,87.7,81.7,0.051,78,84.1,0.051,Yes,13.2,25.1
8,Pattaya,2025-07-10,July,89.8,80.6,0.035,74,85.1,0.035,Yes,12.3,27.5
8,Pattaya,2025-07-11,July,88.8,81.6,0.016,74,84.6,0.016,Yes,12.9,27.1
8,Pattaya,2025-07-12,July,90.6,80.7,0.083,75,85.4,0.083,Yes,14.2,29.5
8,Pattaya,2025-07-13,July,91.1,82.1,0.031,72,86.3,0.031,Yes,12.1,24.2
8,Pattaya,2025-07-14,July,90.6,80.7,0.098,73,85.4,0.098,Yes,10.6,20.4
8,Pattaya,2025-07-15,July,90.6,81,0.059,77,84.8,0.059,Yes,13.2,25.5
8,Pattaya,2025-07-16,July,89.7,78.2,0.421,77,83.7,0.421,Yes,12.4,23
8,Pattaya,2025-07-17,July,87.7,79.9,0.268,82,82.9,0.268,Yes,11.6,23.3
8,Pattaya,2025-07-18,July,86.1,80.2,0.339,78,83.2,0.339,Yes,16.8,31.3
8,Pattaya,2025-07-19,July,86.3,79.2,0.224,80,82.5,0.224,Yes,17.6,34.4
8,Pattaya,2025-07-20,July,83.5,79.3,0.705,85,81,0.705,Yes,14.2,35.1
8,Pattaya,2025-07-21,July,83.8,80.6,0.154,84,81.9,0.154,Yes,15.6,32
8,Pattaya,2025-07-22,July,85.5,81.1,0.071,80,83,0.071,Yes,18,34.9
8,Pattaya,2025-07-23,July,86.6,81.7,0.087,78,83.8,0.087,Yes,18.7,38.5
8,Pattaya,2025-07-24,July,88,81,0.012,76,84.7,0.012,Yes,14.3,31.1
8,Pattaya,2025-07-25,July,89.5,82.5,0.008,73,85.9,0.008,Yes,12.6,23.3
8,Pattaya,2025-07-26,July,89.7,81.1,0.205,74,85.7,0.205,Yes,14.4,29.8
8,Pattaya,2025-07-27,July,85.1,81,0.13,83,83,0.13,Yes,13.8,29.1
8,Pattaya,2025-07-28,July,84.5,80,0.961,83,82.6,0.961,Yes,15.5,30.6
8,Pattaya,2025-07-29,July,88.2,80.5,0.224,78,84.5,0.224,Yes,16.2,32.4
8,Pattaya,2025-07-30,July,89.5,81,0.094,75,85,0.094,Yes,16.3,32.2
8,Pattaya,2025-07-31,July,92.2,82.3,0,70,86.8,0,No,14.2,30.4
8,Pattaya,2025-08-01,August,93.2,82.4,0,69,87.2,0,No,13.2,24.8
8,Pattaya,2025-08-02,August,93.6,83,0,69,87.4,0,No,12.1,23.5
8,Pattaya,2025-08-03,August,94.1,82.6,0.004,68,87.7,0.004,Yes,11.7,23.9
8,Pattaya,2025-08-04,August,93.2,83.2,0,68,87.7,0,No,11.2,22.4
8,Pattaya,2025-08-05,August,93,82.7,0,69,87.5,0,No,10.7,21.9
8,Pattaya,2025-08-06,August,91.6,77.9,0.22,77,84.1,0.22,Yes,12.2,27.1
8,Pattaya,2025-08-07,August,90.6,77.8,0.567,75,84.7,0.567,Yes,13.2,26.6
8,Pattaya,2025-08-08,August,91.4,78.7,0.004,73,85.1,0.004,Yes,9.6,18.3
8,Pattaya,2025-08-09,August,90.1,82.7,0.039,72,85.5,0.039,Yes,11.1,23.5
8,Pattaya,2025-08-10,August,90.6,82.7,0.008,67,86.6,0.008,Yes,11.4,24.4
8,Pattaya,2025-08-11,August,89.7,78.1,0.094,71,83.9,0.094,Yes,14.1,28.6
8,Pattaya,2025-08-12,August,90.2,79.8,0.287,74,84.3,0.287,Yes,11.8,23.9
8,Pattaya,2025-08-13,August,87.5,81,0.154,74,83.7,0.154,Yes,10.4,21.9
8,Pattaya,2025-08-14,August,88.5,79.4,0.047,73,84,0.047,Yes,9.6,22.6
8,Pattaya,2025-08-15,August,88.3,78.3,0.52,79,82.5,0.52,Yes,12.7,23.7
8,Pattaya,2025-08-16,August,84.8,77.7,0.374,82,80.6,0.374,Yes,12,23.3
8,Pattaya,2025-08-17,August,85.2,78.9,0.031,76,82.1,0.031,Yes,11,24.8
8,Pattaya,2025-08-18,August,87.2,79.1,0.165,80,82.3,0.165,Yes,9.4,22.8
8,Pattaya,2025-08-19,August,86.7,79.1,0.024,79,82.8,0.024,Yes,9.5,22.6
8,Pattaya,2025-08-20,August,88,79.2,0.039,79,83.6,0.039,Yes,7.5,14.5
8,Pattaya,2025-08-21,August,89.7,75.2,0.417,84,81.1,0.417,Yes,10.6,19
8,Pattaya,2025-08-22,August,81.9,75.2,0.657,90,78.5,0.657,Yes,11.4,22.1
8,Pattaya,2025-08-23,August,86.1,76.7,0.039,76,82.3,0.039,Yes,14.5,26.8
8,Pattaya,2025-08-24,August,86.2,80.7,0.012,75,83.5,0.012,Yes,12.1,24.2
8,Pattaya,2025-08-25,August,86.6,80.8,0.142,76,83.5,0.142,Yes,14.4,24.6
8,Pattaya,2025-08-26,August,84.5,77.3,1.28,82,80.8,1.28,Yes,16.9,31.5
8,Pattaya,2025-08-27,August,85.1,78.8,0.244,77,82.4,0.244,Yes,13.4,27.3
8,Pattaya,2025-08-28,August,87.7,78.9,0.055,76,83.5,0.055,Yes,11.9,25.5
8,Pattaya,2025-08-29,August,89.6,82.1,0.004,69,85.6,0.004,Yes,11.1,25.9
8,Pattaya,2025-08-30,August,89.8,81.6,0.094,71,85.2,0.094,Yes,10.4,25.5
8,Pattaya,2025-08-31,August,88.8,79.6,0.126,78,82.9,0.126,Yes,13.3,27.5
8,Pattaya,2025-09-01,September,89.3,79.1,0.114,74,84.1,0.114,Yes,10.8,21.7
8,Pattaya,2025-09-02,September,86.8,79.5,0.201,79,83.1,0.201,Yes,10.1,23.7
8,Pattaya,2025-09-03,September,86.8,79.1,0.094,81,82.7,0.094,Yes,9.8,21
8,Pattaya,2025-09-04,September,87.4,77.2,0.004,78,82.8,0.004,Yes,9,19.2
8,Pattaya,2025-09-05,September,86.2,78.9,0.024,81,82.7,0.024,Yes,6.8,15.2
8,Pattaya,2025-09-06,September,88.4,77.5,0.315,85,82.3,0.315,Yes,7.7,15.7
8,Pattaya,2025-09-07,September,85.9,77.1,0.406,86,81.2,0.406,Yes,10.3,20.6
8,Pattaya,2025-09-08,September,81.9,77.3,0.681,92,79.2,0.681,Yes,11.7,22.1
8,Pattaya,2025-09-09,September,83.7,78,0.646,87,80.3,0.646,Yes,12.5,25.5
8,Pattaya,2025-09-10,September,86.1,78.9,0.051,83,81.7,0.051,Yes,9,17.9
8,Pattaya,2025-09-11,September,86.1,78.9,0.008,83,82.6,0.008,Yes,8.2,17.7
8,Pattaya,2025-09-12,September,87.2,77.8,0.173,87,81.4,0.173,Yes,6,13.6
8,Pattaya,2025-09-13,September,87.3,76.2,0.618,87,80.9,0.618,Yes,7.1,16.6
8,Pattaya,2025-09-14,September,83.8,76,0.228,88,79.5,0.228,Yes,7,14.8
8,Pattaya,2025-09-15,September,86.1,75.9,0.323,84,81.2,0.323,Yes,10.1,19.2
8,Pattaya,2025-09-16,September,85.5,77.6,0.051,84,81.8,0.051,Yes,8.7,17.7
8,Pattaya,2025-09-17,September,86.3,79.3,0.008,82,82.3,0.008,Yes,12.2,21.7
8,Pattaya,2025-09-18,September,84.3,80.3,0.071,79,82.2,0.071,Yes,12.6,21.5
8,Pattaya,2025-09-19,September,83.4,77.6,1.016,86,80.5,1.016,Yes,13.4,26.6
8,Pattaya,2025-09-20,September,85.2,78.7,0.303,81,82.4,0.303,Yes,12.6,26.8
8,Pattaya,2025-09-21,September,86.2,80.9,0.114,79,83.5,0.114,Yes,14.3,26.6
8,Pattaya,2025-09-22,September,86.9,77.7,0.232,79,83,0.232,Yes,10.9,19.9
8,Pattaya,2025-09-23,September,85.8,78.8,0.071,80,82.8,0.071,Yes,13.8,26.2
8,Pattaya,2025-09-24,September,85.2,79.7,0.134,79,82.5,0.134,Yes,14.7,29.3
8,Pattaya,2025-09-25,September,85.5,78.6,0.437,83,82,0.437,Yes,14.5,31.5
8,Pattaya,2025-09-26,September,83.4,78,0.862,88,80,0.862,Yes,12,24.2
8,Pattaya,2025-09-27,September,83,77.7,0.189,89,79.8,0.189,Yes,7.5,19.2
8,Pattaya,2025-09-28,September,84.7,78.8,0.059,82,81.9,0.059,Yes,9.8,19.9
8,Pattaya,2025-09-29,September,86.2,78.3,0.22,82,81.8,0.22,Yes,13.1,24.4
8,Pattaya,2025-09-30,September,84.5,75.9,0.512,89,79.9,0.512,Yes,13.3,24.8
8,Pattaya,2025-10-01,October,87,77.1,0.276,84,81.2,0.276,Yes,7.2,17
8,Pattaya,2025-10-02,October,87.3,76.8,0.071,86,81.4,0.071,Yes,6.8,15.7
8,Pattaya,2025-10-03,October,88.2,75.9,0.346,83,81.6,0.346,Yes,8.7,17.4
8,Pattaya,2025-10-04,October,87.7,77.1,0.016,84,81.5,0.016,Yes,7.2,15
8,Pattaya,2025-10-05,October,86.8,77.6,0.075,82,82.2,0.075,Yes,9.2,18.8
8,Pattaya,2025-10-06,October,87.8,80.7,0.004,79,83.4,0.004,Yes,9.7,19.9
8,Pattaya,2025-10-07,October,87.1,76.9,0.413,85,81.4,0.413,Yes,8.2,15.7
8,Pattaya,2025-10-08,October,86.9,77.5,0.386,83,81.7,0.386,Yes,8.3,17.9
8,Pattaya,2025-10-09,October,85.7,76.3,0.213,86,80.7,0.213,Yes,11,21.9
8,Pattaya,2025-10-10,October,88,75.3,0.728,85,81,0.728,Yes,6.6,16.6
8,Pattaya,2025-10-11,October,86.3,77,0.083,86,80.8,0.083,Yes,5.7,15.2
8,Pattaya,2025-10-12,October,85.6,76.8,1.079,90,80.1,1.079,Yes,5.1,13.2
8,Pattaya,2025-10-13,October,86.1,76.1,0.701,91,79.9,0.701,Yes,5,17.2
8,Pattaya,2025-10-14,October,85,77,0.673,89,80.2,0.673,Yes,7,15.7
8,Pattaya,2025-10-15,October,85.1,77,0.87,88,80.2,0.87,Yes,6.1,18.8
8,Pattaya,2025-10-16,October,89.9,77.8,0.016,78,83.4,0.016,Yes,8.7,17.4
8,Pattaya,2025-10-17,October,91,77.4,0.047,82,83.3,0.047,Yes,10.4,21.5
8,Pattaya,2025-10-18,October,85.9,76.6,0.878,89,81,0.878,Yes,7.5,19.2
8,Pattaya,2025-10-19,October,89.4,77.8,0.209,84,81.8,0.209,Yes,7.4,16.3
8,Pattaya,2025-10-20,October,88.4,77.4,0.193,86,81.3,0.193,Yes,7.9,20.6
8,Pattaya,2025-10-21,October,90.6,77.7,0.004,71,83.6,0.004,Yes,10,19.2
8,Pattaya,2025-10-22,October,89.6,76.5,0,65,83,0,No,13.3,26.4
8,Pattaya,2025-10-23,October,87.3,76.7,0,66,81.6,0,No,16.7,32.9
8,Pattaya,2025-10-24,October,88.8,76.7,0.024,69,82.2,0.024,Yes,15.7,28.2
8,Pattaya,2025-10-25,October,88.4,77.9,0.461,80,80.6,0.461,Yes,12.8,23.5
8,Pattaya,2025-10-26,October,89.8,77.1,0,68,82.6,0,No,13.1,24.4
8,Pattaya,2025-10-27,October,87.8,76.2,0.146,76,80.8,0.146,Yes,13.7,25.1
8,Pattaya,2025-10-28,October,87,77.3,0.051,74,82,0.051,Yes,11.4,22.1
8,Pattaya,2025-10-29,October,86.5,76.8,0.15,77,80.5,0.15,Yes,13.2,24.8
8,Pattaya,2025-10-30,October,85.8,77,0.035,82,80.1,0.035,Yes,10.5,19.7
8,Pattaya,2025-10-31,October,83.5,76.7,2.587,91,79.1,2.587,Yes,9.5,19.2
8,Pattaya,2025-11-01,November,84.1,76.5,1.189,92,79.3,1.189,Yes,6.7,13.2
8,Pattaya,2025-11-02,November,85.7,75.8,0.539,89,79.7,0.539,Yes,6.3,13.9
8,Pattaya,2025-11-03,November,86.5,75.9,0.394,88,79.2,0.394,Yes,7.1,15.4
8,Pattaya,2025-11-04,November,85.2,76.3,0,79,80.3,0,No,8.6,14.5
8,Pattaya,2025-11-05,November,85.3,76.5,0.028,79,80.6,0.028,Yes,8.8,16.6
8,Pattaya,2025-11-06,November,86.8,77.9,0.126,82,81.6,0.126,Yes,7.5,15.9
8,Pattaya,2025-11-07,November,85.3,75.6,0.283,87,80.9,0.283,Yes,10.4,19.5
8,Pattaya,2025-11-08,November,86.1,76.4,0.106,89,79.9,0.106,Yes,4.3,11.9
8,Pattaya,2025-11-09,November,86.7,74.5,0.902,85,81.6,0.902,Yes,7.1,15.2
8,Pattaya,2025-11-10,November,88.1,76.2,0.102,88,80.5,0.102,Yes,9.4,21
8,Pattaya,2025-11-11,November,89,77.6,0,85,82.6,0,No,6.2,13.9
8,Pattaya,2025-11-12,November,88.1,76.2,0.311,89,81,0.311,Yes,6.8,16.8
8,Pattaya,2025-11-13,November,85.1,76.7,0.323,86,80,0.323,Yes,10.1,17.9
8,Pattaya,2025-11-14,November,88.4,73.1,0,64,80.8,0,No,12.8,23
8,Pattaya,2025-11-15,November,84.4,73.3,0,63,78.7,0,No,14.3,25.5
8,Pattaya,2025-11-16,November,87,74.1,0.039,71,80.2,0.039,Yes,15.1,25.5
8,Pattaya,2025-11-17,November,86.6,75.7,0.441,80,80.1,0.441,Yes,12.1,23.3
8,Pattaya,2025-11-18,November,85.7,74.7,0.244,78,80,0.244,Yes,14.7,27.3
8,Pattaya,2025-11-19,November,85.5,71.8,0.016,64,77.8,0.016,Yes,18.2,34
8,Pattaya,2025-11-20,November,79,69.8,0.043,67,74,0.043,Yes,13.7,25.1
8,Pattaya,2025-11-21,November,76,70.9,0.016,65,73.9,0.016,Yes,12.5,22.1
8,Pattaya,2025-11-22,November,85.5,71,0,65,77.4,0,No,10.5,20.6
8,Pattaya,2025-11-23,November,85.6,73.1,0,66,79.9,0,No,10.3,20.1
8,Pattaya,2025-11-24,November,88.7,75.2,0,65,81.3,0,No,12.8,21.5
8,Pattaya,2025-11-25,November,85.8,71.5,0,60,78.9,0,No,17.7,32.2
8,Pattaya,2025-11-26,November,84.6,70.4,0,61,77.1,0,No,12.5,24.4
8,Pattaya,2025-11-27,November,82.5,65.2,0,52,74.6,0,No,16.5,30.9
8,Pattaya,2025-11-28,November,80.1,63.3,0,54,71.3,0,No,14.3,26.8
8,Pattaya,2025-11-29,November,80.7,65.3,0,62,73.2,0,No,10.1,19.9
8,Pattaya,2025-11-30,November,83.3,69.8,0,68,75.9,0,No,9.3,19.2
8,Pattaya,2025-12-01,December,85,71.6,0,74,77.8,0,No,10.6,21.5
8,Pattaya,2025-12-02,December,85.5,73.7,0,77,78.8,0,No,11.2,21.9
8,Pattaya,2025-12-03,December,88.5,76.2,0,70,82.4,0,No,12.7,21.5
8,Pattaya,2025-12-04,December,90.3,75.5,0.165,67,82.3,0.165,Yes,13.7,25.5
8,Pattaya,2025-12-05,December,87.2,75.2,0.035,82,79.6,0.035,Yes,14.1,25.3
8,Pattaya,2025-12-06,December,88.2,74.7,0.039,73,80.5,0.039,Yes,11.6,22.1
8,Pattaya,2025-12-07,December,88.8,73.5,0,63,80.7,0,No,11.2,21.7
8,Pattaya,2025-12-08,December,86.1,71.9,0,57,78.3,0,No,14.8,27.5
8,Pattaya,2025-12-09,December,86.3,71.7,0,59,78.7,0,No,13.1,24.8
8,Pattaya,2025-12-10,December,87.1,72.6,0,62,79.3,0,No,11.6,22.6
8,Pattaya,2025-12-11,December,81.5,73.5,0.35,83,76.5,0.35,Yes,11.5,20.6
8,Pattaya,2025-12-12,December,84.3,74.3,0.016,84,78.6,0.016,Yes,9,16.1
8,Pattaya,2025-12-13,December,87.9,75.1,0.02,74,80.9,0.02,Yes,8.3,16.8
8,Pattaya,2025-12-14,December,87.7,76,0.016,70,81.2,0.016,Yes,12.4,22.8
8,Pattaya,2025-12-15,December,88.1,74.8,0,66,80.7,0,No,13.5,24.8
8,Pattaya,2025-12-16,December,89.1,75.1,0,67,81.1,0,No,9.8,19.7
8,Pattaya,2025-12-17,December,89.6,75.8,0,63,82.5,0,No,12.6,22.4
8,Pattaya,2025-12-18,December,88,74.1,0.035,65,80.8,0.035,Yes,13.9,26.2
8,Pattaya,2025-12-19,December,87.3,73.6,0,70,79.7,0,No,9,18.3
8,Pattaya,2025-12-20,December,89.5,73.7,0,57,80.9,0,No,10.4,20.8
8,Pattaya,2025-12-21,December,88.5,73,0,58,79.5,0,No,12.1,23.3
8,Pattaya,2025-12-22,December,88.9,74.6,0,71,80.5,0,No,10.9,21
8,Pattaya,2025-12-23,December,88.7,74.1,0.008,76,80.9,0.008,Yes,8,16.1
8,Pattaya,2025-12-24,December,89.3,74.7,0,71,81.7,0,No,7.9,15.7
8,Pattaya,2025-12-25,December,91.3,75.5,0,53,83.4,0,No,13.4,22.4
8,Pattaya,2025-12-26,December,87.7,74.6,0,68,80.5,0,No,15,27.5
8,Pattaya,2025-12-27,December,87.9,74.7,0,57,81.3,0,No,13.7,26.2
8,Pattaya,2025-12-28,December,88.7,73.8,0,59,80.7,0,No,11.6,22.1
8,Pattaya,2025-12-29,December,88.6,72,0,59,79.6,0,No,9.9,18.8
8,Pattaya,2025-12-30,December,86.9,69.9,0,70,78.1,0,No,10.6,21
8,Pattaya,2025-12-31,December,87.1,68,0,71,77.8,0,No,11.3,22.1
9,Hua Hin,2025-01-01,January,82.9,70.9,0,61,77.3,0,No,12.3,23.5
9,Hua Hin,2025-01-02,January,84.7,70.7,0,56,77.9,0,No,11.9,22.8
9,Hua Hin,2025-01-03,January,84.1,71.6,0,59,78.9,0,No,13.6,25.7
9,Hua Hin,2025-01-04,January,83.3,72.5,0,58,78.4,0,No,14,26.2
9,Hua Hin,2025-01-05,January,81.7,70.2,0,55,76.6,0,No,15.1,28.2
9,Hua Hin,2025-01-06,January,81.7,68.6,0,53,75.2,0,No,13.3,25.1
9,Hua Hin,2025-01-07,January,83,67.6,0,60,75,0,No,9.7,19.2
9,Hua Hin,2025-01-08,January,85.1,68.6,0,67,76.6,0,No,8.1,17
9,Hua Hin,2025-01-09,January,85.8,70.2,0,64,78.9,0,No,10.4,20.6
9,Hua Hin,2025-01-10,January,82,74.5,0,63,78.9,0,No,17,31.5
9,Hua Hin,2025-01-11,January,79.9,69.3,0,59,76.6,0,No,17.2,31.5
9,Hua Hin,2025-01-12,January,78.5,64.9,0,53,72,0,No,20,36.2
9,Hua Hin,2025-01-13,January,78.4,64.7,0,51,71.7,0,No,14.6,27.1
9,Hua Hin,2025-01-14,January,81.5,65.8,0,50,74.2,0,No,13.4,24.8
9,Hua Hin,2025-01-15,January,85.4,68.2,0,56,80.1,0,No,14.7,27.1
9,Hua Hin,2025-01-16,January,82.9,73.6,0,60,78.8,0,No,19.1,34.7
9,Hua Hin,2025-01-17,January,82,70.3,0,60,76.6,0,No,16,29.5
9,Hua Hin,2025-01-18,January,82.6,69.3,0,52,76.2,0,No,10.6,21.3
9,Hua Hin,2025-01-19,January,83.4,68.5,0,51,76,0,No,12.9,24.6
9,Hua Hin,2025-01-20,January,84.6,63.1,0,58,73.5,0,No,9.7,19.9
9,Hua Hin,2025-01-21,January,85.4,63.5,0,63,74.3,0,No,9.6,19.5
9,Hua Hin,2025-01-22,January,84.8,63.5,0,64,73.6,0,No,9.1,19
9,Hua Hin,2025-01-23,January,85.2,63.5,0,66,74.7,0,No,6.9,15.7
9,Hua Hin,2025-01-24,January,86.7,65.3,0,70,76.8,0,No,8.3,17.4
9,Hua Hin,2025-01-25,January,86.9,68.5,0,75,78.1,0,No,9.4,19.5
9,Hua Hin,2025-01-26,January,86,68.6,0.024,81,78.6,0.024,Yes,9.1,19.2
9,Hua Hin,2025-01-27,January,79.1,73.2,0.055,65,76,0.055,Yes,16.5,28.2
9,Hua Hin,2025-01-28,January,80.6,70.5,0,61,76.3,0,No,14.6,27.7
9,Hua Hin,2025-01-29,January,80.5,69.4,0,63,74.5,0,No,14.9,28.2
9,Hua Hin,2025-01-30,January,82.9,64.6,0,65,74.2,0,No,9.8,20.4
9,Hua Hin,2025-01-31,January,85.5,64,0,62,75.4,0,No,8.2,16.8
9,Hua Hin,2025-02-01,February,85.7,65.6,0,70,75.8,0,No,7.9,17
9,Hua Hin,2025-02-02,February,86.5,66.1,0,74,77,0,No,8.4,17.7
9,Hua Hin,2025-02-03,February,85.7,66.7,0,81,78.3,0,No,9.2,18.8
9,Hua Hin,2025-02-04,February,86,71.5,0.035,82,78,0.035,Yes,16.2,31.3
9,Hua Hin,2025-02-05,February,85.1,71.1,0.008,81,78.3,0.008,Yes,11,22.6
9,Hua Hin,2025-02-06,February,87.4,70.7,0,77,79.1,0,No,10.8,21.3
9,Hua Hin,2025-02-07,February,88.2,71.2,0,73,79.1,0,No,8,17.4
9,Hua Hin,2025-02-08,February,85.3,71.8,0.016,71,79.1,0.016,Yes,9.9,22.1
9,Hua Hin,2025-02-09,February,82.1,71.2,0,65,77.4,0,No,15.1,28
9,Hua Hin,2025-02-10,February,83.8,69.4,0,61,76.5,0,No,11.8,23.3
9,Hua Hin,2025-02-11,February,86.4,67.3,0,63,76.6,0,No,9.2,19.2
9,Hua Hin,2025-02-12,February,89.2,67.2,0,61,78.8,0,No,8.8,18.3
9,Hua Hin,2025-02-13,February,89,68.2,0,71,79.4,0,No,8.9,19
9,Hua Hin,2025-02-14,February,87.8,70.9,0,73,80.4,0,No,10.2,21.7
9,Hua Hin,2025-02-15,February,88.2,70.4,0,70,80.6,0,No,11.9,23.5
9,Hua Hin,2025-02-16,February,89.3,70.5,0,73,81.3,0,No,10.4,20.4
9,Hua Hin,2025-02-17,February,88.5,73.6,0.043,76,81.3,0.043,Yes,12.7,25.5
9,Hua Hin,2025-02-18,February,87.4,73.8,0.185,77,80.6,0.185,Yes,11.7,24.6
9,Hua Hin,2025-02-19,February,88.9,74.6,0.079,77,80.8,0.079,Yes,11.6,23.7
9,Hua Hin,2025-02-20,February,88.3,74.3,0.067,76,81.8,0.067,Yes,11.2,24.2
9,Hua Hin,2025-02-21,February,88.1,75.4,0.193,78,80.9,0.193,Yes,12.5,29.1
9,Hua Hin,2025-02-22,February,89.6,74.9,0.232,75,81.6,0.232,Yes,10.5,22.4
9,Hua Hin,2025-02-23,February,89.9,74.3,0.559,74,82,0.559,Yes,10.5,24.6
9,Hua Hin,2025-02-24,February,81.5,72.1,0.787,87,76.9,0.787,Yes,14.7,26.4
9,Hua Hin,2025-02-25,February,81.6,71.7,0.154,77,76.3,0.154,Yes,14,25.3
9,Hua Hin,2025-02-26,February,85.7,72.4,0,66,79.7,0,No,14.5,25.9
9,Hua Hin,2025-02-27,February,89.1,74.2,0,69,81.5,0,No,8,17.7
9,Hua Hin,2025-02-28,February,90.5,74.4,0,74,82.3,0,No,8.8,19.5
9,Hua Hin,2025-03-01,March,91,74.7,0,75,82.8,0,No,12.9,23.7
9,Hua Hin,2025-03-02,March,91.7,75.4,0,75,83.2,0,No,11.3,22.4
9,Hua Hin,2025-03-03,March,92.2,76.6,0,74,83.9,0,No,12.4,24.6
9,Hua Hin,2025-03-04,March,92.2,75.7,0,70,83.8,0,No,14.2,27.1
9,Hua Hin,2025-03-05,March,91.2,75.2,0,76,83.2,0,No,12.2,23.7
9,Hua Hin,2025-03-06,March,91.9,75,0,75,83.9,0,No,12.8,24.4
9,Hua Hin,2025-03-07,March,93,74.3,0.295,77,82.9,0.295,Yes,14.6,28.9
9,Hua Hin,2025-03-08,March,83.5,74.6,0.287,81,79.5,0.287,Yes,9.2,20.6
9,Hua Hin,2025-03-09,March,87.9,75.6,0.012,69,81.5,0.012,Yes,14.1,25.9
9,Hua Hin,2025-03-10,March,92.3,77.2,0,60,85,0,No,14.4,28
9,Hua Hin,2025-03-11,March,94.2,76.6,0.004,69,84.9,0.004,Yes,9.9,20.8
9,Hua Hin,2025-03-12,March,93.5,76.6,0.016,70,84.9,0.016,Yes,13,25.9
9,Hua Hin,2025-03-13,March,91.7,75.9,0.118,77,82.9,0.118,Yes,12.4,25.3
9,Hua Hin,2025-03-14,March,90.3,74.1,0.004,75,83,0.004,Yes,10.9,21.7
9,Hua Hin,2025-03-15,March,92,74.1,0,71,83.9,0,No,10.8,22.1
9,Hua Hin,2025-03-16,March,95,76.5,0,70,85.5,0,No,11,22.4
9,Hua Hin,2025-03-17,March,93,76.3,0.02,77,83.3,0.02,Yes,13.5,28
9,Hua Hin,2025-03-18,March,91.2,76.3,0.118,75,83.7,0.118,Yes,10.8,22.8
9,Hua Hin,2025-03-19,March,88.3,77.2,0.043,62,83.1,0.043,Yes,16.9,31.8
9,Hua Hin,2025-03-20,March,86.5,76.5,0,56,82.2,0,No,18.8,34.9
9,Hua Hin,2025-03-21,March,87.2,75.7,0,56,81.8,0,No,16.3,30.6
9,Hua Hin,2025-03-22,March,89.7,74.1,0,56,81.6,0,No,13.7,27.1
9,Hua Hin,2025-03-23,March,92.4,73.4,0,57,83,0,No,10,21.5
9,Hua Hin,2025-03-24,March,93.7,74.2,0,66,84,0,No,10.7,21.9
9,Hua Hin,2025-03-25,March,94,75.7,0,71,85.1,0,No,12.6,23.9
9,Hua Hin,2025-03-26,March,94.1,74.8,0,71,84.9,0,No,12.7,24.8
9,Hua Hin,2025-03-27,March,93.8,73,0,64,84.5,0,No,13.5,26.4
9,Hua Hin,2025-03-28,March,93.1,73.7,0,62,83.7,0,No,12.4,24.8
9,Hua Hin,2025-03-29,March,92.7,74.9,0,66,85.1,0,No,12.3,24.4
9,Hua Hin,2025-03-30,March,93,77.5,0.24,73,84.2,0.24,Yes,16.4,31.8
9,Hua Hin,2025-03-31,March,85.5,75.8,0.307,84,80.5,0.307,Yes,10.5,21.3
9,Hua Hin,2025-04-01,April,88.4,77.5,0.031,75,83.1,0.031,Yes,8.5,20.1
9,Hua Hin,2025-04-02,April,85.4,76.3,0.409,83,81,0.409,Yes,6.4,15.7
9,Hua Hin,2025-04-03,April,87.3,76.6,0.031,76,82.1,0.031,Yes,11.7,24.4
9,Hua Hin,2025-04-04,April,92.6,76.9,0.008,70,84.3,0.008,Yes,14.4,28
9,Hua Hin,2025-04-05,April,91.9,76.6,0.004,69,84.2,0.004,Yes,13.7,26.6
9,Hua Hin,2025-04-06,April,92.5,77.9,0.004,69,84.6,0.004,Yes,13.1,26.2
9,Hua Hin,2025-04-07,April,90.8,77.3,0.075,72,83.6,0.075,Yes,16.9,32.7
9,Hua Hin,2025-04-08,April,92.3,77.7,0.004,70,84.8,0.004,Yes,12.8,26.2
9,Hua Hin,2025-04-09,April,95.5,79.1,0.008,63,86.7,0.008,Yes,15.6,28.2
9,Hua Hin,2025-04-10,April,90.7,77.3,0.78,77,82.7,0.78,Yes,9.7,22.6
9,Hua Hin,2025-04-11,April,93.7,77.6,0.39,73,84.1,0.39,Yes,10.3,21.7
9,Hua Hin,2025-04-12,April,92.4,77.4,0.055,75,84.4,0.055,Yes,7.4,20.8
9,Hua Hin,2025-04-13,April,92.1,77.7,0.004,74,84.6,0.004,Yes,8.5,19.9
9,Hua Hin,2025-04-14,April,89.2,77.1,0.189,81,82.7,0.189,Yes,11.4,22.8
9,Hua Hin,2025-04-15,April,90.5,77.5,0.228,79,82.9,0.228,Yes,9.6,20.8
9,Hua Hin,2025-04-16,April,91.3,75.9,0.173,79,82.2,0.173,Yes,10.4,21.9
9,Hua Hin,2025-04-17,April,91.7,76.5,0.051,78,83.4,0.051,Yes,10.3,22.1
9,Hua Hin,2025-04-18,April,93.4,76.8,0.067,76,84,0.067,Yes,11.4,22.8
9,Hua Hin,2025-04-19,April,90.9,76.7,0.22,75,83.5,0.22,Yes,7.3,18.8
9,Hua Hin,2025-04-20,April,93.2,76.7,0.024,69,85.2,0.024,Yes,12.1,24.2
9,Hua Hin,2025-04-21,April,91.5,78.2,0,63,84.9,0,No,10.4,22.1
9,Hua Hin,2025-04-22,April,93.8,76.6,0.008,67,85.6,0.008,Yes,12.5,25.3
9,Hua Hin,2025-04-23,April,95.5,79.1,0,63,87.1,0,No,12.1,23
9,Hua Hin,2025-04-24,April,96.1,78.3,0.079,68,86.2,0.079,Yes,11.7,24.4
9,Hua Hin,2025-04-25,April,94.6,78,0.039,73,84.9,0.039,Yes,13.2,23.5
9,Hua Hin,2025-04-26,April,96.4,78.4,0.094,72,86,0.094,Yes,14.2,30.4
9,Hua Hin,2025-04-27,April,92,77.5,0.138,79,83.6,0.138,Yes,12.5,25.1
9,Hua Hin,2025-04-28,April,93.3,77,0.004,69,85.6,0.004,Yes,12,24.4
9,Hua Hin,2025-04-29,April,92,77.1,0.024,71,84.7,0.024,Yes,10.1,21.9
9,Hua Hin,2025-04-30,April,93.1,78.4,0.004,68,86,0.004,Yes,10.4,21.5
9,Hua Hin,2025-05-01,May,94.3,79.3,0.059,70,86.4,0.059,Yes,10.1,22.4
9,Hua Hin,2025-05-02,May,95.7,79.3,0.004,64,87.3,0.004,Yes,11.4,24.8
9,Hua Hin,2025-05-03,May,91.4,78.3,0.024,75,84,0.024,Yes,9.4,20.8
9,Hua Hin,2025-05-04,May,91.3,78.9,0.122,73,84.9,0.122,Yes,8.5,21.3
9,Hua Hin,2025-05-05,May,95,78.2,0.169,73,85.2,0.169,Yes,10.3,22.6
9,Hua Hin,2025-05-06,May,92.1,77.8,0.339,77,83.9,0.339,Yes,8.1,20.1
9,Hua Hin,2025-05-07,May,95.4,77.9,0.134,74,84.8,0.134,Yes,10.9,28.2
9,Hua Hin,2025-05-08,May,93.8,78.1,0.114,73,85,0.114,Yes,11.8,23
9,Hua Hin,2025-05-09,May,93.9,79,0.02,73,86,0.02,Yes,9.6,20.1
9,Hua Hin,2025-05-10,May,96.2,76.9,0.579,80,83.6,0.579,Yes,12.1,24.4
9,Hua Hin,2025-05-11,May,88.6,76.4,0.413,83,81.1,0.413,Yes,9.4,22.8
9,Hua Hin,2025-05-12,May,84.9,75.8,0.28,86,80.4,0.28,Yes,10.1,19.9
9,Hua Hin,2025-05-13,May,87.6,77.4,0.22,83,81.8,0.22,Yes,8.8,19.5
9,Hua Hin,2025-05-14,May,87.4,76.8,0.323,83,81.8,0.323,Yes,11,24.2
9,Hua Hin,2025-05-15,May,86.6,76.8,0.13,85,81.8,0.13,Yes,10.4,20.4
9,Hua Hin,2025-05-16,May,85,78.2,0.417,86,81.2,0.417,Yes,10.4,21.3
9,Hua Hin,2025-05-17,May,87,78,0.37,84,81.8,0.37,Yes,8,18.3
9,Hua Hin,2025-05-18,May,88.7,78,0.039,82,83.4,0.039,Yes,8.5,17
9,Hua Hin,2025-05-19,May,89.6,77.1,0.067,79,83.8,0.067,Yes,10.6,21
9,Hua Hin,2025-05-20,May,91,79.3,0,73,85.3,0,No,10.2,18.8
9,Hua Hin,2025-05-21,May,91,78.2,0.752,83,83.2,0.752,Yes,10.5,17.7
9,Hua Hin,2025-05-22,May,89.2,76.7,0.224,83,83.4,0.224,Yes,6.8,16.8
9,Hua Hin,2025-05-23,May,92,77.5,0.252,81,83,0.252,Yes,13.1,24.6
9,Hua Hin,2025-05-24,May,87.1,77.4,0.138,86,81.6,0.138,Yes,9.5,17.7
9,Hua Hin,2025-05-25,May,86.7,78.4,0.52,85,81.5,0.52,Yes,9.8,19.7
9,Hua Hin,2025-05-26,May,88.8,77.5,0.732,86,80.8,0.732,Yes,12,24.2
9,Hua Hin,2025-05-27,May,89.2,77.2,0.075,80,82.2,0.075,Yes,8.3,19
9,Hua Hin,2025-05-28,May,91.3,79.4,0.15,78,84.4,0.15,Yes,7.2,17.7
9,Hua Hin,2025-05-29,May,92,80.3,0.035,74,85.4,0.035,Yes,12.1,23.7
9,Hua Hin,2025-05-30,May,90.9,80.4,0.008,77,84,0.008,Yes,10.8,20.6
9,Hua Hin,2025-05-31,May,90.1,80,0.004,76,84.6,0.004,Yes,9.1,21.5
9,Hua Hin,2025-06-01,June,91.7,80.5,0.039,71,84.8,0.039,Yes,13.3,24.6
9,Hua Hin,2025-06-02,June,92.4,80.2,0.11,73,84.7,0.11,Yes,13.7,30
9,Hua Hin,2025-06-03,June,91.4,75.5,0.004,77,82.7,0.004,Yes,10.1,20.4
9,Hua Hin,2025-06-04,June,96.3,77.1,0.004,70,85.8,0.004,Yes,11.2,20.4
9,Hua Hin,2025-06-05,June,95.7,77.6,0.008,71,85.6,0.008,Yes,7.5,15
9,Hua Hin,2025-06-06,June,94.7,76.6,0.039,71,85.2,0.039,Yes,10.4,22.1
9,Hua Hin,2025-06-07,June,95.6,78.2,0.134,70,85.1,0.134,Yes,11.6,20.1
9,Hua Hin,2025-06-08,June,97.1,79.5,0.189,68,86,0.189,Yes,11.7,23
9,Hua Hin,2025-06-09,June,94,79.7,0.031,67,85.6,0.031,Yes,15.2,30.6
9,Hua Hin,2025-06-10,June,95.2,79.2,0.016,66,85.7,0.016,Yes,13,23.7
9,Hua Hin,2025-06-11,June,90.2,78.4,0.02,70,83.8,0.02,Yes,11.3,23.3
9,Hua Hin,2025-06-12,June,90.2,78.4,0.244,80,81.5,0.244,Yes,12.8,28.9
9,Hua Hin,2025-06-13,June,86.5,78.4,0.406,82,81.1,0.406,Yes,11.3,26.8
9,Hua Hin,2025-06-14,June,88.9,77.8,0.059,80,82.2,0.059,Yes,13.3,29.5
9,Hua Hin,2025-06-15,June,88.2,78.1,0.004,74,82.4,0.004,Yes,10,19.2
9,Hua Hin,2025-06-16,June,95.2,77.7,0,66,85.6,0,No,10.5,20.1
9,Hua Hin,2025-06-17,June,97.6,77.5,0.173,65,85.8,0.173,Yes,9.2,21.5
9,Hua Hin,2025-06-18,June,95.7,78.9,0.016,66,86.4,0.016,Yes,11.3,18.8
9,Hua Hin,2025-06-19,June,92.1,78.3,0.016,72,84.2,0.016,Yes,10.2,19.9
9,Hua Hin,2025-06-20,June,93.3,77.5,0.354,69,84.3,0.354,Yes,13,24.8
9,Hua Hin,2025-06-21,June,95.7,76.3,0.421,74,83.3,0.421,Yes,12.5,25.3
9,Hua Hin,2025-06-22,June,90.5,76.4,0.087,75,81.8,0.087,Yes,15.4,29.5
9,Hua Hin,2025-06-23,June,88.3,75.5,0.142,80,80.5,0.142,Yes,12.9,28.2
9,Hua Hin,2025-06-24,June,87.1,76.9,0.008,78,81.7,0.008,Yes,12,24.2
9,Hua Hin,2025-06-25,June,91.8,77.2,0.008,74,83.6,0.008,Yes,11.4,21.3
9,Hua Hin,2025-06-26,June,91.2,77.1,0.012,70,83.5,0.012,Yes,11.6,23.5
9,Hua Hin,2025-06-27,June,88.4,76,0.039,78,81.2,0.039,Yes,14.3,26.4
9,Hua Hin,2025-06-28,June,90.5,77.3,0.028,74,82.4,0.028,Yes,11.2,24.2
9,Hua Hin,2025-06-29,June,89.1,76.2,0.087,77,81.2,0.087,Yes,14.7,32.4
9,Hua Hin,2025-06-30,June,88,77.5,0.079,76,82.2,0.079,Yes,14,27.1
9,Hua Hin,2025-07-01,July,90.1,77.1,0.024,76,82.8,0.024,Yes,12.5,25.7
9,Hua Hin,2025-07-02,July,83.3,76.6,0.323,86,79.9,0.323,Yes,12.4,21.9
9,Hua Hin,2025-07-03,July,91.4,76.6,0,73,82.6,0,No,10.1,21.7
9,Hua Hin,2025-07-04,July,94.9,77,0.024,65,85.3,0.024,Yes,14.4,27.3
9,Hua Hin,2025-07-05,July,92.8,79,0,67,84.7,0,No,13.4,29.8
9,Hua Hin,2025-07-06,July,93.1,77.6,0.106,68,84.8,0.106,Yes,13.7,28
9,Hua Hin,2025-07-07,July,93,77.8,0.024,70,84.9,0.024,Yes,11.2,24.2
9,Hua Hin,2025-07-08,July,91.9,78.3,0.571,78,82.9,0.571,Yes,10.4,28
9,Hua Hin,2025-07-09,July,89.2,77.8,0,76,83.1,0,No,11.5,21.3
9,Hua Hin,2025-07-10,July,93.1,78.1,0.012,69,84.8,0.012,Yes,13.3,23.7
9,Hua Hin,2025-07-11,July,92.4,79.4,0.012,70,84.2,0.012,Yes,12.5,27.5
9,Hua Hin,2025-07-12,July,95.6,78.9,0,65,86.1,0,No,12.8,26.6
9,Hua Hin,2025-07-13,July,97.9,78.1,0.02,66,86.7,0.02,Yes,11.8,24.6
9,Hua Hin,2025-07-14,July,93.8,78.7,0.15,72,85.1,0.15,Yes,8.9,20.1
9,Hua Hin,2025-07-15,July,91.9,78.4,0.299,77,83.4,0.299,Yes,12.5,25.3
9,Hua Hin,2025-07-16,July,92,77.9,0.157,76,83.4,0.157,Yes,11.4,22.4
9,Hua Hin,2025-07-17,July,92.2,78.4,0.063,71,83.9,0.063,Yes,11.5,23.7
9,Hua Hin,2025-07-18,July,90.7,77.5,0.071,74,83,0.071,Yes,17.2,35.3
9,Hua Hin,2025-07-19,July,90.3,76.2,0.539,78,81.5,0.539,Yes,18,33.8
9,Hua Hin,2025-07-20,July,81.7,76.4,1.276,89,78.2,1.276,Yes,13.1,24.8
9,Hua Hin,2025-07-21,July,82.1,77,0.303,83,79.9,0.303,Yes,15.8,26.6
9,Hua Hin,2025-07-22,July,86.4,77.6,0.071,80,80.8,0.071,Yes,15.5,32.4
9,Hua Hin,2025-07-23,July,86,78.6,0.079,80,81.7,0.079,Yes,17.3,36
9,Hua Hin,2025-07-24,July,90.3,79.4,0.004,74,83.6,0.004,Yes,13.6,25.1
9,Hua Hin,2025-07-25,July,92.2,79.9,0,72,84.7,0,No,13.5,23.5
9,Hua Hin,2025-07-26,July,91.8,79.2,0.016,73,84.3,0.016,Yes,12.5,26.8
9,Hua Hin,2025-07-27,July,84.9,79.2,0.059,82,81.7,0.059,Yes,11,18.6
9,Hua Hin,2025-07-28,July,88.6,79.5,0.031,77,82.8,0.031,Yes,15.1,27.7
9,Hua Hin,2025-07-29,July,89.9,80,0.051,75,83.8,0.051,Yes,15.4,27.5
9,Hua Hin,2025-07-30,July,90.8,78.6,0.004,74,83.6,0.004,Yes,16.9,31.5
9,Hua Hin,2025-07-31,July,93.1,78,0.016,70,85.3,0.016,Yes,16,30.9
9,Hua Hin,2025-08-01,August,96.7,79.5,0.008,67,86.5,0.008,Yes,14.7,26.6
9,Hua Hin,2025-08-02,August,94.8,78,0.024,71,85.6,0.024,Yes,9.9,22.1
9,Hua Hin,2025-08-03,August,95.2,77.2,0.091,72,85.2,0.091,Yes,13.7,25.3
9,Hua Hin,2025-08-04,August,95.7,76.9,0.039,72,85.7,0.039,Yes,7.9,14.8
9,Hua Hin,2025-08-05,August,94.9,79.2,0.142,68,86.2,0.142,Yes,9.6,18.3
9,Hua Hin,2025-08-06,August,92.8,77.9,0.327,72,84.3,0.327,Yes,10.1,24.8
9,Hua Hin,2025-08-07,August,92.9,77.5,0.177,78,83.2,0.177,Yes,14.7,27.1
9,Hua Hin,2025-08-08,August,92,77.6,0.606,80,82.7,0.606,Yes,9.8,21.5
9,Hua Hin,2025-08-09,August,89.7,76.6,0.055,75,83.3,0.055,Yes,6.7,17.9
9,Hua Hin,2025-08-10,August,94.8,78,0.035,66,85.2,0.035,Yes,11.3,21.7
9,Hua Hin,2025-08-11,August,90.9,78.4,0.252,73,82.4,0.252,Yes,8.8,21.9
9,Hua Hin,2025-08-12,August,91.9,77.2,0.035,69,84,0.035,Yes,12.9,25.1
9,Hua Hin,2025-08-13,August,88.7,76.9,0.457,73,82.7,0.457,Yes,7,18.3
9,Hua Hin,2025-08-14,August,92.7,77.7,0.028,67,83.9,0.028,Yes,10.3,22.6
9,Hua Hin,2025-08-15,August,91.1,76.1,1.28,80,81.1,1.28,Yes,8.2,23.5
9,Hua Hin,2025-08-16,August,86.4,76.3,0.327,80,80.1,0.327,Yes,10.6,23
9,Hua Hin,2025-08-17,August,86.1,76.9,0.02,76,80.7,0.02,Yes,12.3,23
9,Hua Hin,2025-08-18,August,91.2,76.3,0.272,76,82.5,0.272,Yes,11.2,22.8
9,Hua Hin,2025-08-19,August,88.9,74.5,0.039,78,81.6,0.039,Yes,8.6,19.2
9,Hua Hin,2025-08-20,August,89.9,74.9,0.079,78,82.1,0.079,Yes,7.2,19.5
9,Hua Hin,2025-08-21,August,90.9,76.3,0.272,78,81.6,0.272,Yes,10.9,21.7
9,Hua Hin,2025-08-22,August,84.3,77,0.236,79,80.3,0.236,Yes,9,20.1
9,Hua Hin,2025-08-23,August,89.6,75.9,0.453,76,81.2,0.453,Yes,12.7,25.3
9,Hua Hin,2025-08-24,August,90.8,77.5,0.555,72,82.6,0.555,Yes,9.9,23
9,Hua Hin,2025-08-25,August,92.9,78.6,0.008,68,83.7,0.008,Yes,13.8,24.4
9,Hua Hin,2025-08-26,August,87.1,77.4,0.13,77,81.2,0.13,Yes,15.6,31.1
9,Hua Hin,2025-08-27,August,84.2,76.4,0.181,82,79.6,0.181,Yes,10.1,21.7
9,Hua Hin,2025-08-28,August,91.7,76.3,0.008,70,83.6,0.008,Yes,11.9,26.4
9,Hua Hin,2025-08-29,August,96.2,77.9,0.008,61,86.3,0.008,Yes,10.6,22.6
9,Hua Hin,2025-08-30,August,95,77,0.075,64,85.5,0.075,Yes,14.2,27.5
9,Hua Hin,2025-08-31,August,87.8,76.6,0.043,77,81.7,0.043,Yes,12.1,22.6
9,Hua Hin,2025-09-01,September,90.8,77.9,0.098,76,83.1,0.098,Yes,10.7,21.7
9,Hua Hin,2025-09-02,September,90.1,77.6,0.067,78,82.7,0.067,Yes,5.6,17.9
9,Hua Hin,2025-09-03,September,89.2,76.8,0.059,80,81.6,0.059,Yes,9.7,19
9,Hua Hin,2025-09-04,September,91.1,76.1,0.543,83,81.2,0.543,Yes,8.5,21.9
9,Hua Hin,2025-09-05,September,89.8,76.8,0.165,80,82.5,0.165,Yes,8,18.1
9,Hua Hin,2025-09-06,September,88.9,76.9,0.331,83,81.9,0.331,Yes,7.8,19
9,Hua Hin,2025-09-07,September,89.2,75.7,0.791,83,80.8,0.791,Yes,9.2,18.3
9,Hua Hin,2025-09-08,September,84.6,76.2,0.071,83,80.2,0.071,Yes,9.6,19.2
9,Hua Hin,2025-09-09,September,87.4,76.5,0.13,80,80.8,0.13,Yes,11.1,24.8
9,Hua Hin,2025-09-10,September,86.5,75.7,0.335,84,80.4,0.335,Yes,9.4,19.2
9,Hua Hin,2025-09-11,September,87.9,76,0.087,83,81.9,0.087,Yes,6.3,13.2
9,Hua Hin,2025-09-12,September,87,74.9,0.906,85,80.5,0.906,Yes,7.8,17.7
9,Hua Hin,2025-09-13,September,88,76.6,0.094,84,81.8,0.094,Yes,6.4,16.1
9,Hua Hin,2025-09-14,September,85.7,75.7,0.012,83,80.8,0.012,Yes,8.1,17
9,Hua Hin,2025-09-15,September,86.6,76.7,0.031,79,81.7,0.031,Yes,8.1,17.2
9,Hua Hin,2025-09-16,September,86.5,77.6,0.039,81,81.6,0.039,Yes,8.5,17.4
9,Hua Hin,2025-09-17,September,89.4,76.9,0.307,83,81.9,0.307,Yes,6.2,17
9,Hua Hin,2025-09-18,September,87.8,77.8,0.098,79,81.1,0.098,Yes,10.5,19.5
9,Hua Hin,2025-09-19,September,84.8,77.2,0.091,82,80.3,0.091,Yes,13.5,27.1
9,Hua Hin,2025-09-20,September,88.1,77.6,0.035,76,82.2,0.035,Yes,13.5,26.4
9,Hua Hin,2025-09-21,September,90.3,76.9,0.075,76,82.6,0.075,Yes,11.4,23.3
9,Hua Hin,2025-09-22,September,90.1,76.4,0.209,75,82.6,0.209,Yes,10.2,20.6
9,Hua Hin,2025-09-23,September,90.1,75.7,0.177,79,81.7,0.177,Yes,14.6,29.3
9,Hua Hin,2025-09-24,September,86.8,77.5,0.142,81,81.1,0.142,Yes,10.4,21
9,Hua Hin,2025-09-25,September,88.9,76.7,0.051,77,81.7,0.051,Yes,13.8,29.3
9,Hua Hin,2025-09-26,September,89.5,76.6,0.016,75,82.6,0.016,Yes,10.2,23.7
9,Hua Hin,2025-09-27,September,90.9,75.4,0.268,82,80.9,0.268,Yes,11.3,24.8
9,Hua Hin,2025-09-28,September,89.5,77.1,0.012,75,82.1,0.012,Yes,7.9,16.8
9,Hua Hin,2025-09-29,September,91.9,77.1,0.177,75,82.4,0.177,Yes,11.2,21.3
9,Hua Hin,2025-09-30,September,90.6,76.6,0.071,76,82.1,0.071,Yes,10.3,22.4
9,Hua Hin,2025-10-01,October,89.3,76.7,0.102,81,81.6,0.102,Yes,7.4,15.9
9,Hua Hin,2025-10-02,October,91.2,78.2,0.035,74,83.8,0.035,Yes,9.8,18.8
9,Hua Hin,2025-10-03,October,92.9,78.5,0.343,75,84.1,0.343,Yes,9.9,21.5
9,Hua Hin,2025-10-04,October,89.5,74.3,0.291,84,80.8,0.291,Yes,6.4,17.9
9,Hua Hin,2025-10-05,October,91.1,75.8,0.004,75,83.2,0.004,Yes,8.3,15.4
9,Hua Hin,2025-10-06,October,92.8,76,0.071,73,83.2,0.071,Yes,8.7,18.3
9,Hua Hin,2025-10-07,October,94.2,75.8,0.224,80,81.5,0.224,Yes,8.2,16.6
9,Hua Hin,2025-10-08,October,90.1,76.6,0.886,84,81.2,0.886,Yes,9.4,19.9
9,Hua Hin,2025-10-09,October,88.9,76.2,0.039,83,81.3,0.039,Yes,9.4,18.8
9,Hua Hin,2025-10-10,October,87.7,76.3,0.02,84,81.4,0.02,Yes,6.6,14.8
9,Hua Hin,2025-10-11,October,86.9,76.7,0.071,82,81.6,0.071,Yes,9.1,18.6
9,Hua Hin,2025-10-12,October,87.7,76.8,0.362,86,81,0.362,Yes,7.7,15.9
9,Hua Hin,2025-10-13,October,86.6,76.3,0.323,85,80.8,0.323,Yes,7.4,16.3
9,Hua Hin,2025-10-14,October,85.6,76,0.528,85,80.5,0.528,Yes,7.5,16.6
9,Hua Hin,2025-10-15,October,83.6,75.9,0.307,89,79,0.307,Yes,7.7,15.9
9,Hua Hin,2025-10-16,October,89.1,76.6,0.067,75,82.7,0.067,Yes,11.4,21.7
9,Hua Hin,2025-10-17,October,87.9,74.2,0.429,81,81.6,0.429,Yes,11.9,23
9,Hua Hin,2025-10-18,October,85.6,74.4,0.528,86,80.2,0.528,Yes,10.5,20.6
9,Hua Hin,2025-10-19,October,89.2,74.1,0.606,81,81.6,0.606,Yes,11.4,21.9
9,Hua Hin,2025-10-20,October,89.2,75.3,0.437,81,81.7,0.437,Yes,9,18.6
9,Hua Hin,2025-10-21,October,89,76.7,0.012,75,82.4,0.012,Yes,11,21
9,Hua Hin,2025-10-22,October,88.2,80.8,0.016,65,84,0.016,Yes,15.1,27.3
9,Hua Hin,2025-10-23,October,87,76.5,0.106,70,82.1,0.106,Yes,19.3,34
9,Hua Hin,2025-10-24,October,85.4,77.4,0.071,73,81.2,0.071,Yes,14.1,25.9
9,Hua Hin,2025-10-25,October,83.8,74,0.461,82,79.4,0.461,Yes,13.8,24.8
9,Hua Hin,2025-10-26,October,85,75.4,0.102,76,81.3,0.102,Yes,14.9,27.7
9,Hua Hin,2025-10-27,October,87.8,76.6,0.138,76,81.5,0.138,Yes,14.1,25.7
9,Hua Hin,2025-10-28,October,86.2,76.4,0.299,81,80.1,0.299,Yes,12.1,25.9
9,Hua Hin,2025-10-29,October,85.7,75,0.366,85,79.6,0.366,Yes,13.7,26.8
9,Hua Hin,2025-10-30,October,81.3,75.5,0.197,88,78.1,0.197,Yes,12.1,20.8
9,Hua Hin,2025-10-31,October,83.8,76,0.803,90,79.1,0.803,Yes,8.6,18.8
9,Hua Hin,2025-11-01,November,85.6,75.5,1.224,91,79,1.224,Yes,7.2,14.8
9,Hua Hin,2025-11-02,November,85.8,76.1,1.465,90,79.6,1.465,Yes,11,23
9,Hua Hin,2025-11-03,November,84.9,75.7,0.323,90,78.7,0.323,Yes,6.9,21.9
9,Hua Hin,2025-11-04,November,85.4,75.6,1.055,86,79,1.055,Yes,6.4,13.6
9,Hua Hin,2025-11-05,November,84.3,76.6,0.02,82,79.7,0.02,Yes,8.6,17.7
9,Hua Hin,2025-11-06,November,86.9,77.3,0.012,78,81.5,0.012,Yes,9,17.4
9,Hua Hin,2025-11-07,November,87.2,75.9,0.224,83,81,0.224,Yes,6.2,12.3
9,Hua Hin,2025-11-08,November,84.1,76.3,0.445,89,79.6,0.445,Yes,6.6,15
9,Hua Hin,2025-11-09,November,88.8,77,0.051,83,81.9,0.051,Yes,9.6,17
9,Hua Hin,2025-11-10,November,88.3,75.5,0.37,87,80.8,0.37,Yes,5.4,15.9
9,Hua Hin,2025-11-11,November,89.4,76.2,0.012,83,82,0.012,Yes,7.5,16.1
9,Hua Hin,2025-11-12,November,88.7,76.9,0.146,85,82.1,0.146,Yes,6.2,15.2
9,Hua Hin,2025-11-13,November,88.1,75.1,0.224,86,80.4,0.224,Yes,9.3,19.2
9,Hua Hin,2025-11-14,November,86.5,75.3,0.063,71,81.1,0.063,Yes,12.2,23.3
9,Hua Hin,2025-11-15,November,84.4,73.8,0.083,61,80.6,0.083,Yes,14.6,27.3
9,Hua Hin,2025-11-16,November,85,75,0.154,72,81,0.154,Yes,14.5,26.8
9,Hua Hin,2025-11-17,November,82.2,74.7,0.394,84,78.3,0.394,Yes,13.1,24.8
9,Hua Hin,2025-11-18,November,81.2,74.2,0.823,90,76.9,0.823,Yes,11.7,24.6
9,Hua Hin,2025-11-19,November,82.2,72.9,0.154,70,77.8,0.154,Yes,19.1,34.7
9,Hua Hin,2025-11-20,November,79,72.7,0,65,75.7,0,No,15.7,27.3
9,Hua Hin,2025-11-21,November,79.9,72.1,0,60,75.9,0,No,15.5,27.7
9,Hua Hin,2025-11-22,November,84,71.8,0,61,77.2,0,No,16,28.9
9,Hua Hin,2025-11-23,November,85.9,73.1,0,63,79.4,0,No,15.3,27.5
9,Hua Hin,2025-11-24,November,85.6,75.8,0,64,80.6,0,No,15,27.1
9,Hua Hin,2025-11-25,November,82.3,71.5,0,64,78.2,0,No,19.4,35.3
9,Hua Hin,2025-11-26,November,82.8,68.7,0,60,76.4,0,No,14.8,27.3
9,Hua Hin,2025-11-27,November,82.3,65.5,0,56,75.3,0,No,17.3,31.5
9,Hua Hin,2025-11-28,November,80,65,0,47,71.6,0,No,18.1,33.1
9,Hua Hin,2025-11-29,November,82.8,65.1,0,57,73.1,0,No,12.6,23.7
9,Hua Hin,2025-11-30,November,84.8,66.5,0,60,74.9,0,No,9.6,19
9,Hua Hin,2025-12-01,December,86.1,67.6,0,66,76.2,0,No,8.1,17.4
9,Hua Hin,2025-12-02,December,87,68.4,0,69,77.3,0,No,6.9,15.9
9,Hua Hin,2025-12-03,December,89.3,70.6,0,64,82.1,0,No,9.7,19.9
9,Hua Hin,2025-12-04,December,86.8,74.8,0.307,65,82.2,0.307,Yes,16.2,30.4
9,Hua Hin,2025-12-05,December,83.2,74.8,0.11,83,78.5,0.11,Yes,13.1,23.7
9,Hua Hin,2025-12-06,December,85.9,74.2,0,73,80,0,No,13.1,25.1
9,Hua Hin,2025-12-07,December,86.8,75.3,0.004,68,80.7,0.004,Yes,11.7,23.3
9,Hua Hin,2025-12-08,December,83,73.4,0,62,79.1,0,No,15.4,28.2
9,Hua Hin,2025-12-09,December,83.3,72.1,0,67,78,0,No,16,29.3
9,Hua Hin,2025-12-10,December,85.2,72.4,0,64,78.8,0,No,14.5,27.7
9,Hua Hin,2025-12-11,December,83.8,73.5,0,69,77.4,0,No,14.1,28
9,Hua Hin,2025-12-12,December,81.9,73.9,0.008,75,78.5,0.008,Yes,12.9,23.9
9,Hua Hin,2025-12-13,December,86.7,75.1,0,72,80.9,0,No,14.7,27.3
9,Hua Hin,2025-12-14,December,86.3,76.1,0.004,70,81,0.004,Yes,15.6,29.1
9,Hua Hin,2025-12-15,December,85.8,75.1,0,67,80.4,0,No,14.7,27.7
9,Hua Hin,2025-12-16,December,87.5,75.5,0,60,81.2,0,No,12.7,24.8
9,Hua Hin,2025-12-17,December,87.6,75.9,0,62,82,0,No,13.6,26.4
9,Hua Hin,2025-12-18,December,85.2,74.1,0.004,69,80.3,0.004,Yes,14.3,27.5
9,Hua Hin,2025-12-19,December,88.1,73.8,0,62,80.2,0,No,11.3,22.1
9,Hua Hin,2025-12-20,December,88,73,0,56,80.5,0,No,12.1,24.4
9,Hua Hin,2025-12-21,December,87.1,72.8,0,52,79.3,0,No,12.4,24.2
9,Hua Hin,2025-12-22,December,87.4,73,0,63,80.2,0,No,12.1,24.2
9,Hua Hin,2025-12-23,December,87.9,73.6,0.02,76,79.8,0.02,Yes,8.9,19
9,Hua Hin,2025-12-24,December,89.2,74.7,0,61,81.7,0,No,10.2,21.3
9,Hua Hin,2025-12-25,December,90.3,75.6,0,52,83.3,0,No,13.2,26.2
9,Hua Hin,2025-12-26,December,85.9,75.7,0.008,68,80.7,0.008,Yes,12.1,23.7
9,Hua Hin,2025-12-27,December,85.8,76,0,63,81.4,0,No,13,25.1
9,Hua Hin,2025-12-28,December,86.8,75.2,0,60,81.2,0,No,13.3,25.5
9,Hua Hin,2025-12-29,December,87.1,71.9,0,65,79.6,0,No,11.9,23.3
9,Hua Hin,2025-12-30,December,87,68.4,0,71,77.8,0,No,10.2,21
9,Hua Hin,2025-12-31,December,86.5,67.6,0,70,77.2,0,No,8.4,18.6
10,Ayutthaya,2025-01-01,January,87.8,69.9,0,50,78.7,0,No,12.1,26.2
10,Ayutthaya,2025-01-02,January,88.6,70,0,48,79.7,0,No,12.1,23.9
10,Ayutthaya,2025-01-03,January,88.2,72,0,51,79.7,0,No,15.7,32.2
10,Ayutthaya,2025-01-04,January,88.1,71.3,0,43,78.9,0,No,13.7,27.5
10,Ayutthaya,2025-01-05,January,85.5,68.5,0,46,76.6,0,No,16,33.1
10,Ayutthaya,2025-01-06,January,86.3,65.5,0,46,75.7,0,No,13.4,28
10,Ayutthaya,2025-01-07,January,88.6,65.2,0,51,77.5,0,No,7.4,16.8
10,Ayutthaya,2025-01-08,January,90.5,66,0,53,79.7,0,No,5.9,14.5
10,Ayutthaya,2025-01-09,January,91.8,69.9,0,48,82.2,0,No,13.4,24.4
10,Ayutthaya,2025-01-10,January,87.3,67.9,0,53,78.3,0,No,16.5,33.8
10,Ayutthaya,2025-01-11,January,84.7,62.7,0,48,74.1,0,No,19.2,35.6
10,Ayutthaya,2025-01-12,January,78.8,62.2,0,47,70.5,0,No,17.5,35.3
10,Ayutthaya,2025-01-13,January,80.8,62.5,0,47,71.5,0,No,13,26.8
10,Ayutthaya,2025-01-14,January,83.6,65,0,48,74.1,0,No,11.3,24.6
10,Ayutthaya,2025-01-15,January,87.9,67.6,0,50,80.1,0,No,14.6,30.4
10,Ayutthaya,2025-01-16,January,86.6,70.3,0,50,78.6,0,No,16.3,32.2
10,Ayutthaya,2025-01-17,January,86.1,67.8,0,48,76.7,0,No,13.7,28.4
10,Ayutthaya,2025-01-18,January,87.8,65.2,0,47,76.5,0,No,11.6,24.8
10,Ayutthaya,2025-01-19,January,87.5,63.4,0,49,75.8,0,No,11.1,24.6
10,Ayutthaya,2025-01-20,January,89.7,63.5,0,51,77,0,No,6.7,15.4
10,Ayutthaya,2025-01-21,January,89.5,64.7,0,53,76.9,0,No,5.7,14.3
10,Ayutthaya,2025-01-22,January,91.1,64.8,0,55,77.9,0,No,6.4,15.4
10,Ayutthaya,2025-01-23,January,92.2,65.1,0,56,79.4,0,No,5.2,14.5
10,Ayutthaya,2025-01-24,January,93.8,66.9,0,53,80.4,0,No,6.7,14.1
10,Ayutthaya,2025-01-25,January,96.1,66.5,0,56,82.2,0,No,7,13
10,Ayutthaya,2025-01-26,January,95.2,68.8,0,52,83.2,0,No,12.4,23.7
10,Ayutthaya,2025-01-27,January,85.9,67.6,0,48,76.3,0,No,11,23
10,Ayutthaya,2025-01-28,January,85.2,67.6,0,49,75.9,0,No,9.7,20.4
10,Ayutthaya,2025-01-29,January,87.8,65.3,0,57,75.5,0,No,9.2,20.1
10,Ayutthaya,2025-01-30,January,88.6,64.7,0,55,77.4,0,No,6.3,15.2
10,Ayutthaya,2025-01-31,January,91.1,67,0,52,79.6,0,No,6.8,14.1
10,Ayutthaya,2025-02-01,February,93.8,67.6,0,54,80.8,0,No,6.4,14.1
10,Ayutthaya,2025-02-02,February,96.4,68.3,0,55,83.1,0,No,7.1,15.7
10,Ayutthaya,2025-02-03,February,96.9,71,0,58,84.3,0,No,8.1,16.3
10,Ayutthaya,2025-02-04,February,92.3,73.3,0.008,59,81.7,0.008,Yes,9.3,18.8
10,Ayutthaya,2025-02-05,February,92.1,72.6,0,57,82.1,0,No,7.4,18.6
10,Ayutthaya,2025-02-06,February,93.8,72.3,0,60,83.4,0,No,8,16.8
10,Ayutthaya,2025-02-07,February,93.9,73.1,0,59,84.1,0,No,6.3,15.9
10,Ayutthaya,2025-02-08,February,91.3,70.6,0,50,82.1,0,No,11.9,21.7
10,Ayutthaya,2025-02-09,February,88.8,69.5,0,48,78.5,0,No,12.8,23.3
10,Ayutthaya,2025-02-10,February,90.1,68.5,0,51,78.8,0,No,8.9,19.9
10,Ayutthaya,2025-02-11,February,92.9,68.3,0,51,80.3,0,No,7,16.6
10,Ayutthaya,2025-02-12,February,95.7,69,0,48,82.7,0,No,7.7,15
10,Ayutthaya,2025-02-13,February,97.1,70.3,0,47,84.9,0,No,7.5,16.3
10,Ayutthaya,2025-02-14,February,96.7,72,0,59,85.4,0,No,8.7,16.1
10,Ayutthaya,2025-02-15,February,98.5,74.4,0,53,86.3,0,No,7.9,17.4
10,Ayutthaya,2025-02-16,February,99.1,74.4,0,56,87.1,0,No,5.8,15.4
10,Ayutthaya,2025-02-17,February,94.3,73,0.992,71,83.5,0.992,Yes,10.3,23
10,Ayutthaya,2025-02-18,February,91.3,71.9,0.976,78,80.2,0.976,Yes,8.7,23.9
10,Ayutthaya,2025-02-19,February,91.5,72,0.299,79,80.3,0.299,Yes,7,17.2
10,Ayutthaya,2025-02-20,February,90.8,73.5,0.307,76,82,0.307,Yes,6,18.6
10,Ayutthaya,2025-02-21,February,89.9,73,0.094,77,81.3,0.094,Yes,8.9,24.4
10,Ayutthaya,2025-02-22,February,92.1,73.5,0.157,73,82.1,0.157,Yes,10.7,21
10,Ayutthaya,2025-02-23,February,92.7,75.5,0.016,68,83.9,0.016,Yes,9.4,21.5
10,Ayutthaya,2025-02-24,February,84.2,73.7,0.146,71,77.7,0.146,Yes,13.3,27.5
10,Ayutthaya,2025-02-25,February,85.6,72,0.035,65,77.3,0.035,Yes,12.4,23.7
10,Ayutthaya,2025-02-26,February,91.9,71.9,0,62,81.9,0,No,12.4,25.1
10,Ayutthaya,2025-02-27,February,95.9,75.3,0.016,61,84.7,0.016,Yes,5.2,15.2
10,Ayutthaya,2025-02-28,February,97.3,76,0,64,86.1,0,No,6.7,15.7
10,Ayutthaya,2025-03-01,March,98.9,77.3,0.016,69,86.4,0.016,Yes,8.5,17.7
10,Ayutthaya,2025-03-02,March,100.9,78.7,0,62,89,0,No,9.4,17
10,Ayutthaya,2025-03-03,March,99.1,78.4,0.122,71,85.9,0.122,Yes,8.9,26.8
10,Ayutthaya,2025-03-04,March,99.2,78.9,0,64,87.7,0,No,11.1,20.1
10,Ayutthaya,2025-03-05,March,100,78.1,0,64,87.9,0,No,9.7,18.6
10,Ayutthaya,2025-03-06,March,98.6,78.4,0.012,64,87.6,0.012,Yes,10.8,19.7
10,Ayutthaya,2025-03-07,March,93.7,72.7,1.083,81,80.1,1.083,Yes,8.6,21
10,Ayutthaya,2025-03-08,March,89.5,73.2,0.004,68,79.3,0.004,Yes,8.4,15.7
10,Ayutthaya,2025-03-09,March,91.8,73.9,0.004,65,82.8,0.004,Yes,7.4,13.9
10,Ayutthaya,2025-03-10,March,95.4,77.9,0,57,86.8,0,No,8.8,19.2
10,Ayutthaya,2025-03-11,March,96.4,75.6,0.24,66,85.6,0.24,Yes,7.9,23.3
10,Ayutthaya,2025-03-12,March,95.3,76.5,0,71,85.5,0,No,9.3,21.3
10,Ayutthaya,2025-03-13,March,93.2,75.7,0.173,77,83.4,0.173,Yes,9.1,20.1
10,Ayutthaya,2025-03-14,March,94.6,76.5,0.012,75,85,0.012,Yes,6.6,15
10,Ayutthaya,2025-03-15,March,97.2,78.4,0,69,87.3,0,No,7.5,14.8
10,Ayutthaya,2025-03-16,March,98.5,77.9,0.008,69,86.2,0.008,Yes,15.1,29.8
10,Ayutthaya,2025-03-17,March,95.3,77.3,0.071,70,85.2,0.071,Yes,11.3,23.3
10,Ayutthaya,2025-03-18,March,95.4,75.1,0.004,56,86.5,0.004,Yes,11.5,20.8
10,Ayutthaya,2025-03-19,March,92.8,73.6,0,47,82.7,0,No,13.7,25.3
10,Ayutthaya,2025-03-20,March,89.2,72.8,0,44,80,0,No,15.1,31.3
10,Ayutthaya,2025-03-21,March,90,72.1,0,50,80.3,0,No,12.8,26.6
10,Ayutthaya,2025-03-22,March,92.8,71.2,0,55,81.5,0,No,7.4,17.4
10,Ayutthaya,2025-03-23,March,95.2,72.7,0,53,84.6,0,No,6.2,15.2
10,Ayutthaya,2025-03-24,March,97.9,75.7,0,59,86.6,0,No,7.6,13.4
10,Ayutthaya,2025-03-25,March,98.9,78.1,0,64,88.1,0,No,8.5,16.1
10,Ayutthaya,2025-03-26,March,97.9,79.6,0.02,70,87,0.02,Yes,11.4,23.9
10,Ayutthaya,2025-03-27,March,99.5,78.6,0.004,64,87.9,0.004,Yes,9.3,17.7
10,Ayutthaya,2025-03-28,March,99.1,76.9,0,57,87.1,0,No,8.5,17.4
10,Ayutthaya,2025-03-29,March,98.3,78.3,0.016,64,88.7,0.016,Yes,7.3,14.8
10,Ayutthaya,2025-03-30,March,92.1,74.8,1.087,80,82.3,1.087,Yes,11.5,23.7
10,Ayutthaya,2025-03-31,March,88.3,75.6,0.39,87,80.1,0.39,Yes,5,19
10,Ayutthaya,2025-04-01,April,92.3,76.8,0.012,77,83.9,0.012,Yes,7.2,15.2
10,Ayutthaya,2025-04-02,April,93.1,78.1,0,67,85.7,0,No,6.5,16.3
10,Ayutthaya,2025-04-03,April,93.2,77.9,0,69,85.6,0,No,7.1,15.7
10,Ayutthaya,2025-04-04,April,96.7,79.3,0.016,70,86.7,0.016,Yes,11.6,23.7
10,Ayutthaya,2025-04-05,April,97,78.7,0.012,68,87.2,0.012,Yes,9.7,18.6
10,Ayutthaya,2025-04-06,April,98.1,77.3,0.024,66,87.9,0.024,Yes,8.8,17.4
10,Ayutthaya,2025-04-07,April,95.2,73.9,0.118,72,85.4,0.118,Yes,9.9,19.7
10,Ayutthaya,2025-04-08,April,94.6,79.4,0.087,74,85.6,0.087,Yes,7.5,19.7
10,Ayutthaya,2025-04-09,April,96.9,75.9,0.272,72,85.8,0.272,Yes,10.4,22.6
10,Ayutthaya,2025-04-10,April,92.8,77.5,0.063,79,83.5,0.063,Yes,7.7,18.3
10,Ayutthaya,2025-04-11,April,95,77.7,0.358,79,84,0.358,Yes,9.5,20.4
10,Ayutthaya,2025-04-12,April,94.6,79,0.13,76,85.1,0.13,Yes,8.5,19
10,Ayutthaya,2025-04-13,April,95.8,75.9,0.957,77,84.7,0.957,Yes,8.5,22.4
10,Ayutthaya,2025-04-14,April,91.2,76.3,0.283,79,82.4,0.283,Yes,8.8,17.4
10,Ayutthaya,2025-04-15,April,96,78.4,0.067,72,85.6,0.067,Yes,10.2,21.5
10,Ayutthaya,2025-04-16,April,91.3,77.6,0.457,82,82.9,0.457,Yes,7,15
10,Ayutthaya,2025-04-17,April,95,77.7,0.091,79,83.8,0.091,Yes,9.5,25.9
10,Ayutthaya,2025-04-18,April,93.8,77.6,0.441,79,83.1,0.441,Yes,11.8,23
10,Ayutthaya,2025-04-19,April,91.9,79.1,0.067,80,84.8,0.067,Yes,10.8,22.4
10,Ayutthaya,2025-04-20,April,96.4,78.6,0,68,87.6,0,No,11,19.7
10,Ayutthaya,2025-04-21,April,96.6,79.2,0.028,67,87.7,0.028,Yes,8.6,19.9
10,Ayutthaya,2025-04-22,April,99.2,79.9,0.004,64,88.8,0.004,Yes,8.1,18.8
10,Ayutthaya,2025-04-23,April,99.6,81,0.004,63,89.4,0.004,Yes,10.7,22.1
10,Ayutthaya,2025-04-24,April,99.4,81.2,0.016,66,89.1,0.016,Yes,11.5,24.2
10,Ayutthaya,2025-04-25,April,100.7,81.9,0,62,90.5,0,No,9.6,19.5
10,Ayutthaya,2025-04-26,April,100,81,0.098,65,88.3,0.098,Yes,8.4,34.4
10,Ayutthaya,2025-04-27,April,95.2,80,0.307,75,84.7,0.307,Yes,10.6,28.2
10,Ayutthaya,2025-04-28,April,100,78,0.067,68,87.3,0.067,Yes,8.1,19.7
10,Ayutthaya,2025-04-29,April,95,77.9,0,68,85.9,0,No,6.2,14.3
10,Ayutthaya,2025-04-30,April,98.2,76.3,0.614,64,87.7,0.614,Yes,8,18.1
10,Ayutthaya,2025-05-01,May,94.1,77.6,0.028,72,85.6,0.028,Yes,8.3,17.4
10,Ayutthaya,2025-05-02,May,93.9,77.3,0.177,76,84.3,0.177,Yes,8.5,17
10,Ayutthaya,2025-05-03,May,94.3,77.7,0.031,77,83.7,0.031,Yes,5.9,13.9
10,Ayutthaya,2025-05-04,May,95.5,79.3,0,71,86.9,0,No,6.2,12.1
10,Ayutthaya,2025-05-05,May,95.4,79.5,0.012,73,86.3,0.012,Yes,9.7,22.8
10,Ayutthaya,2025-05-06,May,95.9,80,0.102,73,86.1,0.102,Yes,12.2,25.7
10,Ayutthaya,2025-05-07,May,97.4,80.9,0.071,69,87.6,0.071,Yes,11,23.3
10,Ayutthaya,2025-05-08,May,99.2,81.5,0.051,70,88,0.051,Yes,7.3,15.2
10,Ayutthaya,2025-05-09,May,98.3,81.4,0.11,68,88.5,0.11,Yes,9.2,19.9
10,Ayutthaya,2025-05-10,May,94.9,76.2,0.61,83,82.3,0.61,Yes,6.7,16.3
10,Ayutthaya,2025-05-11,May,90.5,75.4,0.272,83,81.8,0.272,Yes,7.8,18.3
10,Ayutthaya,2025-05-12,May,92.8,76.3,0.398,83,81.8,0.398,Yes,6.4,19.9
10,Ayutthaya,2025-05-13,May,87.7,76.6,0.331,85,81,0.331,Yes,7.1,15.2
10,Ayutthaya,2025-05-14,May,90.2,76.7,0.417,85,81.8,0.417,Yes,10.6,22.8
10,Ayutthaya,2025-05-15,May,91.6,76.7,0.224,85,82,0.224,Yes,8.2,16.8
10,Ayutthaya,2025-05-16,May,93.5,78.6,0.067,81,83.7,0.067,Yes,7.8,17.7
10,Ayutthaya,2025-05-17,May,92,77.8,0.205,84,83.2,0.205,Yes,8.4,18.1
10,Ayutthaya,2025-05-18,May,93.3,78.2,0.059,76,85.4,0.059,Yes,6.7,13.6
10,Ayutthaya,2025-05-19,May,95.1,79.3,0.091,79,85.3,0.091,Yes,12,25.3
10,Ayutthaya,2025-05-20,May,94.4,77.7,0.594,73,86.8,0.594,Yes,7.4,16.1
10,Ayutthaya,2025-05-21,May,91.7,79.5,0.197,81,84.1,0.197,Yes,7.5,26.4
10,Ayutthaya,2025-05-22,May,96.4,81.1,0,70,87.7,0,No,9.1,18.3
10,Ayutthaya,2025-05-23,May,99,78.1,0.516,72,86.5,0.516,Yes,8.2,17.9
10,Ayutthaya,2025-05-24,May,94.6,77.4,0.319,79,84.1,0.319,Yes,10.2,21.7
10,Ayutthaya,2025-05-25,May,91.9,76.5,0.252,85,81.9,0.252,Yes,13.4,25.5
10,Ayutthaya,2025-05-26,May,90.4,76.7,0.335,85,81.5,0.335,Yes,9.8,22.6
10,Ayutthaya,2025-05-27,May,90.1,77.9,0.075,83,83,0.075,Yes,9.2,21.3
10,Ayutthaya,2025-05-28,May,92.1,79.4,0.067,80,84.8,0.067,Yes,8.3,17.2
10,Ayutthaya,2025-05-29,May,92.2,77.2,0.24,82,83.5,0.24,Yes,11.6,24.4
10,Ayutthaya,2025-05-30,May,90.6,78.2,1.075,87,81.9,1.075,Yes,10,24.4
10,Ayutthaya,2025-05-31,May,90.5,77.4,0.382,86,81.6,0.382,Yes,11.8,25.3
10,Ayutthaya,2025-06-01,June,91,78.8,0.441,82,82.7,0.441,Yes,12.1,29.8
10,Ayutthaya,2025-06-02,June,91.4,77.3,0.421,81,83.6,0.421,Yes,10,25.1
10,Ayutthaya,2025-06-03,June,89.3,79.3,0.02,77,83.8,0.02,Yes,10.1,21.3
10,Ayutthaya,2025-06-04,June,94.5,78.8,0.28,73,84.7,0.28,Yes,10.9,26.2
10,Ayutthaya,2025-06-05,June,95.1,79.8,0.051,69,86.4,0.051,Yes,9.7,24.8
10,Ayutthaya,2025-06-06,June,96,80.4,0.02,64,87.9,0.02,Yes,9.4,20.1
10,Ayutthaya,2025-06-07,June,96.9,78.4,0.386,77,85.4,0.386,Yes,11.3,20.4
10,Ayutthaya,2025-06-08,June,93.1,76.5,0.421,77,84.7,0.421,Yes,9.8,20.4
10,Ayutthaya,2025-06-09,June,91.6,77.9,0.224,84,83,0.224,Yes,10.3,21.7
10,Ayutthaya,2025-06-10,June,90.9,79.3,0.031,76,84.4,0.031,Yes,8.9,20.8
10,Ayutthaya,2025-06-11,June,87.7,79,0.11,80,82,0.11,Yes,8.5,22.4
10,Ayutthaya,2025-06-12,June,91.9,78.7,0.764,81,82.3,0.764,Yes,8.8,20.1
10,Ayutthaya,2025-06-13,June,87.6,78.6,0.866,86,81.2,0.866,Yes,11.7,25.5
10,Ayutthaya,2025-06-14,June,87.7,77.9,0.382,86,81.6,0.382,Yes,10.5,28
10,Ayutthaya,2025-06-15,June,87.8,77.6,0.059,84,81.9,0.059,Yes,11.3,26.2
10,Ayutthaya,2025-06-16,June,90.8,78,0,74,83.8,0,No,9.5,20.8
10,Ayutthaya,2025-06-17,June,92,79.2,0.098,71,85.2,0.098,Yes,9.6,22.6
10,Ayutthaya,2025-06-18,June,96,78.7,0.252,73,84.9,0.252,Yes,11.1,22.8
10,Ayutthaya,2025-06-19,June,92.8,78.1,0.252,73,84.4,0.252,Yes,9.2,19.9
10,Ayutthaya,2025-06-20,June,92.1,78.3,0.091,74,83.9,0.091,Yes,7.8,21
10,Ayutthaya,2025-06-21,June,94.8,76.9,0.315,75,84,0.315,Yes,9.2,20.8
10,Ayutthaya,2025-06-22,June,93.5,76.6,0.669,78,83.7,0.669,Yes,12.4,27.3
10,Ayutthaya,2025-06-23,June,94.1,77.1,0.13,76,83.3,0.13,Yes,12.6,27.7
10,Ayutthaya,2025-06-24,June,91,78.4,0.098,75,84,0.098,Yes,11.5,25.1
10,Ayutthaya,2025-06-25,June,93.8,79,0.496,78,83.5,0.496,Yes,9.6,23.9
10,Ayutthaya,2025-06-26,June,91.3,76.1,0.319,76,83.1,0.319,Yes,10.6,25.5
10,Ayutthaya,2025-06-27,June,94,76,0.343,80,81.6,0.343,Yes,10.5,23.5
10,Ayutthaya,2025-06-28,June,88.2,75.7,0.315,78,81.1,0.315,Yes,11.2,23.7
10,Ayutthaya,2025-06-29,June,92.4,75.9,0.465,85,80.3,0.465,Yes,11,23.5
10,Ayutthaya,2025-06-30,June,86.7,76.8,0.134,79,81.4,0.134,Yes,11.7,24.6
10,Ayutthaya,2025-07-01,July,89.9,76.3,0.26,82,81.2,0.26,Yes,9.7,23.5
10,Ayutthaya,2025-07-02,July,86.2,76.3,0.764,86,79.8,0.764,Yes,9.3,26.2
10,Ayutthaya,2025-07-03,July,86.5,76.6,0.087,82,80.9,0.087,Yes,7.6,17.9
10,Ayutthaya,2025-07-04,July,89.1,77.8,0.114,76,82.9,0.114,Yes,9,23.7
10,Ayutthaya,2025-07-05,July,93.7,78.4,0.276,73,83.5,0.276,Yes,11.7,25.5
10,Ayutthaya,2025-07-06,July,87.4,77.9,0.24,77,82.6,0.24,Yes,8.8,23.3
10,Ayutthaya,2025-07-07,July,90.5,78.4,0.067,79,83.1,0.067,Yes,10.9,24.4
10,Ayutthaya,2025-07-08,July,88.6,77.1,0.39,85,81.1,0.39,Yes,10.2,23.3
10,Ayutthaya,2025-07-09,July,89.2,78,0.051,76,83.2,0.051,Yes,12.6,29.5
10,Ayutthaya,2025-07-10,July,91.9,79.1,0.043,75,84.3,0.043,Yes,10.8,24.2
10,Ayutthaya,2025-07-11,July,90,79,0.012,69,84.1,0.012,Yes,12.8,29.5
10,Ayutthaya,2025-07-12,July,94.3,77.1,0.102,72,84.3,0.102,Yes,11.3,23.5
10,Ayutthaya,2025-07-13,July,92.7,78.8,0.496,79,83.8,0.496,Yes,8.6,21.9
10,Ayutthaya,2025-07-14,July,90.1,78.2,0.957,84,82.6,0.957,Yes,8.2,24.2
10,Ayutthaya,2025-07-15,July,92.8,78.8,0.618,83,83.8,0.618,Yes,13.6,27.1
10,Ayutthaya,2025-07-16,July,90,76.3,0.299,86,81.1,0.299,Yes,8.5,18.3
10,Ayutthaya,2025-07-17,July,89.8,77,0.394,88,80.7,0.394,Yes,8.4,21
10,Ayutthaya,2025-07-18,July,87.7,76.4,0.343,84,81.6,0.343,Yes,9.1,23.7
10,Ayutthaya,2025-07-19,July,89.9,77.5,0.5,82,81.6,0.5,Yes,10.2,23.9
10,Ayutthaya,2025-07-20,July,89.1,76.7,0.37,84,80.7,0.37,Yes,14,31.3
10,Ayutthaya,2025-07-21,July,87.3,76.6,0.165,86,80.3,0.165,Yes,11.3,28.6
10,Ayutthaya,2025-07-22,July,82,76.2,0.744,93,78.6,0.744,Yes,10.7,24.8
10,Ayutthaya,2025-07-23,July,86.2,76.9,0.268,87,80.6,0.268,Yes,14,30.2
10,Ayutthaya,2025-07-24,July,88.6,78.3,0.039,76,83.3,0.039,Yes,11.9,29.1
10,Ayutthaya,2025-07-25,July,92.8,78.9,0.016,72,85,0.016,Yes,11.5,28.9
10,Ayutthaya,2025-07-26,July,91.1,77.1,0.689,84,82.2,0.689,Yes,10.6,25.9
10,Ayutthaya,2025-07-27,July,90,77.7,0.008,78,83.4,0.008,Yes,11.9,26.4
10,Ayutthaya,2025-07-28,July,86.5,77.4,0.504,85,81.6,0.504,Yes,10.5,22.4
10,Ayutthaya,2025-07-29,July,89.5,77.7,0.35,78,83.4,0.35,Yes,12.2,27.3
10,Ayutthaya,2025-07-30,July,90.1,77.5,0.016,79,82.9,0.016,Yes,11.9,25.3
10,Ayutthaya,2025-07-31,July,94,78.2,0.028,71,85.4,0.028,Yes,11.4,25.9
10,Ayutthaya,2025-08-01,August,96.3,79.5,0.008,68,86.7,0.008,Yes,11.3,21.9
10,Ayutthaya,2025-08-02,August,95.7,79.4,0.031,68,87.2,0.031,Yes,9.1,20.6
10,Ayutthaya,2025-08-03,August,97.6,79.8,0.031,70,86.9,0.031,Yes,10.1,22.8
10,Ayutthaya,2025-08-04,August,97.5,80.4,0.016,66,87.9,0.016,Yes,9.5,19.5
10,Ayutthaya,2025-08-05,August,96.4,79.7,0.189,71,86.2,0.189,Yes,11.1,24.6
10,Ayutthaya,2025-08-06,August,93.4,75.8,0.654,82,82,0.654,Yes,13.2,27.7
10,Ayutthaya,2025-08-07,August,91.1,76.8,0.445,86,81.6,0.445,Yes,10.1,22.6
10,Ayutthaya,2025-08-08,August,93.6,77.4,0.035,77,84.1,0.035,Yes,7.9,17
10,Ayutthaya,2025-08-09,August,94.3,78.9,0.051,69,85.5,0.051,Yes,9.5,24.6
10,Ayutthaya,2025-08-10,August,95.5,78.6,0.224,68,85.9,0.224,Yes,10.5,23.7
10,Ayutthaya,2025-08-11,August,90.4,76.8,0.618,80,81.7,0.618,Yes,10,20.1
10,Ayutthaya,2025-08-12,August,92,76.7,0.331,82,82,0.331,Yes,9.8,22.6
10,Ayutthaya,2025-08-13,August,92,77.8,0.055,73,83.2,0.055,Yes,9.8,22.6
10,Ayutthaya,2025-08-14,August,94.6,76.7,0.248,75,83.8,0.248,Yes,10.3,21
10,Ayutthaya,2025-08-15,August,93.1,76.6,1.173,83,81.4,1.173,Yes,9.4,19.2
10,Ayutthaya,2025-08-16,August,88.3,76,0.382,87,79.8,0.382,Yes,10.1,22.8
10,Ayutthaya,2025-08-17,August,84.8,76.5,0.055,81,79.9,0.055,Yes,6.9,15.4
10,Ayutthaya,2025-08-18,August,93.3,76.5,0.248,75,82.8,0.248,Yes,9.7,23
10,Ayutthaya,2025-08-19,August,90.1,76.5,0.118,78,82.4,0.118,Yes,12.5,25.9
10,Ayutthaya,2025-08-20,August,95.8,76.8,0.122,71,84.9,0.122,Yes,12.8,23.9
10,Ayutthaya,2025-08-21,August,97.1,75.5,0.626,77,83.5,0.626,Yes,10.5,23.7
10,Ayutthaya,2025-08-22,August,88.2,76,1.181,85,80.4,1.181,Yes,8.1,19.2
10,Ayutthaya,2025-08-23,August,88.4,75.7,0.839,83,80.3,0.839,Yes,10,20.8
10,Ayutthaya,2025-08-24,August,89.1,76.1,0.791,83,81,0.791,Yes,8.9,23.5
10,Ayutthaya,2025-08-25,August,90.3,76.9,0.571,81,81.2,0.571,Yes,10.5,22.6
10,Ayutthaya,2025-08-26,August,87.4,75.6,0.701,85,79.7,0.701,Yes,12.7,27.1
10,Ayutthaya,2025-08-27,August,86.7,76.6,0.008,77,81.4,0.008,Yes,10.9,26.6
10,Ayutthaya,2025-08-28,August,90.1,76.1,0.063,78,81.8,0.063,Yes,11.1,23.9
10,Ayutthaya,2025-08-29,August,92.8,77.7,0.004,66,84.9,0.004,Yes,9.1,19.5
10,Ayutthaya,2025-08-30,August,93.2,76.9,0.11,71,84.3,0.11,Yes,8.4,19.2
10,Ayutthaya,2025-08-31,August,87.9,74.8,0.094,81,81,0.094,Yes,10.8,22.8
10,Ayutthaya,2025-09-01,September,93.7,76.6,0.583,80,82.9,0.583,Yes,9.7,21.7
10,Ayutthaya,2025-09-02,September,91,76.8,0.213,78,82.9,0.213,Yes,8.5,18.6
10,Ayutthaya,2025-09-03,September,93.9,76.9,0.524,78,83,0.524,Yes,8.6,21.5
10,Ayutthaya,2025-09-04,September,88,76.7,0.394,86,81.3,0.394,Yes,6.3,14.8
10,Ayutthaya,2025-09-05,September,89.4,76.7,0.165,87,81.2,0.165,Yes,6.7,17
10,Ayutthaya,2025-09-06,September,89.6,76.2,0.748,87,81.6,0.748,Yes,6.9,12.8
10,Ayutthaya,2025-09-07,September,88.5,75.4,0.764,88,80.3,0.764,Yes,7.1,15.9
10,Ayutthaya,2025-09-08,September,87.6,76.3,0.673,91,79.2,0.673,Yes,12,23.7
10,Ayutthaya,2025-09-09,September,87.4,75.8,1.327,89,79.6,1.327,Yes,11.4,24.8
10,Ayutthaya,2025-09-10,September,86.3,75,0.059,86,80.2,0.059,Yes,7.8,16.3
10,Ayutthaya,2025-09-11,September,89.2,76.7,0.028,84,82.2,0.028,Yes,6.5,18.8
10,Ayutthaya,2025-09-12,September,89.9,76.5,0.358,88,81.9,0.358,Yes,5.9,13.4
10,Ayutthaya,2025-09-13,September,90.7,76.1,0.614,85,82,0.614,Yes,9.4,19
10,Ayutthaya,2025-09-14,September,88.3,75.6,0.213,87,80.6,0.213,Yes,6.2,14.5
10,Ayutthaya,2025-09-15,September,89.3,75.3,0.075,82,81.5,0.075,Yes,8.6,17.9
10,Ayutthaya,2025-09-16,September,90.1,76.5,0.004,78,82.9,0.004,Yes,7.2,13.4
10,Ayutthaya,2025-09-17,September,90.6,76.6,0.457,84,81.9,0.457,Yes,8,16.8
10,Ayutthaya,2025-09-18,September,89.2,76.1,0.236,85,80.9,0.236,Yes,6.5,15.7
10,Ayutthaya,2025-09-19,September,87,76.9,0.319,86,80.8,0.319,Yes,8.2,17.7
10,Ayutthaya,2025-09-20,September,89,77.3,0.531,88,81.1,0.531,Yes,8.7,23.7
10,Ayutthaya,2025-09-21,September,89,77.5,0.283,80,82.5,0.283,Yes,9.9,23.3
10,Ayutthaya,2025-09-22,September,88.6,78.1,0.043,78,82.3,0.043,Yes,10.4,25.3
10,Ayutthaya,2025-09-23,September,88.9,76.4,0.866,86,80.5,0.866,Yes,10.1,25.9
10,Ayutthaya,2025-09-24,September,87.3,76.9,0.563,82,81,0.563,Yes,9.2,22.4
10,Ayutthaya,2025-09-25,September,87.9,77.1,0.185,81,81.9,0.185,Yes,9.7,23.3
10,Ayutthaya,2025-09-26,September,85.7,76,0.949,87,80.4,0.949,Yes,10.3,20.1
10,Ayutthaya,2025-09-27,September,85.8,75.1,0.173,89,78.9,0.173,Yes,7.2,15.4
10,Ayutthaya,2025-09-28,September,89.4,76.5,0.449,87,80.8,0.449,Yes,7.5,14.1
10,Ayutthaya,2025-09-29,September,89.7,77.7,0.693,85,81.4,0.693,Yes,13.4,25.3
10,Ayutthaya,2025-09-30,September,86.4,75.5,0.744,88,79.8,0.744,Yes,11.4,25.3
10,Ayutthaya,2025-10-01,October,87.8,76.6,0.031,84,81.7,0.031,Yes,7.4,16.6
10,Ayutthaya,2025-10-02,October,90.8,75.6,0.343,84,82.3,0.343,Yes,8.7,17
10,Ayutthaya,2025-10-03,October,90.6,76.3,0.028,84,82.3,0.028,Yes,9.2,15
10,Ayutthaya,2025-10-04,October,87.9,76.4,0.047,85,81.4,0.047,Yes,5.2,13.2
10,Ayutthaya,2025-10-05,October,89.3,75.7,0.008,81,82.2,0.008,Yes,9.8,21
10,Ayutthaya,2025-10-06,October,92.1,77.2,0.476,82,82.5,0.476,Yes,10.7,22.8
10,Ayutthaya,2025-10-07,October,91.6,76.4,0.047,81,82.1,0.047,Yes,9.2,19.5
10,Ayutthaya,2025-10-08,October,90.9,76.3,0.575,83,81.9,0.575,Yes,9.7,20.1
10,Ayutthaya,2025-10-09,October,89.3,76.5,0.134,87,81.3,0.134,Yes,9.5,20.4
10,Ayutthaya,2025-10-10,October,90.6,76.5,0.366,84,81.7,0.366,Yes,9,20.1
10,Ayutthaya,2025-10-11,October,87.4,75.7,0.803,85,81.3,0.803,Yes,6.8,20.4
10,Ayutthaya,2025-10-12,October,88.8,76.4,0.102,86,81.5,0.102,Yes,6.2,14.1
10,Ayutthaya,2025-10-13,October,89.8,76.3,0.65,87,81.1,0.65,Yes,5.9,20.1
10,Ayutthaya,2025-10-14,October,86.2,75.7,0.094,89,79.7,0.094,Yes,5.2,12.5
10,Ayutthaya,2025-10-15,October,89.2,76.6,0.165,85,81.5,0.165,Yes,4.8,11.9
10,Ayutthaya,2025-10-16,October,90.7,77.5,0.185,84,82.1,0.185,Yes,9,19
10,Ayutthaya,2025-10-17,October,91.2,76.7,0.264,80,83.1,0.264,Yes,8.9,19.2
10,Ayutthaya,2025-10-18,October,92.5,75.9,0.055,78,83.3,0.055,Yes,10.3,23.9
10,Ayutthaya,2025-10-19,October,91.4,78,0.114,73,84.1,0.114,Yes,12.1,25.3
10,Ayutthaya,2025-10-20,October,93.5,77.7,0.004,70,84.9,0.004,Yes,10.9,22.4
10,Ayutthaya,2025-10-21,October,93.8,78.1,0.012,63,85.1,0.012,Yes,9.9,22.1
10,Ayutthaya,2025-10-22,October,93.2,77.3,0,61,83.9,0,No,11.1,23.3
10,Ayutthaya,2025-10-23,October,90.3,77.5,0,58,83.2,0,No,14.8,30.6
10,Ayutthaya,2025-10-24,October,91.4,78.2,0,58,84.3,0,No,13.4,26.2
10,Ayutthaya,2025-10-25,October,92.2,78.2,0.008,63,84.2,0.008,Yes,11.9,24.6
10,Ayutthaya,2025-10-26,October,93.4,78.6,0.004,59,85,0.004,Yes,13.6,29.3
10,Ayutthaya,2025-10-27,October,91.3,77.1,0.047,64,82.9,0.047,Yes,9.9,21
10,Ayutthaya,2025-10-28,October,90,78.2,0.02,68,83.2,0.02,Yes,10.9,24.8
10,Ayutthaya,2025-10-29,October,94.6,79.1,0.063,67,85.1,0.063,Yes,12.8,26.6
10,Ayutthaya,2025-10-30,October,83.9,75.5,0.791,85,79.7,0.791,Yes,12.4,27.1
10,Ayutthaya,2025-10-31,October,88.6,75.5,1.917,86,80.8,1.917,Yes,9.4,16.8
10,Ayutthaya,2025-11-01,November,86.6,75.6,0.697,90,78.9,0.697,Yes,8,16.6
10,Ayutthaya,2025-11-02,November,87.4,75.4,0.866,88,79.7,0.866,Yes,5.3,10.7
10,Ayutthaya,2025-11-03,November,87.5,75.3,0.65,86,79.6,0.65,Yes,6.5,15.4
10,Ayutthaya,2025-11-04,November,85.3,75.1,0.024,78,79.4,0.024,Yes,9,16.3
10,Ayutthaya,2025-11-05,November,85.6,76.8,0.031,78,80.3,0.031,Yes,7.7,17
10,Ayutthaya,2025-11-06,November,88.4,76.8,0.02,79,82,0.02,Yes,9.1,19.9
10,Ayutthaya,2025-11-07,November,86.5,75.8,0.035,84,80.8,0.035,Yes,8.5,16.3
10,Ayutthaya,2025-11-08,November,88,76.3,0.02,80,80.9,0.02,Yes,6,13.9
10,Ayutthaya,2025-11-09,November,90.8,76.4,0.067,82,83.1,0.067,Yes,8.2,16.8
10,Ayutthaya,2025-11-10,November,88.8,75.9,0.161,87,80.9,0.161,Yes,6.7,15.7
10,Ayutthaya,2025-11-11,November,92.2,77.3,0.008,78,83.9,0.008,Yes,5.1,10.7
10,Ayutthaya,2025-11-12,November,92.1,77,0.118,82,83.1,0.118,Yes,7.4,16.3
10,Ayutthaya,2025-11-13,November,90.6,76.6,0.177,82,81.1,0.177,Yes,7.9,19.2
10,Ayutthaya,2025-11-14,November,91.2,73.8,0.004,60,81.8,0.004,Yes,9.5,19.7
10,Ayutthaya,2025-11-15,November,88.3,75,0,56,80.8,0,No,14.7,30.4
10,Ayutthaya,2025-11-16,November,90.5,76.5,0,61,82.4,0,No,13.7,29.1
10,Ayutthaya,2025-11-17,November,88.1,76.6,0.028,71,80.9,0.028,Yes,14.1,30.9
10,Ayutthaya,2025-11-18,November,87.1,74.8,0.094,67,80.8,0.094,Yes,14.1,28.9
10,Ayutthaya,2025-11-19,November,85.4,71.6,0,56,77.8,0,No,18.1,35.6
10,Ayutthaya,2025-11-20,November,81.1,71.9,0,56,76,0,No,17,33.8
10,Ayutthaya,2025-11-21,November,81.1,72,0,52,76.1,0,No,17.8,35.6
10,Ayutthaya,2025-11-22,November,86.9,72.5,0,52,78.8,0,No,16.5,32.4
10,Ayutthaya,2025-11-23,November,88.3,73.1,0,56,80.7,0,No,15.2,31.1
10,Ayutthaya,2025-11-24,November,91,74.4,0,55,82.2,0,No,14.8,30.9
10,Ayutthaya,2025-11-25,November,86.5,71.7,0,51,79.1,0,No,15.3,31.1
10,Ayutthaya,2025-11-26,November,85.6,69.8,0,52,77.1,0,No,15.4,31.8
10,Ayutthaya,2025-11-27,November,83.6,63.3,0,48,74,0,No,16.5,33.6
10,Ayutthaya,2025-11-28,November,81.9,64,0,43,71.5,0,No,14.6,30.2
10,Ayutthaya,2025-11-29,November,84.7,64.4,0,53,73.2,0,No,11.4,24.4
10,Ayutthaya,2025-11-30,November,87.4,65.6,0,58,75.8,0,No,7.9,18.3
10,Ayutthaya,2025-12-01,December,89.8,68.4,0,60,78.7,0,No,7,16.1
10,Ayutthaya,2025-12-02,December,91.5,71.1,0,63,81.1,0,No,7.1,13.4
10,Ayutthaya,2025-12-03,December,93,74.4,0,59,84.1,0,No,10.6,19
10,Ayutthaya,2025-12-04,December,90.9,77,0.016,58,83.4,0.016,Yes,13.4,28
10,Ayutthaya,2025-12-05,December,88.1,75.8,0.496,79,79.5,0.496,Yes,13.3,24.6
10,Ayutthaya,2025-12-06,December,91,73.5,0.02,61,82.1,0.02,Yes,11,23.3
10,Ayutthaya,2025-12-07,December,92.6,73.6,0,56,82.5,0,No,10.8,23.5
10,Ayutthaya,2025-12-08,December,89.1,72.2,0,50,79.9,0,No,13.1,27.5
10,Ayutthaya,2025-12-09,December,87.2,71.7,0,53,78.9,0,No,13.2,27.1
10,Ayutthaya,2025-12-10,December,88.2,72.4,0,55,80.2,0,No,13.6,28.4
10,Ayutthaya,2025-12-11,December,80.2,72.5,0.004,78,75,0.004,Yes,10.2,21.3
10,Ayutthaya,2025-12-12,December,85.4,71.6,0,79,78.1,0,No,9.3,22.4
10,Ayutthaya,2025-12-13,December,88.4,73.8,0.051,81,78.8,0.051,Yes,10.5,22.8
10,Ayutthaya,2025-12-14,December,88.4,73.9,0,62,80.9,0,No,13.8,27.3
10,Ayutthaya,2025-12-15,December,88.2,73.6,0,62,80.3,0,No,9.5,19.9
10,Ayutthaya,2025-12-16,December,90.7,74.7,0,61,81.9,0,No,10.8,23
10,Ayutthaya,2025-12-17,December,90.3,75.1,0,60,82.2,0,No,12.4,22.4
10,Ayutthaya,2025-12-18,December,88.5,73.6,0.004,61,80.4,0.004,Yes,10.9,21.3
10,Ayutthaya,2025-12-19,December,90.1,70.5,0,59,79.9,0,No,11.7,24.6
10,Ayutthaya,2025-12-20,December,91.6,70.6,0,51,80,0,No,7.8,17.2
10,Ayutthaya,2025-12-21,December,88.8,73.4,0,58,79.7,0,No,12.6,26.4
10,Ayutthaya,2025-12-22,December,90.6,74.2,0,65,81.3,0,No,10.6,22.8
10,Ayutthaya,2025-12-23,December,90.1,74.2,0,65,82,0,No,6,12.5
10,Ayutthaya,2025-12-24,December,92,74.6,0,62,82.2,0,No,6.8,12.1
10,Ayutthaya,2025-12-25,December,92.7,74.7,0,51,83.6,0,No,13.2,24.2
10,Ayutthaya,2025-12-26,December,88.6,72.8,0,57,80.4,0,No,11.9,22.8
10,Ayutthaya,2025-12-27,December,88.8,71.7,0,58,79.4,0,No,11.8,25.1
10,Ayutthaya,2025-12-28,December,89.5,69,0,57,79.4,0,No,9.1,19.2
10,Ayutthaya,2025-12-29,December,89.3,68.3,0,59,78.9,0,No,6.3,15.7
10,Ayutthaya,2025-12-30,December,88.4,67.6,0,63,78,0,No,5.2,12.5
10,Ayutthaya,2025-12-31,December,88.5,68.2,0,66,77.8,0,No,5.2,12.8